TransactionID,UserID,CourseID,TransactionDate
T00001,U01164,C003,2023-01-01 08:34:01
T00002,U01440,C022,2023-01-01 08:49:10
T00003,U01941,C027,2023-01-01 10:26:45
T00004,U01912,C001,2023-01-01 10:30:32
T00005,U01618,C022,2023-01-01 11:47:17
T00006,U00615,C013,2023-01-01 12:15:09
T00007,U00886,C047,2023-01-01 14:39:13
T00008,U02367,C012,2023-01-01 20:11:07
T00009,U01475,C048,2023-01-01 22:00:31
T00010,U00372,C023,2023-01-01 22:18:40
T00011,U00006,C020,2023-01-01 23:09:03
T00012,U02695,C031,2023-01-02 08:08:26
T00013,U02023,C034,2023-01-02 09:37:56
T00014,U01854,C013,2023-01-02 14:48:38
T00015,U00956,C048,2023-01-02 14:54:24
T00016,U02913,C041,2023-01-03 08:21:58
T00017,U00838,C034,2023-01-03 09:34:12
T00018,U00275,C050,2023-01-03 11:16:30
T00019,U01893,C048,2023-01-03 17:27:39
T00020,U01671,C018,2023-01-03 19:51:51
T00021,U00132,C026,2023-01-03 20:05:22
T00022,U01900,C034,2023-01-03 23:11:57
T00023,U00159,C032,2023-01-04 10:46:04
T00024,U01190,C037,2023-01-04 11:01:14
T00025,U00731,C009,2023-01-04 12:07:23
T00026,U00463,C047,2023-01-04 16:49:03
T00027,U00803,C009,2023-01-04 18:18:23
T00028,U00423,C019,2023-01-04 19:05:37
T00029,U01838,C019,2023-01-04 20:35:01
T00030,U00398,C045,2023-01-05 11:52:33
T00031,U00125,C045,2023-01-05 13:37:54
T00032,U02531,C020,2023-01-05 17:11:20
T00033,U01795,C014,2023-01-05 17:38:26
T00034,U00385,C027,2023-01-05 23:58:30
T00035,U01849,C012,2023-01-06 08:03:41
T00036,U00423,C045,2023-01-06 08:39:32
T00037,U01270,C003,2023-01-06 13:36:45
T00038,U01822,C046,2023-01-06 14:52:51
T00039,U01024,C026,2023-01-06 16:49:07
T00040,U02059,C028,2023-01-06 18:26:47
T00041,U02238,C012,2023-01-06 20:33:49
T00042,U01088,C027,2023-01-06 21:12:17
T00043,U00248,C012,2023-01-06 22:26:10
T00044,U00362,C015,2023-01-06 22:55:39
T00045,U00595,C039,2023-01-07 08:37:02
T00046,U02504,C001,2023-01-07 12:17:05
T00047,U02441,C027,2023-01-07 13:23:16
T00048,U01136,C006,2023-01-07 17:57:19
T00049,U00217,C032,2023-01-07 22:43:29
T00050,U00331,C006,2023-01-08 10:07:42
T00051,U01589,C002,2023-01-08 10:20:55
T00052,U01969,C009,2023-01-08 10:24:08
T00053,U01504,C031,2023-01-08 12:24:38
T00054,U00689,C002,2023-01-08 14:10:38
T00055,U01795,C034,2023-01-08 17:13:27
T00056,U02250,C003,2023-01-08 17:56:38
T00057,U01031,C014,2023-01-08 19:45:26
T00058,U00140,C047,2023-01-08 21:41:52
T00059,U02783,C041,2023-01-08 23:28:40
T00060,U01563,C004,2023-01-08 23:46:37
T00061,U02004,C021,2023-01-08 23:56:31
T00062,U00899,C011,2023-01-09 09:58:58
T00063,U01358,C014,2023-01-09 12:17:46
T00064,U01035,C025,2023-01-09 12:21:23
T00065,U02600,C022,2023-01-09 13:09:36
T00066,U02294,C022,2023-01-09 13:43:06
T00067,U00455,C009,2023-01-09 15:46:43
T00068,U02094,C013,2023-01-09 17:47:25
T00069,U01906,C038,2023-01-09 21:35:44
T00070,U00683,C044,2023-01-09 23:30:01
T00071,U02953,C014,2023-01-10 08:01:51
T00072,U01786,C048,2023-01-10 10:09:36
T00073,U02239,C019,2023-01-10 12:05:42
T00074,U00649,C013,2023-01-10 13:20:47
T00075,U01211,C009,2023-01-10 13:38:17
T00076,U00847,C037,2023-01-10 14:27:49
T00077,U02312,C028,2023-01-10 14:59:36
T00078,U02751,C032,2023-01-10 19:44:35
T00079,U02558,C048,2023-01-10 21:31:36
T00080,U00348,C041,2023-01-11 08:35:17
T00081,U01351,C031,2023-01-11 11:59:14
T00082,U01077,C016,2023-01-11 20:26:35
T00083,U01563,C008,2023-01-11 23:02:49
T00084,U01039,C017,2023-01-11 23:48:12
T00085,U01302,C009,2023-01-12 08:14:26
T00086,U00191,C010,2023-01-12 08:36:33
T00087,U00539,C007,2023-01-12 10:32:25
T00088,U01470,C015,2023-01-12 14:19:27
T00089,U00467,C003,2023-01-12 16:49:28
T00090,U02449,C010,2023-01-12 18:45:40
T00091,U02216,C021,2023-01-12 19:14:40
T00092,U02341,C020,2023-01-12 19:22:46
T00093,U01703,C038,2023-01-12 20:48:34
T00094,U01077,C019,2023-01-12 23:34:34
T00095,U00589,C012,2023-01-13 08:11:24
T00096,U01892,C013,2023-01-13 11:27:22
T00097,U00070,C004,2023-01-13 12:26:53
T00098,U00329,C038,2023-01-13 12:48:08
T00099,U00367,C006,2023-01-13 13:45:46
T00100,U01822,C014,2023-01-13 14:59:38
T00101,U00815,C040,2023-01-13 16:46:11
T00102,U02150,C014,2023-01-13 16:53:33
T00103,U00625,C015,2023-01-13 17:01:41
T00104,U00414,C028,2023-01-13 18:50:55
T00105,U02029,C012,2023-01-13 22:42:25
T00106,U01253,C011,2023-01-13 22:54:42
T00107,U01688,C048,2023-01-13 23:08:54
T00108,U00958,C031,2023-01-13 23:40:53
T00109,U00659,C035,2023-01-14 09:47:04
T00110,U01963,C027,2023-01-14 11:17:52
T00111,U02932,C037,2023-01-14 11:22:12
T00112,U01964,C015,2023-01-14 13:15:50
T00113,U02750,C024,2023-01-14 14:28:36
T00114,U01149,C006,2023-01-14 14:39:41
T00115,U02377,C032,2023-01-14 16:36:00
T00116,U00867,C042,2023-01-14 17:25:39
T00117,U00685,C031,2023-01-14 18:35:04
T00118,U02702,C047,2023-01-14 19:08:36
T00119,U02400,C031,2023-01-14 20:11:18
T00120,U02702,C001,2023-01-14 20:14:20
T00121,U01778,C009,2023-01-15 08:19:24
T00122,U02690,C006,2023-01-15 08:29:21
T00123,U00126,C019,2023-01-15 12:59:20
T00124,U01606,C009,2023-01-15 13:23:56
T00125,U02795,C014,2023-01-15 13:42:49
T00126,U02739,C021,2023-01-15 16:52:31
T00127,U02330,C038,2023-01-15 18:07:29
T00128,U01575,C025,2023-01-15 18:40:04
T00129,U02393,C022,2023-01-15 19:33:32
T00130,U00578,C040,2023-01-15 22:14:35
T00131,U02412,C006,2023-01-15 23:09:16
T00132,U01847,C003,2023-01-16 10:52:13
T00133,U00638,C046,2023-01-16 12:27:54
T00134,U01675,C019,2023-01-16 13:01:35
T00135,U00877,C006,2023-01-16 13:18:07
T00136,U00960,C039,2023-01-16 15:44:47
T00137,U02049,C050,2023-01-16 16:50:05
T00138,U00710,C048,2023-01-16 20:49:12
T00139,U02284,C012,2023-01-16 21:26:03
T00140,U01818,C003,2023-01-16 23:29:38
T00141,U00979,C020,2023-01-16 23:41:44
T00142,U00975,C013,2023-01-17 10:49:29
T00143,U00441,C003,2023-01-17 11:38:11
T00144,U02811,C028,2023-01-17 12:44:25
T00145,U02178,C043,2023-01-17 12:48:26
T00146,U00108,C002,2023-01-17 13:44:37
T00147,U02792,C031,2023-01-17 13:45:00
T00148,U01236,C032,2023-01-17 17:14:02
T00149,U02760,C009,2023-01-17 18:43:51
T00150,U02969,C008,2023-01-17 20:02:08
T00151,U01374,C037,2023-01-17 20:45:08
T00152,U01743,C048,2023-01-17 22:30:58
T00153,U02366,C038,2023-01-18 09:29:45
T00154,U00701,C007,2023-01-18 11:55:13
T00155,U00679,C022,2023-01-18 12:41:15
T00156,U02290,C046,2023-01-18 15:37:41
T00157,U01573,C039,2023-01-18 16:16:38
T00158,U02899,C007,2023-01-18 18:55:48
T00159,U02183,C026,2023-01-18 20:25:56
T00160,U02791,C003,2023-01-18 21:26:01
T00161,U01509,C009,2023-01-18 22:10:59
T00162,U01180,C046,2023-01-19 08:41:50
T00163,U00749,C007,2023-01-19 09:19:24
T00164,U00137,C004,2023-01-19 11:24:16
T00165,U00682,C028,2023-01-19 12:30:27
T00166,U02834,C026,2023-01-19 14:52:28
T00167,U02382,C011,2023-01-19 15:53:11
T00168,U01524,C006,2023-01-19 17:01:14
T00169,U00066,C039,2023-01-19 17:10:04
T00170,U01394,C003,2023-01-19 18:09:51
T00171,U00414,C047,2023-01-19 18:29:31
T00172,U02784,C027,2023-01-19 18:49:47
T00173,U00769,C001,2023-01-19 19:12:05
T00174,U01208,C003,2023-01-20 12:29:56
T00175,U02724,C037,2023-01-20 13:16:26
T00176,U02965,C020,2023-01-20 13:26:41
T00177,U01650,C048,2023-01-20 16:22:52
T00178,U02699,C012,2023-01-20 19:20:44
T00179,U01345,C008,2023-01-20 19:43:41
T00180,U01983,C027,2023-01-20 22:58:24
T00181,U02477,C034,2023-01-21 10:52:18
T00182,U01479,C017,2023-01-21 11:50:11
T00183,U01890,C033,2023-01-21 14:34:40
T00184,U01832,C043,2023-01-21 16:12:45
T00185,U00242,C012,2023-01-21 16:22:01
T00186,U02101,C038,2023-01-21 19:06:24
T00187,U01884,C015,2023-01-21 19:35:59
T00188,U02235,C048,2023-01-21 21:01:21
T00189,U00575,C019,2023-01-21 21:07:48
T00190,U00188,C013,2023-01-22 09:44:33
T00191,U00081,C039,2023-01-22 16:56:46
T00192,U01552,C013,2023-01-22 17:06:59
T00193,U00207,C022,2023-01-22 17:12:02
T00194,U01966,C047,2023-01-22 20:08:10
T00195,U02244,C032,2023-01-22 22:59:06
T00196,U02229,C021,2023-01-23 09:15:28
T00197,U02308,C001,2023-01-23 09:20:09
T00198,U00078,C037,2023-01-23 11:52:11
T00199,U01319,C032,2023-01-23 16:05:15
T00200,U01269,C037,2023-01-23 17:59:25
T00201,U00092,C033,2023-01-23 18:17:03
T00202,U01067,C003,2023-01-23 20:43:56
T00203,U02103,C041,2023-01-23 23:48:15
T00204,U02340,C048,2023-01-24 08:50:35
T00205,U00985,C013,2023-01-24 09:33:57
T00206,U01575,C038,2023-01-24 10:36:05
T00207,U02977,C013,2023-01-24 10:36:07
T00208,U02132,C027,2023-01-24 12:39:28
T00209,U01124,C010,2023-01-24 14:03:13
T00210,U01985,C012,2023-01-24 16:03:01
T00211,U02683,C019,2023-01-24 21:57:39
T00212,U00571,C002,2023-01-25 08:33:13
T00213,U01690,C004,2023-01-25 13:45:27
T00214,U01820,C025,2023-01-25 14:50:49
T00215,U00394,C005,2023-01-25 17:13:33
T00216,U00267,C032,2023-01-25 18:01:09
T00217,U00122,C009,2023-01-25 18:35:03
T00218,U01589,C006,2023-01-25 18:59:14
T00219,U00435,C006,2023-01-25 19:02:02
T00220,U02004,C016,2023-01-25 20:37:13
T00221,U01473,C021,2023-01-25 20:51:51
T00222,U01420,C047,2023-01-25 23:22:19
T00223,U02379,C006,2023-01-25 23:40:14
T00224,U00704,C042,2023-01-25 23:46:55
T00225,U00122,C035,2023-01-26 08:47:16
T00226,U02132,C016,2023-01-26 10:27:46
T00227,U02301,C014,2023-01-26 11:47:08
T00228,U00849,C014,2023-01-26 12:09:21
T00229,U02716,C007,2023-01-26 12:54:49
T00230,U01718,C019,2023-01-26 16:26:44
T00231,U01430,C031,2023-01-26 16:54:12
T00232,U01715,C016,2023-01-26 17:00:57
T00233,U00983,C022,2023-01-26 18:07:02
T00234,U00919,C044,2023-01-26 20:37:19
T00235,U02340,C008,2023-01-26 20:40:33
T00236,U00957,C031,2023-01-26 22:20:09
T00237,U01910,C025,2023-01-27 08:07:33
T00238,U01747,C031,2023-01-27 09:29:26
T00239,U02135,C005,2023-01-27 10:05:44
T00240,U02601,C020,2023-01-27 11:26:31
T00241,U02449,C048,2023-01-27 14:02:24
T00242,U00642,C036,2023-01-27 18:44:25
T00243,U02668,C017,2023-01-27 20:15:53
T00244,U01663,C042,2023-01-27 20:54:16
T00245,U00919,C017,2023-01-27 21:48:56
T00246,U01870,C003,2023-01-27 23:04:46
T00247,U02795,C035,2023-01-28 09:03:28
T00248,U02095,C026,2023-01-28 11:15:57
T00249,U02986,C026,2023-01-28 14:48:13
T00250,U01627,C005,2023-01-28 15:44:33
T00251,U01671,C028,2023-01-28 16:27:23
T00252,U02032,C016,2023-01-28 16:33:25
T00253,U01325,C003,2023-01-28 18:04:28
T00254,U02122,C016,2023-01-28 18:56:28
T00255,U00562,C003,2023-01-28 21:02:12
T00256,U02807,C007,2023-01-28 22:26:07
T00257,U00377,C002,2023-01-28 23:08:07
T00258,U00940,C030,2023-01-29 08:40:52
T00259,U00907,C038,2023-01-29 12:52:50
T00260,U00198,C038,2023-01-29 13:06:13
T00261,U02858,C023,2023-01-29 17:07:53
T00262,U01373,C015,2023-01-29 21:07:11
T00263,U00331,C027,2023-01-29 21:27:23
T00264,U02977,C016,2023-01-30 09:31:18
T00265,U00020,C017,2023-01-30 11:50:18
T00266,U01609,C036,2023-01-30 13:10:06
T00267,U02097,C049,2023-01-30 13:40:31
T00268,U02188,C028,2023-01-30 15:30:55
T00269,U02442,C002,2023-01-30 15:32:20
T00270,U00468,C045,2023-01-30 16:09:44
T00271,U00402,C003,2023-01-30 17:01:36
T00272,U01943,C004,2023-01-30 18:20:01
T00273,U02270,C002,2023-01-30 18:48:31
T00274,U00453,C011,2023-01-30 21:00:18
T00275,U00433,C045,2023-01-30 23:54:46
T00276,U02882,C022,2023-01-31 08:47:50
T00277,U02709,C030,2023-01-31 15:48:38
T00278,U01050,C041,2023-01-31 15:52:13
T00279,U00096,C037,2023-01-31 15:54:29
T00280,U02253,C029,2023-01-31 21:32:31
T00281,U00517,C044,2023-01-31 23:47:48
T00282,U00356,C032,2023-02-01 11:11:20
T00283,U02335,C020,2023-02-01 11:13:10
T00284,U02416,C027,2023-02-01 12:06:17
T00285,U01667,C046,2023-02-01 14:09:00
T00286,U00172,C003,2023-02-01 15:33:25
T00287,U02322,C019,2023-02-01 22:48:33
T00288,U01919,C044,2023-02-01 23:32:31
T00289,U00646,C047,2023-02-01 23:55:53
T00290,U02185,C031,2023-02-02 09:52:27
T00291,U01413,C044,2023-02-02 10:22:40
T00292,U01208,C018,2023-02-02 11:47:07
T00293,U02598,C033,2023-02-02 14:07:50
T00294,U01360,C034,2023-02-02 15:46:04
T00295,U02943,C013,2023-02-02 17:50:09
T00296,U02968,C011,2023-02-02 19:52:44
T00297,U02436,C049,2023-02-02 20:01:06
T00298,U02987,C004,2023-02-02 20:29:15
T00299,U00522,C028,2023-02-02 23:09:55
T00300,U01718,C018,2023-02-03 08:26:52
T00301,U01948,C019,2023-02-03 14:20:22
T00302,U01654,C037,2023-02-03 15:20:53
T00303,U01510,C004,2023-02-03 21:26:26
T00304,U02321,C045,2023-02-03 22:00:11
T00305,U00453,C014,2023-02-03 22:24:43
T00306,U01500,C009,2023-02-03 22:54:47
T00307,U01880,C038,2023-02-04 12:38:21
T00308,U00041,C014,2023-02-04 13:54:36
T00309,U00534,C036,2023-02-04 17:48:36
T00310,U02431,C013,2023-02-04 19:16:51
T00311,U01472,C011,2023-02-04 21:11:10
T00312,U00606,C003,2023-02-04 21:12:31
T00313,U01077,C045,2023-02-04 23:34:34
T00314,U02555,C036,2023-02-05 11:14:41
T00315,U02228,C024,2023-02-05 11:27:17
T00316,U02271,C041,2023-02-05 11:56:43
T00317,U01786,C031,2023-02-05 15:49:05
T00318,U00477,C048,2023-02-05 20:04:50
T00319,U01441,C032,2023-02-05 21:14:53
T00320,U01964,C013,2023-02-06 08:20:54
T00321,U02121,C044,2023-02-06 14:04:09
T00322,U02344,C042,2023-02-06 15:29:07
T00323,U01924,C006,2023-02-06 17:40:15
T00324,U02505,C024,2023-02-07 10:28:03
T00325,U00163,C012,2023-02-07 13:11:36
T00326,U01368,C007,2023-02-07 14:45:11
T00327,U02920,C038,2023-02-07 15:37:20
T00328,U00358,C025,2023-02-07 16:38:36
T00329,U02265,C023,2023-02-07 20:10:36
T00330,U02098,C027,2023-02-07 21:36:21
T00331,U01065,C047,2023-02-08 09:06:34
T00332,U02476,C047,2023-02-08 09:58:01
T00333,U00141,C031,2023-02-08 10:36:52
T00334,U01338,C009,2023-02-08 11:05:26
T00335,U00343,C006,2023-02-08 11:57:20
T00336,U00889,C032,2023-02-08 12:21:11
T00337,U01980,C026,2023-02-08 12:28:55
T00338,U02321,C038,2023-02-08 13:28:04
T00339,U00248,C009,2023-02-08 13:54:01
T00340,U01019,C001,2023-02-08 14:30:42
T00341,U00838,C004,2023-02-08 18:12:43
T00342,U00518,C028,2023-02-08 18:22:57
T00343,U02274,C030,2023-02-08 18:37:15
T00344,U02452,C043,2023-02-08 18:54:14
T00345,U02796,C032,2023-02-08 22:48:27
T00346,U01693,C009,2023-02-09 09:35:03
T00347,U01536,C009,2023-02-09 10:51:03
T00348,U00356,C038,2023-02-09 12:46:01
T00349,U00157,C002,2023-02-09 18:56:30
T00350,U00287,C034,2023-02-09 19:29:00
T00351,U01214,C014,2023-02-10 16:31:13
T00352,U02592,C031,2023-02-10 19:45:12
T00353,U00023,C027,2023-02-10 20:02:25
T00354,U00004,C012,2023-02-10 21:10:03
T00355,U02529,C021,2023-02-10 21:33:03
T00356,U02942,C045,2023-02-10 22:01:37
T00357,U01713,C004,2023-02-11 08:02:59
T00358,U02600,C021,2023-02-11 10:51:55
T00359,U02347,C042,2023-02-11 10:56:47
T00360,U01488,C036,2023-02-11 11:24:32
T00361,U00500,C022,2023-02-11 15:06:15
T00362,U00751,C013,2023-02-11 15:31:32
T00363,U00869,C034,2023-02-11 16:56:40
T00364,U02153,C020,2023-02-11 17:46:10
T00365,U00706,C048,2023-02-11 19:01:28
T00366,U01143,C038,2023-02-11 20:07:12
T00367,U00768,C011,2023-02-11 20:52:38
T00368,U01750,C046,2023-02-11 22:19:57
T00369,U01482,C041,2023-02-11 23:29:23
T00370,U02880,C013,2023-02-12 14:27:31
T00371,U01202,C009,2023-02-12 14:44:04
T00372,U00487,C004,2023-02-12 14:48:02
T00373,U00223,C025,2023-02-12 15:55:16
T00374,U02625,C002,2023-02-12 17:32:05
T00375,U00180,C014,2023-02-12 20:38:36
T00376,U02271,C026,2023-02-13 10:59:53
T00377,U02068,C036,2023-02-13 12:59:33
T00378,U00372,C003,2023-02-13 13:07:57
T00379,U01886,C003,2023-02-13 14:45:00
T00380,U00642,C031,2023-02-13 14:45:24
T00381,U01619,C035,2023-02-13 18:51:55
T00382,U00069,C026,2023-02-14 12:13:44
T00383,U02472,C003,2023-02-14 15:15:36
T00384,U02115,C045,2023-02-14 15:59:36
T00385,U00253,C035,2023-02-14 17:28:40
T00386,U00453,C017,2023-02-14 18:33:43
T00387,U02776,C007,2023-02-14 18:42:16
T00388,U01608,C028,2023-02-14 21:02:34
T00389,U00748,C021,2023-02-14 21:43:10
T00390,U02302,C027,2023-02-15 09:24:47
T00391,U02907,C041,2023-02-15 09:42:08
T00392,U02411,C036,2023-02-15 11:25:21
T00393,U01997,C031,2023-02-15 15:14:52
T00394,U00218,C020,2023-02-15 15:43:44
T00395,U02760,C004,2023-02-15 16:37:56
T00396,U01922,C012,2023-02-15 17:12:52
T00397,U01273,C011,2023-02-15 18:48:14
T00398,U00841,C009,2023-02-15 20:25:52
T00399,U01952,C032,2023-02-16 08:43:59
T00400,U00909,C012,2023-02-16 08:55:32
T00401,U00225,C033,2023-02-16 10:43:42
T00402,U01611,C003,2023-02-16 16:08:20
T00403,U01271,C006,2023-02-16 16:08:44
T00404,U00168,C004,2023-02-16 16:53:47
T00405,U01922,C034,2023-02-16 18:33:43
T00406,U01759,C035,2023-02-16 18:54:05
T00407,U01643,C026,2023-02-16 20:02:38
T00408,U01862,C021,2023-02-16 20:46:20
T00409,U01786,C012,2023-02-17 10:00:46
T00410,U00059,C037,2023-02-17 13:20:40
T00411,U01397,C005,2023-02-17 15:03:49
T00412,U01852,C028,2023-02-17 15:37:31
T00413,U02554,C026,2023-02-17 17:04:04
T00414,U02833,C031,2023-02-17 19:24:18
T00415,U02730,C041,2023-02-18 09:09:56
T00416,U01291,C022,2023-02-18 09:15:31
T00417,U00883,C041,2023-02-18 10:01:26
T00418,U01805,C022,2023-02-18 11:04:20
T00419,U02653,C001,2023-02-18 13:00:18
T00420,U00105,C032,2023-02-18 14:07:59
T00421,U02907,C025,2023-02-18 15:30:31
T00422,U02044,C003,2023-02-18 16:10:42
T00423,U02647,C032,2023-02-18 17:14:36
T00424,U00666,C022,2023-02-18 21:05:48
T00425,U00273,C009,2023-02-18 22:15:47
T00426,U01211,C003,2023-02-18 23:33:27
T00427,U02047,C012,2023-02-19 08:15:04
T00428,U02794,C035,2023-02-19 09:20:51
T00429,U02188,C018,2023-02-19 12:26:02
T00430,U00342,C045,2023-02-19 14:50:44
T00431,U02393,C017,2023-02-19 15:36:28
T00432,U01910,C011,2023-02-19 16:37:33
T00433,U02280,C008,2023-02-19 18:02:01
T00434,U02625,C009,2023-02-19 18:11:48
T00435,U00614,C046,2023-02-19 22:17:59
T00436,U01782,C012,2023-02-19 22:58:42
T00437,U02771,C019,2023-02-20 10:56:25
T00438,U01711,C003,2023-02-20 13:32:23
T00439,U01441,C004,2023-02-20 14:17:56
T00440,U00935,C003,2023-02-20 20:46:53
T00441,U01919,C027,2023-02-20 20:48:55
T00442,U02089,C041,2023-02-20 22:33:18
T00443,U01800,C021,2023-02-20 22:56:29
T00444,U02350,C014,2023-02-21 08:26:14
T00445,U02434,C009,2023-02-21 13:09:18
T00446,U00497,C038,2023-02-21 13:10:50
T00447,U01085,C013,2023-02-21 13:17:05
T00448,U02115,C048,2023-02-21 16:00:27
T00449,U02376,C014,2023-02-21 16:37:15
T00450,U01054,C011,2023-02-21 16:55:40
T00451,U01235,C028,2023-02-21 17:50:54
T00452,U02000,C045,2023-02-21 18:19:05
T00453,U02533,C038,2023-02-21 18:22:05
T00454,U01323,C003,2023-02-21 22:29:01
T00455,U01646,C005,2023-02-21 22:36:55
T00456,U00502,C017,2023-02-21 22:46:12
T00457,U01215,C012,2023-02-21 23:47:19
T00458,U00080,C026,2023-02-22 09:00:54
T00459,U02860,C011,2023-02-22 13:27:59
T00460,U02682,C016,2023-02-22 13:42:00
T00461,U01165,C017,2023-02-22 14:01:20
T00462,U00076,C048,2023-02-22 16:41:14
T00463,U00989,C020,2023-02-22 19:17:08
T00464,U01012,C038,2023-02-22 19:56:46
T00465,U01881,C025,2023-02-22 21:56:07
T00466,U01186,C046,2023-02-22 22:31:54
T00467,U01721,C009,2023-02-22 23:04:11
T00468,U02285,C041,2023-02-22 23:45:21
T00469,U01238,C001,2023-02-23 17:11:36
T00470,U01660,C049,2023-02-23 17:58:32
T00471,U00105,C021,2023-02-23 20:13:29
T00472,U01331,C013,2023-02-24 08:06:38
T00473,U01866,C022,2023-02-24 08:19:49
T00474,U02340,C004,2023-02-24 12:59:21
T00475,U02569,C016,2023-02-24 15:53:15
T00476,U02243,C038,2023-02-24 18:43:10
T00477,U00810,C014,2023-02-25 09:31:14
T00478,U00625,C029,2023-02-25 09:53:47
T00479,U00400,C020,2023-02-25 10:21:29
T00480,U00296,C045,2023-02-25 14:33:06
T00481,U02999,C041,2023-02-25 15:17:26
T00482,U01570,C038,2023-02-25 16:35:33
T00483,U01240,C007,2023-02-25 21:06:08
T00484,U01289,C046,2023-02-25 21:16:12
T00485,U01374,C022,2023-02-25 23:53:51
T00486,U02597,C030,2023-02-26 10:30:19
T00487,U00704,C004,2023-02-26 11:09:41
T00488,U02961,C027,2023-02-26 12:21:11
T00489,U01298,C041,2023-02-26 15:01:59
T00490,U01212,C009,2023-02-26 16:15:04
T00491,U01800,C016,2023-02-26 18:59:50
T00492,U00365,C037,2023-02-27 13:27:18
T00493,U00490,C007,2023-02-27 13:39:44
T00494,U02409,C009,2023-02-27 21:06:14
T00495,U02919,C012,2023-02-27 21:13:27
T00496,U02915,C004,2023-02-27 22:20:40
T00497,U01017,C042,2023-02-27 22:42:53
T00498,U00910,C022,2023-02-27 23:19:41
T00499,U02304,C044,2023-02-27 23:25:33
T00500,U00602,C031,2023-02-28 08:20:24
T00501,U00118,C045,2023-02-28 08:24:09
T00502,U01958,C003,2023-02-28 10:45:58
T00503,U02492,C026,2023-02-28 11:30:33
T00504,U01379,C003,2023-02-28 13:34:13
T00505,U02077,C020,2023-02-28 14:31:35
T00506,U02801,C033,2023-02-28 15:27:35
T00507,U00895,C032,2023-02-28 15:39:05
T00508,U02138,C044,2023-02-28 17:48:18
T00509,U00082,C026,2023-02-28 18:11:07
T00510,U00287,C012,2023-02-28 20:46:11
T00511,U01203,C019,2023-02-28 23:03:13
T00512,U02685,C044,2023-02-28 23:13:04
T00513,U02717,C014,2023-03-01 15:36:03
T00514,U02855,C004,2023-03-01 16:28:29
T00515,U00474,C011,2023-03-01 20:57:06
T00516,U01630,C024,2023-03-01 21:25:37
T00517,U01274,C018,2023-03-01 21:59:04
T00518,U01900,C035,2023-03-01 22:18:54
T00519,U00343,C004,2023-03-01 23:55:38
T00520,U01468,C035,2023-03-02 08:14:56
T00521,U02489,C006,2023-03-02 08:23:49
T00522,U02987,C047,2023-03-02 11:39:00
T00523,U00636,C004,2023-03-02 13:36:07
T00524,U01875,C003,2023-03-02 14:51:17
T00525,U01705,C004,2023-03-02 17:49:43
T00526,U01330,C032,2023-03-02 19:30:18
T00527,U01739,C035,2023-03-03 08:24:00
T00528,U02682,C028,2023-03-03 10:39:55
T00529,U00290,C026,2023-03-03 12:39:18
T00530,U01053,C010,2023-03-03 16:11:16
T00531,U01472,C002,2023-03-03 20:43:33
T00532,U02426,C001,2023-03-03 21:27:31
T00533,U01876,C009,2023-03-03 21:35:44
T00534,U01340,C007,2023-03-03 23:47:06
T00535,U01203,C001,2023-03-04 08:42:13
T00536,U02534,C013,2023-03-04 09:31:40
T00537,U00732,C039,2023-03-04 09:59:57
T00538,U01912,C011,2023-03-04 10:36:10
T00539,U00238,C020,2023-03-04 14:09:51
T00540,U02353,C036,2023-03-04 17:02:15
T00541,U01011,C045,2023-03-04 20:13:59
T00542,U00376,C012,2023-03-04 20:52:04
T00543,U00340,C041,2023-03-05 09:16:10
T00544,U00048,C002,2023-03-05 09:37:45
T00545,U01427,C019,2023-03-05 11:02:23
T00546,U00450,C006,2023-03-05 11:03:10
T00547,U01207,C021,2023-03-05 16:27:10
T00548,U00325,C012,2023-03-05 20:28:48
T00549,U01878,C036,2023-03-05 22:22:49
T00550,U01151,C003,2023-03-06 08:27:00
T00551,U00180,C013,2023-03-06 08:56:46
T00552,U02928,C025,2023-03-06 19:32:14
T00553,U01154,C012,2023-03-06 20:49:16
T00554,U02512,C029,2023-03-06 22:15:05
T00555,U01862,C047,2023-03-06 22:25:38
T00556,U00813,C003,2023-03-07 08:23:00
T00557,U02436,C004,2023-03-07 10:11:17
T00558,U02822,C041,2023-03-07 11:24:18
T00559,U00819,C026,2023-03-07 12:56:59
T00560,U02895,C012,2023-03-07 12:58:28
T00561,U02051,C009,2023-03-07 13:33:52
T00562,U02559,C031,2023-03-07 14:42:12
T00563,U01208,C026,2023-03-07 15:01:57
T00564,U01956,C038,2023-03-07 15:17:23
T00565,U01878,C016,2023-03-07 17:09:52
T00566,U02786,C008,2023-03-07 20:47:19
T00567,U00545,C006,2023-03-07 22:14:01
T00568,U00888,C046,2023-03-07 23:06:45
T00569,U02657,C015,2023-03-08 09:06:00
T00570,U02895,C004,2023-03-08 10:13:44
T00571,U02263,C029,2023-03-08 11:21:25
T00572,U01441,C018,2023-03-08 14:11:18
T00573,U01239,C003,2023-03-08 14:16:08
T00574,U00870,C032,2023-03-08 14:58:31
T00575,U01327,C004,2023-03-08 15:07:41
T00576,U01790,C047,2023-03-08 20:20:40
T00577,U02818,C038,2023-03-08 21:27:37
T00578,U02816,C019,2023-03-08 22:17:40
T00579,U02481,C044,2023-03-08 22:53:48
T00580,U00217,C017,2023-03-09 08:30:07
T00581,U00043,C049,2023-03-09 08:55:49
T00582,U02532,C045,2023-03-09 09:21:21
T00583,U00628,C012,2023-03-09 10:52:49
T00584,U00718,C004,2023-03-09 11:09:45
T00585,U00887,C007,2023-03-09 11:22:20
T00586,U02231,C028,2023-03-09 13:04:00
T00587,U01325,C034,2023-03-09 13:16:49
T00588,U02075,C013,2023-03-09 13:37:35
T00589,U01168,C025,2023-03-09 16:25:06
T00590,U01583,C044,2023-03-09 17:00:39
T00591,U01748,C029,2023-03-09 19:13:25
T00592,U00543,C002,2023-03-09 21:46:57
T00593,U00123,C038,2023-03-09 22:53:14
T00594,U00043,C012,2023-03-10 08:30:58
T00595,U01380,C007,2023-03-10 08:51:24
T00596,U02202,C026,2023-03-10 10:59:53
T00597,U01708,C043,2023-03-10 13:41:20
T00598,U00955,C026,2023-03-10 14:47:07
T00599,U02087,C033,2023-03-10 15:31:31
T00600,U02632,C003,2023-03-10 16:08:15
T00601,U00898,C016,2023-03-10 16:20:41
T00602,U02999,C032,2023-03-10 21:01:28
T00603,U00193,C029,2023-03-10 21:41:37
T00604,U00621,C045,2023-03-10 21:57:23
T00605,U00734,C004,2023-03-10 23:36:19
T00606,U00294,C006,2023-03-11 09:52:39
T00607,U01798,C007,2023-03-11 10:20:37
T00608,U00819,C034,2023-03-11 12:50:12
T00609,U01414,C028,2023-03-11 16:35:34
T00610,U00394,C035,2023-03-11 17:11:07
T00611,U01281,C019,2023-03-11 19:22:39
T00612,U01798,C042,2023-03-11 22:00:47
T00613,U01806,C027,2023-03-12 08:19:40
T00614,U00446,C004,2023-03-12 09:21:05
T00615,U00627,C024,2023-03-12 10:59:52
T00616,U00728,C040,2023-03-12 11:44:13
T00617,U02185,C009,2023-03-12 13:27:36
T00618,U01468,C009,2023-03-12 13:49:15
T00619,U01891,C005,2023-03-12 14:11:52
T00620,U00668,C017,2023-03-12 15:33:27
T00621,U01146,C035,2023-03-12 17:53:57
T00622,U02522,C046,2023-03-12 18:43:00
T00623,U02115,C004,2023-03-12 19:59:22
T00624,U00760,C038,2023-03-12 20:22:53
T00625,U02914,C004,2023-03-12 20:51:16
T00626,U01922,C004,2023-03-12 21:17:16
T00627,U02643,C012,2023-03-12 21:25:43
T00628,U01922,C017,2023-03-12 21:42:42
T00629,U01116,C007,2023-03-12 22:41:34
T00630,U00373,C009,2023-03-13 08:38:56
T00631,U00361,C027,2023-03-13 08:59:17
T00632,U01551,C026,2023-03-13 13:31:00
T00633,U00930,C044,2023-03-13 15:30:31
T00634,U01228,C020,2023-03-13 18:53:39
T00635,U02345,C044,2023-03-13 19:24:19
T00636,U00489,C026,2023-03-13 20:49:10
T00637,U02607,C009,2023-03-13 21:25:12
T00638,U00362,C031,2023-03-13 23:44:20
T00639,U00267,C017,2023-03-14 09:34:01
T00640,U01252,C020,2023-03-14 11:33:06
T00641,U00179,C012,2023-03-14 12:03:10
T00642,U02093,C028,2023-03-14 15:28:12
T00643,U00891,C027,2023-03-14 15:32:37
T00644,U02998,C017,2023-03-14 16:51:54
T00645,U00384,C012,2023-03-14 18:49:00
T00646,U01192,C002,2023-03-14 19:52:57
T00647,U00659,C012,2023-03-14 20:05:25
T00648,U00972,C042,2023-03-14 20:31:19
T00649,U00332,C028,2023-03-14 22:39:09
T00650,U02668,C035,2023-03-14 23:55:51
T00651,U00898,C030,2023-03-15 09:33:50
T00652,U01333,C013,2023-03-15 09:38:30
T00653,U01278,C019,2023-03-15 09:51:08
T00654,U02456,C035,2023-03-15 10:53:27
T00655,U01486,C048,2023-03-15 11:08:46
T00656,U02659,C020,2023-03-15 13:45:05
T00657,U01871,C017,2023-03-15 14:04:25
T00658,U01628,C031,2023-03-15 14:17:03
T00659,U02531,C001,2023-03-15 15:24:58
T00660,U02549,C011,2023-03-15 17:49:46
T00661,U00312,C027,2023-03-15 19:56:37
T00662,U02510,C021,2023-03-15 22:10:13
T00663,U01481,C001,2023-03-16 08:21:59
T00664,U00563,C025,2023-03-16 09:30:07
T00665,U00068,C033,2023-03-16 09:38:03
T00666,U00599,C023,2023-03-16 10:58:44
T00667,U01900,C005,2023-03-16 13:02:18
T00668,U02292,C024,2023-03-16 18:30:02
T00669,U00506,C033,2023-03-16 21:47:55
T00670,U01418,C009,2023-03-17 08:20:04
T00671,U00250,C007,2023-03-17 14:10:25
T00672,U02669,C048,2023-03-17 16:06:52
T00673,U00847,C028,2023-03-17 21:13:28
T00674,U00362,C005,2023-03-17 22:56:15
T00675,U02762,C013,2023-03-17 23:32:38
T00676,U00431,C017,2023-03-17 23:42:27
T00677,U02951,C012,2023-03-18 08:00:21
T00678,U01852,C012,2023-03-18 08:22:44
T00679,U01193,C016,2023-03-18 08:59:44
T00680,U01193,C012,2023-03-18 09:16:56
T00681,U02742,C007,2023-03-18 09:56:23
T00682,U02323,C002,2023-03-18 11:08:50
T00683,U01485,C018,2023-03-18 11:22:46
T00684,U01385,C037,2023-03-18 15:00:02
T00685,U02956,C012,2023-03-18 20:36:02
T00686,U01552,C028,2023-03-18 22:21:40
T00687,U02731,C027,2023-03-18 22:56:18
T00688,U01993,C033,2023-03-19 10:14:29
T00689,U02243,C004,2023-03-19 10:25:43
T00690,U00599,C031,2023-03-19 10:55:19
T00691,U02288,C013,2023-03-19 11:05:51
T00692,U02313,C038,2023-03-19 14:47:26
T00693,U00797,C016,2023-03-19 14:57:36
T00694,U01938,C037,2023-03-19 16:51:31
T00695,U02922,C031,2023-03-19 16:55:20
T00696,U02179,C003,2023-03-19 17:08:33
T00697,U00997,C029,2023-03-19 17:37:52
T00698,U02577,C008,2023-03-19 21:06:49
T00699,U01851,C047,2023-03-19 23:01:42
T00700,U00675,C026,2023-03-19 23:19:39
T00701,U01655,C017,2023-03-19 23:40:11
T00702,U01060,C013,2023-03-20 12:04:27
T00703,U00674,C026,2023-03-20 13:13:11
T00704,U00661,C047,2023-03-20 13:24:49
T00705,U00509,C031,2023-03-20 14:08:22
T00706,U00967,C028,2023-03-20 14:47:41
T00707,U00213,C047,2023-03-20 17:21:07
T00708,U02835,C045,2023-03-20 17:27:28
T00709,U02771,C038,2023-03-20 19:34:05
T00710,U00580,C002,2023-03-20 23:43:06
T00711,U02322,C022,2023-03-20 23:46:07
T00712,U01511,C044,2023-03-21 08:20:39
T00713,U01931,C012,2023-03-21 12:11:07
T00714,U01042,C030,2023-03-21 12:18:02
T00715,U01509,C015,2023-03-21 13:25:18
T00716,U02179,C048,2023-03-21 21:47:02
T00717,U02324,C029,2023-03-21 22:33:32
T00718,U01380,C004,2023-03-22 10:49:45
T00719,U02503,C031,2023-03-22 11:34:43
T00720,U00014,C004,2023-03-22 13:13:51
T00721,U02135,C001,2023-03-22 14:30:51
T00722,U01985,C048,2023-03-22 14:40:33
T00723,U01814,C012,2023-03-22 15:13:20
T00724,U02154,C026,2023-03-22 15:56:26
T00725,U01441,C031,2023-03-22 16:44:28
T00726,U01720,C041,2023-03-22 20:02:44
T00727,U00639,C032,2023-03-22 22:58:15
T00728,U00273,C002,2023-03-23 09:12:29
T00729,U00828,C003,2023-03-23 09:13:14
T00730,U00205,C025,2023-03-23 10:04:16
T00731,U01852,C006,2023-03-23 10:37:56
T00732,U02815,C044,2023-03-23 12:37:55
T00733,U01340,C009,2023-03-23 12:55:02
T00734,U02710,C030,2023-03-23 13:09:14
T00735,U02188,C021,2023-03-23 14:14:41
T00736,U00871,C028,2023-03-23 14:32:02
T00737,U02146,C045,2023-03-23 20:46:02
T00738,U02597,C016,2023-03-23 20:55:38
T00739,U02933,C045,2023-03-23 22:08:00
T00740,U00902,C038,2023-03-23 23:04:12
T00741,U02182,C012,2023-03-24 08:02:12
T00742,U00919,C037,2023-03-24 10:06:40
T00743,U02588,C049,2023-03-24 11:04:26
T00744,U01212,C031,2023-03-24 11:17:14
T00745,U00089,C046,2023-03-24 15:42:55
T00746,U02025,C016,2023-03-24 17:59:45
T00747,U00432,C031,2023-03-24 21:35:52
T00748,U01925,C013,2023-03-24 22:34:21
T00749,U02479,C013,2023-03-24 23:17:26
T00750,U00682,C016,2023-03-25 08:07:10
T00751,U01997,C019,2023-03-25 08:27:30
T00752,U00744,C002,2023-03-25 08:55:33
T00753,U00011,C020,2023-03-25 09:09:48
T00754,U02412,C001,2023-03-25 11:39:06
T00755,U00342,C012,2023-03-25 16:03:29
T00756,U02607,C014,2023-03-25 17:38:49
T00757,U00863,C027,2023-03-25 18:58:36
T00758,U01346,C038,2023-03-25 21:18:20
T00759,U01697,C009,2023-03-25 22:45:54
T00760,U00013,C014,2023-03-25 23:36:56
T00761,U01050,C031,2023-03-26 11:00:41
T00762,U00554,C003,2023-03-26 13:34:20
T00763,U00687,C004,2023-03-26 14:30:22
T00764,U02439,C002,2023-03-26 15:47:48
T00765,U00554,C030,2023-03-26 18:52:54
T00766,U00162,C026,2023-03-26 20:14:57
T00767,U01344,C016,2023-03-26 21:18:48
T00768,U02751,C006,2023-03-26 21:51:58
T00769,U01525,C013,2023-03-26 22:43:18
T00770,U01858,C004,2023-03-27 08:13:53
T00771,U01244,C012,2023-03-27 12:25:42
T00772,U01919,C017,2023-03-27 12:30:21
T00773,U02253,C007,2023-03-27 12:53:53
T00774,U02251,C009,2023-03-27 13:01:59
T00775,U01515,C014,2023-03-27 15:43:38
T00776,U00142,C038,2023-03-27 16:26:24
T00777,U01422,C031,2023-03-27 16:43:07
T00778,U01895,C038,2023-03-27 20:02:31
T00779,U00989,C002,2023-03-27 21:04:35
T00780,U01516,C001,2023-03-27 22:32:41
T00781,U00674,C029,2023-03-28 10:47:38
T00782,U02406,C025,2023-03-28 12:48:33
T00783,U01624,C006,2023-03-28 13:25:52
T00784,U00828,C019,2023-03-28 14:28:55
T00785,U02322,C041,2023-03-28 14:31:45
T00786,U00041,C015,2023-03-28 14:54:14
T00787,U02714,C018,2023-03-28 16:06:15
T00788,U01340,C022,2023-03-28 21:01:44
T00789,U02956,C028,2023-03-28 23:56:04
T00790,U01193,C035,2023-03-29 09:07:03
T00791,U00557,C006,2023-03-29 11:26:29
T00792,U00241,C024,2023-03-29 11:28:47
T00793,U02982,C012,2023-03-29 15:17:34
T00794,U00710,C015,2023-03-29 17:05:02
T00795,U02864,C013,2023-03-29 17:26:20
T00796,U02875,C009,2023-03-29 18:40:45
T00797,U00705,C018,2023-03-29 21:49:49
T00798,U00332,C044,2023-03-29 22:02:59
T00799,U01208,C019,2023-03-29 22:11:17
T00800,U00086,C017,2023-03-29 23:51:36
T00801,U01499,C012,2023-03-30 08:21:21
T00802,U02988,C004,2023-03-30 10:24:36
T00803,U02829,C026,2023-03-30 11:35:22
T00804,U01261,C013,2023-03-30 12:01:18
T00805,U00354,C012,2023-03-30 12:27:58
T00806,U02778,C027,2023-03-30 13:54:09
T00807,U02933,C003,2023-03-30 16:48:17
T00808,U01614,C048,2023-03-30 17:56:39
T00809,U01380,C035,2023-03-30 18:58:22
T00810,U02683,C014,2023-03-30 20:29:34
T00811,U01223,C046,2023-03-30 23:07:17
T00812,U01616,C009,2023-03-31 09:50:12
T00813,U00520,C041,2023-03-31 10:12:57
T00814,U01917,C033,2023-03-31 10:35:05
T00815,U00560,C033,2023-03-31 11:14:08
T00816,U02239,C011,2023-03-31 13:11:14
T00817,U00443,C009,2023-03-31 13:16:50
T00818,U00709,C046,2023-03-31 17:26:25
T00819,U00853,C020,2023-03-31 20:18:13
T00820,U01044,C050,2023-03-31 20:35:49
T00821,U00735,C031,2023-03-31 22:48:28
T00822,U00329,C028,2023-03-31 23:35:12
T00823,U02804,C012,2023-04-01 08:25:57
T00824,U02072,C003,2023-04-01 09:08:04
T00825,U00395,C045,2023-04-01 09:49:12
T00826,U00048,C022,2023-04-01 14:21:46
T00827,U01795,C026,2023-04-01 16:52:22
T00828,U01276,C033,2023-04-01 17:14:12
T00829,U01457,C002,2023-04-01 20:37:01
T00830,U02299,C017,2023-04-01 22:46:18
T00831,U00823,C034,2023-04-01 23:13:46
T00832,U00283,C009,2023-04-02 12:16:57
T00833,U00238,C030,2023-04-02 12:30:51
T00834,U00760,C049,2023-04-02 14:37:53
T00835,U02136,C009,2023-04-02 18:24:43
T00836,U00833,C011,2023-04-02 18:27:28
T00837,U02664,C048,2023-04-02 18:28:48
T00838,U01241,C039,2023-04-02 19:29:22
T00839,U00618,C003,2023-04-03 08:16:50
T00840,U01482,C010,2023-04-03 09:56:38
T00841,U00343,C001,2023-04-03 10:11:12
T00842,U02518,C030,2023-04-03 13:27:05
T00843,U00132,C007,2023-04-03 15:56:13
T00844,U01523,C022,2023-04-03 16:36:17
T00845,U01598,C028,2023-04-03 17:53:04
T00846,U01043,C012,2023-04-03 20:31:43
T00847,U00423,C031,2023-04-03 20:54:08
T00848,U01750,C013,2023-04-03 21:03:12
T00849,U00264,C009,2023-04-03 21:25:15
T00850,U00683,C003,2023-04-03 22:37:15
T00851,U00142,C048,2023-04-03 22:40:25
T00852,U00657,C003,2023-04-04 08:18:43
T00853,U01864,C013,2023-04-04 15:04:39
T00854,U01951,C027,2023-04-04 15:24:38
T00855,U00618,C017,2023-04-04 16:42:35
T00856,U00329,C033,2023-04-04 23:25:41
T00857,U02592,C026,2023-04-05 09:57:49
T00858,U00583,C035,2023-04-05 18:12:38
T00859,U01985,C009,2023-04-05 19:01:28
T00860,U01584,C019,2023-04-05 21:09:16
T00861,U00186,C039,2023-04-05 21:33:26
T00862,U01440,C002,2023-04-06 08:13:40
T00863,U01174,C024,2023-04-06 08:45:21
T00864,U01614,C037,2023-04-06 11:15:14
T00865,U01247,C011,2023-04-06 11:47:37
T00866,U02077,C014,2023-04-06 15:03:27
T00867,U00776,C037,2023-04-06 16:58:26
T00868,U00177,C006,2023-04-06 18:46:07
T00869,U01803,C026,2023-04-06 23:09:17
T00870,U01357,C027,2023-04-07 11:45:45
T00871,U02388,C003,2023-04-07 13:06:05
T00872,U01744,C026,2023-04-07 13:24:16
T00873,U02668,C025,2023-04-07 15:04:54
T00874,U01484,C036,2023-04-07 19:26:01
T00875,U00623,C018,2023-04-07 21:13:09
T00876,U00650,C006,2023-04-07 22:03:12
T00877,U02189,C001,2023-04-07 22:16:37
T00878,U02536,C001,2023-04-07 22:43:24
T00879,U02782,C031,2023-04-08 11:33:20
T00880,U00372,C002,2023-04-08 12:12:00
T00881,U00906,C032,2023-04-08 13:30:28
T00882,U00206,C025,2023-04-08 13:40:31
T00883,U00530,C011,2023-04-08 13:45:34
T00884,U00616,C011,2023-04-08 14:01:15
T00885,U02796,C020,2023-04-08 15:54:14
T00886,U02825,C028,2023-04-08 22:02:25
T00887,U02097,C003,2023-04-09 08:09:01
T00888,U00932,C010,2023-04-09 08:24:38
T00889,U00154,C006,2023-04-09 10:16:06
T00890,U02017,C008,2023-04-09 10:29:38
T00891,U01158,C007,2023-04-09 11:06:09
T00892,U02779,C013,2023-04-09 11:45:23
T00893,U02061,C024,2023-04-09 12:53:06
T00894,U02766,C032,2023-04-09 14:50:43
T00895,U00045,C027,2023-04-09 16:40:20
T00896,U01734,C004,2023-04-09 22:01:55
T00897,U01500,C032,2023-04-09 23:13:34
T00898,U00436,C045,2023-04-09 23:44:05
T00899,U00721,C029,2023-04-09 23:46:26
T00900,U02508,C011,2023-04-10 08:46:03
T00901,U01327,C013,2023-04-10 09:11:43
T00902,U02933,C048,2023-04-10 10:01:03
T00903,U00180,C048,2023-04-10 17:05:13
T00904,U02191,C009,2023-04-10 22:05:56
T00905,U00098,C031,2023-04-10 22:07:06
T00906,U02476,C038,2023-04-10 23:45:24
T00907,U01411,C046,2023-04-11 12:30:04
T00908,U01791,C002,2023-04-11 13:30:18
T00909,U00561,C025,2023-04-11 14:08:05
T00910,U01001,C045,2023-04-11 16:03:58
T00911,U01150,C013,2023-04-11 18:33:10
T00912,U02962,C027,2023-04-11 22:51:53
T00913,U02125,C017,2023-04-11 22:59:05
T00914,U01878,C013,2023-04-11 23:43:34
T00915,U00841,C017,2023-04-12 08:30:41
T00916,U02693,C012,2023-04-12 09:10:07
T00917,U00904,C020,2023-04-12 12:05:11
T00918,U01629,C028,2023-04-12 17:13:59
T00919,U00053,C006,2023-04-12 18:23:16
T00920,U00495,C037,2023-04-12 18:39:51
T00921,U02690,C012,2023-04-12 23:41:34
T00922,U02650,C009,2023-04-12 23:50:15
T00923,U02342,C028,2023-04-13 08:51:59
T00924,U00881,C049,2023-04-13 09:38:00
T00925,U02434,C043,2023-04-13 13:48:51
T00926,U01924,C042,2023-04-13 14:38:50
T00927,U00266,C048,2023-04-13 16:18:41
T00928,U01232,C029,2023-04-13 17:39:35
T00929,U01011,C032,2023-04-13 17:59:59
T00930,U01962,C009,2023-04-13 21:57:10
T00931,U00776,C009,2023-04-13 22:20:00
T00932,U00649,C031,2023-04-13 23:48:09
T00933,U00120,C047,2023-04-14 09:44:50
T00934,U02009,C037,2023-04-14 10:59:50
T00935,U01066,C026,2023-04-14 12:22:41
T00936,U02151,C028,2023-04-14 14:24:45
T00937,U00045,C050,2023-04-14 16:16:41
T00938,U01024,C028,2023-04-14 16:44:15
T00939,U00933,C030,2023-04-14 18:23:43
T00940,U02284,C047,2023-04-14 18:55:49
T00941,U01150,C004,2023-04-14 21:14:06
T00942,U00177,C048,2023-04-14 23:43:30
T00943,U01685,C002,2023-04-14 23:46:07
T00944,U01910,C002,2023-04-15 08:19:56
T00945,U02031,C032,2023-04-15 08:40:23
T00946,U02541,C028,2023-04-15 09:05:20
T00947,U01992,C006,2023-04-15 09:19:00
T00948,U00378,C028,2023-04-15 10:30:46
T00949,U01606,C006,2023-04-15 11:50:10
T00950,U02127,C012,2023-04-15 12:03:33
T00951,U00012,C003,2023-04-15 15:35:03
T00952,U00732,C019,2023-04-15 17:56:18
T00953,U02217,C047,2023-04-15 20:48:55
T00954,U01480,C048,2023-04-15 20:55:43
T00955,U01133,C020,2023-04-15 22:53:54
T00956,U01131,C039,2023-04-16 08:35:50
T00957,U00910,C042,2023-04-16 10:26:56
T00958,U02192,C044,2023-04-16 12:34:50
T00959,U00352,C049,2023-04-16 12:37:34
T00960,U02189,C022,2023-04-16 13:25:48
T00961,U01110,C032,2023-04-16 13:59:18
T00962,U01715,C027,2023-04-16 15:42:52
T00963,U01803,C034,2023-04-16 18:12:01
T00964,U01341,C013,2023-04-16 20:57:27
T00965,U00428,C044,2023-04-16 21:34:13
T00966,U01916,C025,2023-04-16 21:41:55
T00967,U02284,C049,2023-04-16 21:50:48
T00968,U00687,C038,2023-04-16 22:14:32
T00969,U02422,C021,2023-04-16 23:23:15
T00970,U02962,C037,2023-04-16 23:56:11
T00971,U02445,C048,2023-04-17 10:28:28
T00972,U01925,C002,2023-04-17 12:16:38
T00973,U02709,C042,2023-04-17 15:53:45
T00974,U02664,C006,2023-04-17 16:08:09
T00975,U01908,C037,2023-04-17 16:30:04
T00976,U02358,C025,2023-04-17 16:30:53
T00977,U00814,C032,2023-04-17 19:02:01
T00978,U02673,C013,2023-04-17 20:14:36
T00979,U02736,C014,2023-04-17 22:04:46
T00980,U01251,C012,2023-04-17 23:39:44
T00981,U01629,C048,2023-04-18 10:03:48
T00982,U00466,C028,2023-04-18 11:02:04
T00983,U01938,C021,2023-04-18 11:06:15
T00984,U00519,C003,2023-04-18 11:30:45
T00985,U00792,C016,2023-04-18 11:39:48
T00986,U01071,C032,2023-04-18 13:43:27
T00987,U02692,C019,2023-04-18 17:12:01
T00988,U00402,C028,2023-04-18 17:40:57
T00989,U00709,C003,2023-04-18 17:46:47
T00990,U02426,C046,2023-04-18 21:03:20
T00991,U02043,C047,2023-04-18 23:01:06
T00992,U01622,C026,2023-04-19 08:34:08
T00993,U01053,C020,2023-04-19 08:34:42
T00994,U00765,C003,2023-04-19 08:43:11
T00995,U01910,C018,2023-04-19 12:20:58
T00996,U00248,C013,2023-04-19 12:46:15
T00997,U00887,C012,2023-04-19 13:00:25
T00998,U02233,C044,2023-04-19 15:55:52
T00999,U00985,C046,2023-04-19 17:42:34
T01000,U01242,C004,2023-04-19 22:01:58
T01001,U01429,C002,2023-04-20 12:05:26
T01002,U02336,C022,2023-04-20 13:02:07
T01003,U02654,C008,2023-04-20 15:27:27
T01004,U02247,C047,2023-04-20 16:15:27
T01005,U00633,C034,2023-04-20 21:23:11
T01006,U01350,C009,2023-04-20 23:28:14
T01007,U00497,C032,2023-04-21 08:31:32
T01008,U00593,C003,2023-04-21 09:25:16
T01009,U00070,C044,2023-04-21 11:32:46
T01010,U00842,C002,2023-04-21 12:55:25
T01011,U01616,C002,2023-04-21 13:00:09
T01012,U02047,C026,2023-04-21 16:11:07
T01013,U00543,C046,2023-04-21 21:08:53
T01014,U01777,C022,2023-04-21 21:21:02
T01015,U00225,C009,2023-04-21 23:39:00
T01016,U00173,C006,2023-04-21 23:56:38
T01017,U01512,C026,2023-04-22 08:47:38
T01018,U02289,C003,2023-04-22 08:56:02
T01019,U00166,C028,2023-04-22 09:42:13
T01020,U01822,C031,2023-04-22 11:18:46
T01021,U02924,C002,2023-04-22 11:50:06
T01022,U01013,C004,2023-04-22 12:26:07
T01023,U00904,C004,2023-04-22 14:15:32
T01024,U00492,C028,2023-04-22 14:17:03
T01025,U01174,C003,2023-04-22 14:29:36
T01026,U02333,C037,2023-04-22 14:30:17
T01027,U02782,C002,2023-04-22 16:35:34
T01028,U01489,C031,2023-04-22 16:46:41
T01029,U00632,C022,2023-04-22 18:28:30
T01030,U00349,C026,2023-04-22 18:57:25
T01031,U02774,C030,2023-04-22 18:59:55
T01032,U00156,C018,2023-04-22 19:51:20
T01033,U00602,C037,2023-04-22 20:20:36
T01034,U02099,C037,2023-04-22 21:16:44
T01035,U02406,C027,2023-04-22 22:38:36
T01036,U00689,C010,2023-04-22 23:06:50
T01037,U00066,C012,2023-04-23 09:19:18
T01038,U01094,C014,2023-04-23 09:20:05
T01039,U01498,C033,2023-04-23 10:39:18
T01040,U00011,C014,2023-04-23 11:05:42
T01041,U01067,C026,2023-04-23 11:31:10
T01042,U00191,C006,2023-04-23 11:33:00
T01043,U02664,C022,2023-04-23 14:13:44
T01044,U01674,C046,2023-04-23 15:46:22
T01045,U02214,C032,2023-04-23 16:05:18
T01046,U02663,C020,2023-04-23 16:49:25
T01047,U01337,C003,2023-04-23 16:50:18
T01048,U02383,C046,2023-04-23 17:37:36
T01049,U02256,C012,2023-04-23 18:43:29
T01050,U01035,C032,2023-04-23 19:47:49
T01051,U02774,C003,2023-04-23 21:13:02
T01052,U02535,C038,2023-04-24 11:56:14
T01053,U02788,C009,2023-04-24 12:11:04
T01054,U01265,C046,2023-04-24 14:22:57
T01055,U00634,C046,2023-04-24 15:58:05
T01056,U02651,C004,2023-04-24 19:39:22
T01057,U00306,C042,2023-04-24 20:00:46
T01058,U00847,C009,2023-04-24 22:54:35
T01059,U02372,C002,2023-04-24 22:59:16
T01060,U01573,C050,2023-04-25 08:08:07
T01061,U02587,C032,2023-04-25 09:16:05
T01062,U01638,C020,2023-04-25 09:24:53
T01063,U02508,C043,2023-04-25 10:40:25
T01064,U01487,C037,2023-04-25 16:22:29
T01065,U01309,C011,2023-04-25 17:55:41
T01066,U01037,C035,2023-04-25 20:05:56
T01067,U01452,C028,2023-04-25 21:46:25
T01068,U01805,C027,2023-04-25 23:38:18
T01069,U01543,C044,2023-04-26 09:20:50
T01070,U01009,C017,2023-04-26 09:27:31
T01071,U00150,C046,2023-04-26 12:07:02
T01072,U02464,C022,2023-04-26 12:53:30
T01073,U00613,C028,2023-04-26 14:26:25
T01074,U01918,C014,2023-04-26 16:25:17
T01075,U02167,C041,2023-04-27 08:51:01
T01076,U02330,C027,2023-04-27 10:22:53
T01077,U00657,C028,2023-04-27 11:25:23
T01078,U00874,C037,2023-04-27 11:45:58
T01079,U00818,C011,2023-04-27 13:33:51
T01080,U01630,C036,2023-04-27 14:15:53
T01081,U00928,C026,2023-04-27 14:16:57
T01082,U02301,C009,2023-04-27 14:53:04
T01083,U02814,C013,2023-04-27 16:42:27
T01084,U01882,C006,2023-04-27 16:59:35
T01085,U00750,C021,2023-04-27 18:16:24
T01086,U01798,C045,2023-04-27 19:44:43
T01087,U00584,C004,2023-04-27 20:07:14
T01088,U01250,C003,2023-04-28 12:14:57
T01089,U02823,C026,2023-04-28 13:07:53
T01090,U02369,C041,2023-04-28 14:07:35
T01091,U00105,C027,2023-04-28 14:45:21
T01092,U01850,C041,2023-04-28 15:09:55
T01093,U00996,C037,2023-04-28 15:24:06
T01094,U00024,C019,2023-04-28 18:44:15
T01095,U00768,C014,2023-04-28 19:24:11
T01096,U02498,C042,2023-04-29 12:01:05
T01097,U02581,C001,2023-04-29 14:04:35
T01098,U00112,C044,2023-04-29 15:17:25
T01099,U01019,C003,2023-04-29 16:07:26
T01100,U00377,C030,2023-04-29 16:21:33
T01101,U02469,C029,2023-04-29 20:45:16
T01102,U01670,C004,2023-04-29 20:47:16
T01103,U01758,C006,2023-04-30 09:43:06
T01104,U01778,C039,2023-04-30 14:57:30
T01105,U01967,C022,2023-04-30 15:29:11
T01106,U02309,C037,2023-04-30 15:46:06
T01107,U01831,C019,2023-04-30 18:06:59
T01108,U02217,C028,2023-04-30 21:42:08
T01109,U01734,C020,2023-04-30 22:04:53
T01110,U00700,C001,2023-04-30 22:51:29
T01111,U01705,C046,2023-05-01 09:33:53
T01112,U01037,C027,2023-05-01 11:08:40
T01113,U00983,C012,2023-05-01 12:36:13
T01114,U02787,C011,2023-05-01 14:18:42
T01115,U01962,C022,2023-05-01 15:01:51
T01116,U02913,C020,2023-05-01 15:18:11
T01117,U00687,C040,2023-05-01 15:37:58
T01118,U00669,C026,2023-05-01 16:22:16
T01119,U01667,C031,2023-05-01 17:15:01
T01120,U01420,C013,2023-05-01 18:33:05
T01121,U01877,C021,2023-05-01 21:11:37
T01122,U00415,C047,2023-05-02 11:20:35
T01123,U01214,C041,2023-05-02 13:50:13
T01124,U00277,C020,2023-05-02 16:37:07
T01125,U00127,C014,2023-05-02 17:31:50
T01126,U01531,C018,2023-05-02 18:14:19
T01127,U01329,C008,2023-05-02 18:38:50
T01128,U00040,C037,2023-05-02 19:22:10
T01129,U00792,C014,2023-05-02 21:14:55
T01130,U02164,C033,2023-05-02 23:48:20
T01131,U01452,C002,2023-05-02 23:53:15
T01132,U02563,C026,2023-05-03 12:14:50
T01133,U02852,C004,2023-05-03 12:40:29
T01134,U02477,C045,2023-05-03 14:23:24
T01135,U02075,C038,2023-05-03 15:05:21
T01136,U02566,C020,2023-05-03 15:50:08
T01137,U01360,C022,2023-05-03 18:10:32
T01138,U00610,C042,2023-05-03 18:17:04
T01139,U02800,C003,2023-05-03 20:11:25
T01140,U00994,C046,2023-05-03 21:04:21
T01141,U01318,C031,2023-05-03 22:27:36
T01142,U00533,C037,2023-05-03 22:59:20
T01143,U02642,C032,2023-05-04 08:44:33
T01144,U00278,C034,2023-05-04 09:37:50
T01145,U01988,C031,2023-05-04 09:42:49
T01146,U01394,C006,2023-05-04 10:06:35
T01147,U01732,C029,2023-05-04 18:55:16
T01148,U00422,C026,2023-05-05 09:05:13
T01149,U02881,C006,2023-05-05 11:49:05
T01150,U00139,C007,2023-05-05 14:55:43
T01151,U00040,C020,2023-05-05 16:47:53
T01152,U00307,C001,2023-05-05 16:58:35
T01153,U02021,C032,2023-05-05 17:42:20
T01154,U02221,C018,2023-05-05 18:22:45
T01155,U01468,C010,2023-05-05 19:23:21
T01156,U00639,C006,2023-05-05 19:37:43
T01157,U00870,C012,2023-05-05 21:48:35
T01158,U01748,C017,2023-05-05 21:56:26
T01159,U00063,C046,2023-05-06 08:57:20
T01160,U02893,C048,2023-05-06 11:02:18
T01161,U02969,C002,2023-05-06 11:06:36
T01162,U00650,C028,2023-05-06 12:03:14
T01163,U02530,C001,2023-05-06 14:37:35
T01164,U02557,C009,2023-05-06 15:58:23
T01165,U01814,C037,2023-05-06 15:58:55
T01166,U00630,C017,2023-05-06 18:29:44
T01167,U01222,C017,2023-05-06 19:19:45
T01168,U01901,C042,2023-05-06 23:15:00
T01169,U02671,C039,2023-05-07 10:14:49
T01170,U02395,C024,2023-05-07 10:59:10
T01171,U02167,C031,2023-05-07 11:21:49
T01172,U01083,C012,2023-05-07 13:32:10
T01173,U00067,C012,2023-05-07 14:10:58
T01174,U00760,C010,2023-05-07 17:02:10
T01175,U00220,C022,2023-05-07 18:04:35
T01176,U02643,C048,2023-05-07 18:26:12
T01177,U02540,C020,2023-05-07 18:50:50
T01178,U01443,C043,2023-05-07 19:22:49
T01179,U01024,C031,2023-05-07 21:12:30
T01180,U00258,C045,2023-05-07 21:33:40
T01181,U01519,C048,2023-05-08 09:23:25
T01182,U02919,C044,2023-05-08 12:59:54
T01183,U01069,C048,2023-05-08 13:27:33
T01184,U00477,C003,2023-05-08 17:31:34
T01185,U00067,C001,2023-05-08 20:01:14
T01186,U00417,C011,2023-05-08 21:50:27
T01187,U00180,C043,2023-05-08 22:38:30
T01188,U02711,C008,2023-05-09 12:38:46
T01189,U01075,C034,2023-05-09 12:51:41
T01190,U00667,C041,2023-05-09 12:59:31
T01191,U02714,C004,2023-05-09 13:06:00
T01192,U02511,C004,2023-05-09 16:00:03
T01193,U01131,C026,2023-05-10 14:04:46
T01194,U00654,C007,2023-05-10 17:11:53
T01195,U00940,C034,2023-05-10 18:01:40
T01196,U00589,C038,2023-05-10 18:09:19
T01197,U01161,C001,2023-05-10 18:40:58
T01198,U00909,C003,2023-05-10 19:31:25
T01199,U01628,C013,2023-05-10 20:18:24
T01200,U02445,C013,2023-05-10 20:48:13
T01201,U00956,C012,2023-05-10 21:20:49
T01202,U01163,C040,2023-05-10 23:39:38
T01203,U02698,C035,2023-05-11 09:16:54
T01204,U01245,C008,2023-05-11 11:21:38
T01205,U00937,C046,2023-05-11 16:44:48
T01206,U01559,C037,2023-05-11 22:49:17
T01207,U01966,C014,2023-05-12 09:30:09
T01208,U02252,C032,2023-05-12 10:46:40
T01209,U00623,C009,2023-05-12 11:11:13
T01210,U01621,C018,2023-05-12 11:42:54
T01211,U02847,C004,2023-05-12 18:23:38
T01212,U00660,C037,2023-05-12 20:05:01
T01213,U00361,C022,2023-05-12 21:14:47
T01214,U01704,C047,2023-05-12 21:25:27
T01215,U02742,C026,2023-05-13 09:28:52
T01216,U01064,C035,2023-05-13 10:12:08
T01217,U02579,C030,2023-05-13 11:24:35
T01218,U02498,C025,2023-05-13 12:27:56
T01219,U01156,C004,2023-05-13 16:05:59
T01220,U02854,C005,2023-05-13 18:31:23
T01221,U00827,C019,2023-05-13 19:31:33
T01222,U01494,C015,2023-05-13 21:13:01
T01223,U02682,C003,2023-05-13 23:06:08
T01224,U01109,C010,2023-05-14 10:31:06
T01225,U00208,C003,2023-05-14 13:05:17
T01226,U00980,C003,2023-05-14 13:25:52
T01227,U02832,C044,2023-05-14 14:02:43
T01228,U00114,C037,2023-05-14 14:12:13
T01229,U00676,C031,2023-05-14 14:54:01
T01230,U01318,C002,2023-05-14 16:10:24
T01231,U02756,C019,2023-05-14 16:44:22
T01232,U00597,C037,2023-05-14 18:24:06
T01233,U02412,C028,2023-05-14 21:20:41
T01234,U02010,C019,2023-05-15 09:08:18
T01235,U02181,C050,2023-05-15 11:07:47
T01236,U00692,C014,2023-05-15 11:39:14
T01237,U02883,C022,2023-05-15 18:09:35
T01238,U01553,C028,2023-05-15 23:06:43
T01239,U02624,C011,2023-05-16 08:36:21
T01240,U01180,C016,2023-05-16 08:58:29
T01241,U00002,C021,2023-05-16 09:18:01
T01242,U02474,C036,2023-05-16 13:56:36
T01243,U01755,C009,2023-05-16 14:09:26
T01244,U00279,C004,2023-05-16 18:59:48
T01245,U02965,C019,2023-05-16 19:20:06
T01246,U01475,C032,2023-05-16 20:27:49
T01247,U00535,C016,2023-05-16 22:21:44
T01248,U02776,C020,2023-05-17 08:41:42
T01249,U01027,C037,2023-05-17 09:17:12
T01250,U02282,C045,2023-05-17 09:49:22
T01251,U00543,C003,2023-05-17 10:09:13
T01252,U00259,C013,2023-05-17 12:22:18
T01253,U00217,C001,2023-05-17 16:04:24
T01254,U02593,C014,2023-05-17 16:25:12
T01255,U00988,C026,2023-05-17 17:54:53
T01256,U01398,C018,2023-05-17 21:19:47
T01257,U00803,C011,2023-05-18 08:33:37
T01258,U00107,C046,2023-05-18 09:35:59
T01259,U02751,C007,2023-05-18 09:42:58
T01260,U00307,C047,2023-05-18 12:06:02
T01261,U02159,C014,2023-05-18 12:51:06
T01262,U02333,C022,2023-05-18 14:03:39
T01263,U01814,C026,2023-05-18 18:40:58
T01264,U01129,C025,2023-05-18 18:48:19
T01265,U02458,C006,2023-05-18 19:16:16
T01266,U01115,C045,2023-05-18 20:54:04
T01267,U01074,C012,2023-05-18 21:38:50
T01268,U01375,C013,2023-05-18 21:43:15
T01269,U01497,C017,2023-05-18 22:38:50
T01270,U02536,C003,2023-05-19 09:43:44
T01271,U00994,C030,2023-05-19 10:23:58
T01272,U02854,C031,2023-05-19 10:28:04
T01273,U00375,C046,2023-05-19 11:26:11
T01274,U00270,C041,2023-05-19 12:03:17
T01275,U01166,C013,2023-05-19 12:17:17
T01276,U01299,C022,2023-05-19 14:34:38
T01277,U01084,C009,2023-05-19 16:58:36
T01278,U00137,C030,2023-05-19 17:01:58
T01279,U02019,C013,2023-05-19 17:02:25
T01280,U01185,C043,2023-05-19 18:31:39
T01281,U01440,C013,2023-05-19 19:29:05
T01282,U00044,C025,2023-05-19 21:57:24
T01283,U01681,C029,2023-05-20 11:49:04
T01284,U02734,C006,2023-05-20 12:39:50
T01285,U02232,C037,2023-05-20 13:06:40
T01286,U00708,C020,2023-05-20 13:27:03
T01287,U01526,C032,2023-05-20 14:37:19
T01288,U00192,C012,2023-05-20 14:44:51
T01289,U00388,C010,2023-05-20 18:35:34
T01290,U02792,C003,2023-05-21 09:00:22
T01291,U02416,C038,2023-05-21 10:28:17
T01292,U00264,C013,2023-05-21 13:45:47
T01293,U01929,C035,2023-05-21 16:32:36
T01294,U01047,C020,2023-05-21 16:35:07
T01295,U00998,C024,2023-05-21 16:38:06
T01296,U00089,C041,2023-05-21 18:33:33
T01297,U00417,C004,2023-05-21 18:34:44
T01298,U00195,C003,2023-05-21 19:39:17
T01299,U01692,C006,2023-05-21 19:41:40
T01300,U01722,C036,2023-05-21 20:18:34
T01301,U01112,C026,2023-05-21 20:26:54
T01302,U00908,C003,2023-05-21 20:29:19
T01303,U02601,C028,2023-05-22 08:32:03
T01304,U01568,C037,2023-05-22 10:20:49
T01305,U01895,C009,2023-05-22 10:30:16
T01306,U02283,C031,2023-05-22 12:48:30
T01307,U02113,C019,2023-05-22 15:02:30
T01308,U02188,C042,2023-05-22 19:39:46
T01309,U01985,C019,2023-05-22 20:21:51
T01310,U00369,C031,2023-05-23 12:10:55
T01311,U02523,C016,2023-05-23 12:51:36
T01312,U02310,C003,2023-05-23 14:28:50
T01313,U00900,C046,2023-05-23 15:38:55
T01314,U00121,C047,2023-05-23 15:47:41
T01315,U00393,C019,2023-05-23 17:45:54
T01316,U01389,C044,2023-05-23 17:50:20
T01317,U02155,C050,2023-05-23 19:21:34
T01318,U02805,C019,2023-05-23 19:52:37
T01319,U00715,C035,2023-05-23 21:32:07
T01320,U01596,C039,2023-05-23 23:47:38
T01321,U02850,C008,2023-05-23 23:53:05
T01322,U00461,C018,2023-05-24 10:40:29
T01323,U01644,C011,2023-05-24 11:36:06
T01324,U00267,C044,2023-05-24 13:06:18
T01325,U01415,C032,2023-05-24 13:16:36
T01326,U00531,C039,2023-05-24 13:53:45
T01327,U01900,C048,2023-05-24 18:27:07
T01328,U01173,C041,2023-05-24 18:27:50
T01329,U00590,C027,2023-05-24 18:51:55
T01330,U01424,C041,2023-05-24 19:54:29
T01331,U01800,C010,2023-05-24 20:29:55
T01332,U00928,C003,2023-05-24 21:28:40
T01333,U02933,C029,2023-05-24 23:44:37
T01334,U01058,C046,2023-05-25 13:12:36
T01335,U02396,C046,2023-05-25 13:38:42
T01336,U00416,C041,2023-05-25 15:35:10
T01337,U02402,C035,2023-05-25 15:46:16
T01338,U00745,C003,2023-05-25 17:09:11
T01339,U02377,C002,2023-05-25 18:15:42
T01340,U02641,C040,2023-05-25 22:16:17
T01341,U02610,C012,2023-05-26 11:47:39
T01342,U01112,C033,2023-05-26 12:28:23
T01343,U00966,C009,2023-05-26 12:28:44
T01344,U01434,C016,2023-05-26 12:46:17
T01345,U02011,C013,2023-05-26 13:57:19
T01346,U01531,C024,2023-05-26 14:14:09
T01347,U00627,C044,2023-05-26 15:19:13
T01348,U01366,C006,2023-05-26 17:08:12
T01349,U02694,C050,2023-05-26 17:36:40
T01350,U00776,C005,2023-05-26 20:12:21
T01351,U02946,C031,2023-05-26 20:13:03
T01352,U01863,C047,2023-05-26 23:30:35
T01353,U01224,C032,2023-05-27 08:09:26
T01354,U01961,C014,2023-05-27 10:14:55
T01355,U00546,C046,2023-05-27 11:41:42
T01356,U01909,C012,2023-05-27 12:19:08
T01357,U02536,C046,2023-05-27 13:10:40
T01358,U00060,C003,2023-05-27 13:31:50
T01359,U02085,C012,2023-05-27 16:28:42
T01360,U00258,C009,2023-05-27 17:58:22
T01361,U01688,C028,2023-05-27 18:11:06
T01362,U01388,C003,2023-05-27 20:12:53
T01363,U00156,C038,2023-05-27 21:10:00
T01364,U00758,C020,2023-05-27 22:02:00
T01365,U00481,C013,2023-05-28 08:30:58
T01366,U01117,C013,2023-05-28 11:58:59
T01367,U02238,C013,2023-05-28 12:55:50
T01368,U00668,C032,2023-05-28 17:36:03
T01369,U01299,C017,2023-05-28 20:43:43
T01370,U02986,C010,2023-05-29 08:03:01
T01371,U00392,C032,2023-05-29 08:21:24
T01372,U00998,C032,2023-05-29 09:10:20
T01373,U02975,C025,2023-05-29 09:58:00
T01374,U02222,C002,2023-05-29 11:05:38
T01375,U01256,C045,2023-05-29 13:09:52
T01376,U00104,C004,2023-05-29 13:31:08
T01377,U01880,C007,2023-05-29 13:54:51
T01378,U01589,C018,2023-05-29 14:12:19
T01379,U02066,C045,2023-05-29 19:04:31
T01380,U01602,C019,2023-05-29 23:48:02
T01381,U00640,C024,2023-05-30 10:00:30
T01382,U02308,C006,2023-05-30 10:32:52
T01383,U01828,C038,2023-05-30 12:28:40
T01384,U01133,C041,2023-05-30 12:40:28
T01385,U02614,C031,2023-05-30 12:46:18
T01386,U00331,C012,2023-05-30 19:12:20
T01387,U00477,C045,2023-05-30 22:01:02
T01388,U01700,C025,2023-05-30 22:59:42
T01389,U02655,C043,2023-05-31 09:35:29
T01390,U01727,C036,2023-05-31 20:11:05
T01391,U00998,C009,2023-05-31 20:11:22
T01392,U01942,C038,2023-05-31 20:54:39
T01393,U00588,C014,2023-05-31 22:06:07
T01394,U01913,C046,2023-06-01 15:52:16
T01395,U01981,C037,2023-06-01 15:57:28
T01396,U01197,C012,2023-06-01 16:20:49
T01397,U01227,C047,2023-06-01 18:25:37
T01398,U02250,C042,2023-06-01 18:54:47
T01399,U00658,C034,2023-06-01 22:20:46
T01400,U00808,C044,2023-06-01 22:38:44
T01401,U00173,C038,2023-06-02 08:32:56
T01402,U00009,C032,2023-06-02 10:30:54
T01403,U01087,C003,2023-06-02 10:52:44
T01404,U02774,C031,2023-06-02 12:37:20
T01405,U00245,C036,2023-06-02 13:21:14
T01406,U02813,C050,2023-06-02 13:21:20
T01407,U00569,C031,2023-06-02 15:32:36
T01408,U02573,C003,2023-06-02 22:07:05
T01409,U00138,C006,2023-06-03 11:10:49
T01410,U02154,C031,2023-06-03 12:23:46
T01411,U01167,C004,2023-06-03 14:16:11
T01412,U00683,C038,2023-06-03 14:18:36
T01413,U00155,C005,2023-06-03 14:20:31
T01414,U00207,C012,2023-06-03 15:39:10
T01415,U01461,C029,2023-06-03 15:54:13
T01416,U00662,C020,2023-06-03 17:57:43
T01417,U02743,C048,2023-06-03 18:52:16
T01418,U00579,C016,2023-06-03 21:12:54
T01419,U01105,C045,2023-06-04 10:09:36
T01420,U00146,C009,2023-06-04 10:22:59
T01421,U02016,C049,2023-06-04 10:53:39
T01422,U01805,C031,2023-06-04 12:15:33
T01423,U00595,C044,2023-06-04 12:53:23
T01424,U02290,C013,2023-06-04 15:04:15
T01425,U00317,C031,2023-06-04 18:22:56
T01426,U02029,C024,2023-06-04 18:28:08
T01427,U00661,C036,2023-06-04 20:18:41
T01428,U02396,C024,2023-06-04 21:35:57
T01429,U01801,C004,2023-06-05 08:55:08
T01430,U02751,C046,2023-06-05 10:29:54
T01431,U00145,C015,2023-06-05 10:48:47
T01432,U02351,C012,2023-06-05 11:21:20
T01433,U00291,C011,2023-06-05 11:31:12
T01434,U00366,C046,2023-06-05 12:25:26
T01435,U02836,C005,2023-06-05 13:26:56
T01436,U02865,C012,2023-06-05 14:18:17
T01437,U00329,C041,2023-06-05 14:35:39
T01438,U01770,C036,2023-06-05 14:40:20
T01439,U01258,C037,2023-06-05 15:10:32
T01440,U01854,C028,2023-06-05 16:21:12
T01441,U02862,C029,2023-06-05 17:52:35
T01442,U00763,C024,2023-06-05 18:56:43
T01443,U02481,C041,2023-06-05 20:58:11
T01444,U01628,C028,2023-06-05 21:57:30
T01445,U00021,C009,2023-06-05 23:02:11
T01446,U02657,C018,2023-06-05 23:07:09
T01447,U01385,C026,2023-06-06 08:48:33
T01448,U01277,C044,2023-06-06 14:05:37
T01449,U02021,C045,2023-06-06 14:15:29
T01450,U01671,C004,2023-06-06 19:57:59
T01451,U00088,C041,2023-06-06 21:28:02
T01452,U02742,C032,2023-06-06 21:58:53
T01453,U02786,C019,2023-06-07 11:38:27
T01454,U00632,C013,2023-06-07 12:16:11
T01455,U00785,C028,2023-06-07 15:04:49
T01456,U01286,C049,2023-06-07 15:54:33
T01457,U01640,C014,2023-06-07 16:57:16
T01458,U01445,C027,2023-06-07 17:13:21
T01459,U00556,C009,2023-06-07 17:23:49
T01460,U01239,C002,2023-06-07 21:35:12
T01461,U02267,C045,2023-06-07 23:33:16
T01462,U02822,C046,2023-06-09 08:16:18
T01463,U00117,C013,2023-06-09 13:32:34
T01464,U02218,C020,2023-06-09 13:36:44
T01465,U01562,C038,2023-06-09 14:51:13
T01466,U02609,C027,2023-06-09 17:09:16
T01467,U02484,C020,2023-06-09 20:27:17
T01468,U01369,C009,2023-06-09 20:40:37
T01469,U00883,C020,2023-06-10 08:00:21
T01470,U01708,C026,2023-06-10 09:34:01
T01471,U01034,C014,2023-06-10 11:06:42
T01472,U02021,C048,2023-06-10 12:45:09
T01473,U01090,C037,2023-06-10 14:38:00
T01474,U02961,C014,2023-06-10 14:58:37
T01475,U01066,C048,2023-06-10 17:14:58
T01476,U01338,C032,2023-06-10 21:32:09
T01477,U02416,C012,2023-06-10 21:33:54
T01478,U00135,C022,2023-06-10 23:35:52
T01479,U01147,C001,2023-06-11 08:01:09
T01480,U01468,C013,2023-06-11 08:39:38
T01481,U02358,C004,2023-06-11 11:08:53
T01482,U01734,C046,2023-06-11 15:38:33
T01483,U02391,C026,2023-06-11 16:19:34
T01484,U01621,C009,2023-06-11 18:48:33
T01485,U02144,C004,2023-06-11 19:46:33
T01486,U01749,C013,2023-06-11 19:57:29
T01487,U02959,C002,2023-06-11 21:03:09
T01488,U02388,C011,2023-06-11 21:03:53
T01489,U01748,C008,2023-06-11 22:46:28
T01490,U01437,C019,2023-06-12 08:19:17
T01491,U00459,C049,2023-06-12 10:03:38
T01492,U01844,C032,2023-06-12 10:31:25
T01493,U00411,C003,2023-06-12 10:59:48
T01494,U02617,C006,2023-06-12 16:23:55
T01495,U02742,C025,2023-06-12 16:42:56
T01496,U02875,C047,2023-06-12 19:48:33
T01497,U01126,C011,2023-06-12 21:33:13
T01498,U01435,C013,2023-06-12 22:02:17
T01499,U00386,C037,2023-06-12 22:57:55
T01500,U01391,C004,2023-06-13 08:19:17
T01501,U00508,C014,2023-06-13 11:28:31
T01502,U00158,C002,2023-06-13 12:57:34
T01503,U02489,C015,2023-06-13 14:27:26
T01504,U01856,C009,2023-06-13 14:48:36
T01505,U02797,C045,2023-06-13 14:56:55
T01506,U01981,C049,2023-06-13 16:31:25
T01507,U02049,C038,2023-06-13 19:50:05
T01508,U00586,C005,2023-06-13 20:22:30
T01509,U01149,C012,2023-06-13 20:53:03
T01510,U00046,C027,2023-06-14 08:41:31
T01511,U00612,C041,2023-06-14 10:41:52
T01512,U02501,C028,2023-06-14 11:29:31
T01513,U01631,C036,2023-06-14 12:13:28
T01514,U00043,C048,2023-06-14 12:41:11
T01515,U01916,C004,2023-06-14 13:15:38
T01516,U02407,C041,2023-06-14 15:22:42
T01517,U01126,C044,2023-06-14 16:11:53
T01518,U00745,C048,2023-06-14 16:49:05
T01519,U01082,C023,2023-06-14 17:30:26
T01520,U02642,C025,2023-06-14 21:50:21
T01521,U00450,C027,2023-06-14 22:25:30
T01522,U01984,C024,2023-06-14 23:04:22
T01523,U01430,C016,2023-06-15 08:21:53
T01524,U02336,C024,2023-06-15 09:28:08
T01525,U00599,C024,2023-06-15 11:21:10
T01526,U01663,C027,2023-06-15 12:45:21
T01527,U01352,C046,2023-06-15 13:01:38
T01528,U01421,C017,2023-06-15 14:10:40
T01529,U00219,C036,2023-06-15 16:15:18
T01530,U00344,C014,2023-06-15 17:21:31
T01531,U00827,C002,2023-06-15 22:11:20
T01532,U01545,C021,2023-06-15 22:49:41
T01533,U01741,C045,2023-06-15 23:39:16
T01534,U01276,C041,2023-06-16 13:27:52
T01535,U01134,C009,2023-06-16 14:12:43
T01536,U02881,C048,2023-06-16 15:39:31
T01537,U02130,C011,2023-06-16 16:16:21
T01538,U02093,C012,2023-06-16 16:53:30
T01539,U02323,C017,2023-06-16 19:25:46
T01540,U00734,C009,2023-06-16 22:57:21
T01541,U01344,C041,2023-06-16 23:44:08
T01542,U02415,C004,2023-06-17 08:55:25
T01543,U01133,C046,2023-06-17 11:02:13
T01544,U00657,C009,2023-06-17 11:53:20
T01545,U02757,C002,2023-06-17 15:35:29
T01546,U00563,C012,2023-06-17 16:02:04
T01547,U00737,C014,2023-06-17 17:35:41
T01548,U02247,C007,2023-06-17 17:50:34
T01549,U02918,C004,2023-06-17 18:34:55
T01550,U00809,C047,2023-06-17 18:39:19
T01551,U02393,C033,2023-06-17 19:28:59
T01552,U01704,C041,2023-06-17 20:05:31
T01553,U01766,C047,2023-06-17 20:30:24
T01554,U00182,C041,2023-06-17 22:38:37
T01555,U02421,C047,2023-06-18 10:20:21
T01556,U01664,C024,2023-06-18 11:54:47
T01557,U01267,C025,2023-06-18 12:22:41
T01558,U00163,C009,2023-06-18 12:47:46
T01559,U01424,C021,2023-06-18 19:46:27
T01560,U02309,C032,2023-06-18 20:03:35
T01561,U02608,C035,2023-06-18 22:12:08
T01562,U00512,C017,2023-06-18 22:45:40
T01563,U01587,C031,2023-06-19 09:49:08
T01564,U02876,C009,2023-06-19 10:52:08
T01565,U01698,C017,2023-06-19 11:51:59
T01566,U01554,C048,2023-06-19 12:20:10
T01567,U01405,C041,2023-06-19 13:40:51
T01568,U01538,C020,2023-06-19 15:14:44
T01569,U02961,C031,2023-06-19 16:48:05
T01570,U00224,C030,2023-06-19 19:09:49
T01571,U01315,C032,2023-06-19 20:28:02
T01572,U00735,C004,2023-06-19 22:09:55
T01573,U01328,C046,2023-06-20 10:32:28
T01574,U01869,C010,2023-06-20 13:00:07
T01575,U00626,C003,2023-06-20 15:54:28
T01576,U00266,C025,2023-06-20 16:26:12
T01577,U00540,C004,2023-06-20 17:28:55
T01578,U00109,C046,2023-06-20 20:42:38
T01579,U00898,C019,2023-06-20 21:41:52
T01580,U01323,C019,2023-06-20 22:00:29
T01581,U02379,C009,2023-06-21 10:12:29
T01582,U02184,C026,2023-06-21 10:20:47
T01583,U02245,C040,2023-06-21 13:04:36
T01584,U01552,C003,2023-06-21 13:12:49
T01585,U00528,C048,2023-06-21 15:53:33
T01586,U00963,C043,2023-06-21 17:18:44
T01587,U02861,C002,2023-06-21 19:50:11
T01588,U01655,C042,2023-06-21 20:12:16
T01589,U01901,C013,2023-06-21 20:49:47
T01590,U02783,C002,2023-06-21 23:15:53
T01591,U01702,C032,2023-06-22 11:54:33
T01592,U01349,C033,2023-06-22 12:02:52
T01593,U00816,C025,2023-06-22 12:24:41
T01594,U01018,C037,2023-06-22 12:25:26
T01595,U01696,C013,2023-06-22 14:22:06
T01596,U02445,C044,2023-06-22 15:42:18
T01597,U01878,C028,2023-06-22 21:23:27
T01598,U02697,C027,2023-06-22 21:31:25
T01599,U01748,C048,2023-06-22 22:24:29
T01600,U00009,C011,2023-06-23 11:19:50
T01601,U02125,C012,2023-06-23 11:50:44
T01602,U02335,C033,2023-06-23 11:55:43
T01603,U01920,C038,2023-06-23 15:36:12
T01604,U02812,C003,2023-06-23 18:28:13
T01605,U00545,C003,2023-06-24 08:09:16
T01606,U02083,C018,2023-06-24 09:14:15
T01607,U00535,C043,2023-06-24 11:46:30
T01608,U01843,C028,2023-06-24 12:06:33
T01609,U00263,C026,2023-06-24 17:38:14
T01610,U02774,C046,2023-06-24 18:48:42
T01611,U01501,C017,2023-06-24 19:05:13
T01612,U02533,C004,2023-06-24 19:25:10
T01613,U01416,C039,2023-06-24 20:21:36
T01614,U00259,C037,2023-06-24 23:34:00
T01615,U02395,C040,2023-06-24 23:43:52
T01616,U01209,C047,2023-06-25 10:22:27
T01617,U01141,C046,2023-06-25 10:41:01
T01618,U00893,C006,2023-06-25 11:19:15
T01619,U01110,C025,2023-06-25 13:04:17
T01620,U02789,C044,2023-06-25 13:39:16
T01621,U02826,C048,2023-06-25 15:00:35
T01622,U01770,C022,2023-06-25 17:45:50
T01623,U02722,C012,2023-06-25 19:03:56
T01624,U01760,C022,2023-06-25 19:39:58
T01625,U02397,C009,2023-06-25 21:07:22
T01626,U01568,C003,2023-06-25 21:52:09
T01627,U00705,C016,2023-06-26 08:15:53
T01628,U00089,C004,2023-06-26 11:27:42
T01629,U01039,C021,2023-06-26 12:02:08
T01630,U01071,C047,2023-06-26 12:57:42
T01631,U01100,C045,2023-06-26 13:32:33
T01632,U00247,C009,2023-06-26 16:38:41
T01633,U02744,C024,2023-06-26 19:40:34
T01634,U02093,C002,2023-06-26 20:17:10
T01635,U00362,C027,2023-06-26 21:25:49
T01636,U00666,C014,2023-06-26 21:51:23
T01637,U01203,C041,2023-06-26 22:52:24
T01638,U01526,C003,2023-06-27 12:37:00
T01639,U00080,C030,2023-06-27 12:42:41
T01640,U01897,C014,2023-06-27 15:38:30
T01641,U01316,C003,2023-06-27 17:02:34
T01642,U02562,C044,2023-06-27 17:06:29
T01643,U02145,C013,2023-06-27 18:23:42
T01644,U01879,C012,2023-06-27 22:28:48
T01645,U01166,C047,2023-06-27 23:12:05
T01646,U02437,C008,2023-06-28 10:11:36
T01647,U00531,C026,2023-06-28 12:10:15
T01648,U02875,C049,2023-06-28 12:33:47
T01649,U00797,C022,2023-06-28 12:40:32
T01650,U02997,C020,2023-06-28 12:48:36
T01651,U00190,C029,2023-06-28 15:58:54
T01652,U00838,C035,2023-06-28 18:16:19
T01653,U02662,C020,2023-06-28 21:59:45
T01654,U02593,C004,2023-06-29 08:43:52
T01655,U00813,C033,2023-06-29 10:22:01
T01656,U02187,C013,2023-06-29 11:15:19
T01657,U02833,C045,2023-06-29 11:35:16
T01658,U00446,C020,2023-06-29 12:38:59
T01659,U02099,C047,2023-06-29 16:37:12
T01660,U01826,C026,2023-06-29 17:01:01
T01661,U02024,C028,2023-06-29 18:37:15
T01662,U00704,C011,2023-06-29 19:21:52
T01663,U01650,C024,2023-06-29 19:22:15
T01664,U01855,C049,2023-06-29 20:13:11
T01665,U01041,C007,2023-06-29 21:33:59
T01666,U00510,C028,2023-06-30 08:29:29
T01667,U01599,C006,2023-06-30 10:41:41
T01668,U02577,C044,2023-06-30 11:32:27
T01669,U02014,C025,2023-06-30 13:57:25
T01670,U01544,C043,2023-06-30 14:38:31
T01671,U00332,C031,2023-06-30 15:12:43
T01672,U01305,C009,2023-06-30 17:02:20
T01673,U02390,C037,2023-06-30 17:59:42
T01674,U00887,C003,2023-06-30 18:00:24
T01675,U01808,C046,2023-06-30 21:39:07
T01676,U00833,C046,2023-06-30 22:27:26
T01677,U01800,C028,2023-06-30 22:28:09
T01678,U00728,C004,2023-06-30 22:30:02
T01679,U02593,C027,2023-07-01 09:22:45
T01680,U01904,C025,2023-07-01 11:06:10
T01681,U00323,C033,2023-07-01 12:03:43
T01682,U02466,C031,2023-07-01 12:16:24
T01683,U00571,C044,2023-07-01 14:18:10
T01684,U01522,C028,2023-07-01 15:48:16
T01685,U01063,C045,2023-07-01 16:09:40
T01686,U02853,C044,2023-07-01 18:35:20
T01687,U00078,C007,2023-07-02 09:54:18
T01688,U02406,C009,2023-07-02 10:27:01
T01689,U00004,C041,2023-07-02 11:21:13
T01690,U01320,C009,2023-07-02 16:42:16
T01691,U01982,C022,2023-07-02 21:03:15
T01692,U01668,C002,2023-07-02 23:53:28
T01693,U02582,C013,2023-07-02 23:57:11
T01694,U02369,C004,2023-07-03 08:21:12
T01695,U02506,C006,2023-07-03 09:20:27
T01696,U01994,C006,2023-07-03 10:42:29
T01697,U00070,C032,2023-07-03 11:18:07
T01698,U01516,C013,2023-07-03 11:51:38
T01699,U01354,C002,2023-07-03 14:00:31
T01700,U00383,C020,2023-07-03 14:00:40
T01701,U02837,C025,2023-07-03 14:27:23
T01702,U00329,C039,2023-07-03 15:15:04
T01703,U00051,C036,2023-07-03 16:46:51
T01704,U00377,C028,2023-07-03 21:33:13
T01705,U00765,C006,2023-07-03 21:35:57
T01706,U00818,C025,2023-07-03 21:56:45
T01707,U02093,C036,2023-07-03 23:14:28
T01708,U00362,C007,2023-07-04 09:38:47
T01709,U02083,C020,2023-07-04 09:46:04
T01710,U01798,C013,2023-07-04 10:36:16
T01711,U01593,C038,2023-07-04 14:24:03
T01712,U00470,C010,2023-07-04 23:07:36
T01713,U01940,C009,2023-07-05 13:57:11
T01714,U02202,C012,2023-07-05 14:00:35
T01715,U02421,C039,2023-07-05 16:20:51
T01716,U01649,C035,2023-07-05 18:06:18
T01717,U02649,C016,2023-07-05 19:22:45
T01718,U02111,C004,2023-07-05 21:07:17
T01719,U02088,C002,2023-07-05 21:29:10
T01720,U02335,C050,2023-07-05 22:26:29
T01721,U01105,C038,2023-07-05 23:06:51
T01722,U02377,C013,2023-07-06 10:20:50
T01723,U00460,C030,2023-07-06 13:57:07
T01724,U02643,C011,2023-07-06 14:29:00
T01725,U00517,C026,2023-07-06 14:48:47
T01726,U01585,C012,2023-07-06 14:49:52
T01727,U02859,C007,2023-07-06 15:12:07
T01728,U00236,C002,2023-07-06 15:35:27
T01729,U00836,C029,2023-07-06 16:41:04
T01730,U00419,C017,2023-07-06 18:35:06
T01731,U00359,C031,2023-07-06 23:08:32
T01732,U00847,C004,2023-07-07 08:23:08
T01733,U01152,C028,2023-07-07 10:36:24
T01734,U01857,C014,2023-07-07 15:36:56
T01735,U00067,C036,2023-07-07 15:46:08
T01736,U00513,C011,2023-07-07 16:44:39
T01737,U00890,C002,2023-07-07 18:01:38
T01738,U00020,C003,2023-07-07 19:56:26
T01739,U00886,C032,2023-07-07 20:27:07
T01740,U01632,C044,2023-07-07 23:14:42
T01741,U00599,C004,2023-07-08 08:34:20
T01742,U02389,C031,2023-07-08 10:15:23
T01743,U00667,C049,2023-07-08 10:18:29
T01744,U00847,C003,2023-07-08 12:19:47
T01745,U02217,C011,2023-07-08 12:22:01
T01746,U02155,C022,2023-07-08 13:18:12
T01747,U01963,C047,2023-07-08 13:34:07
T01748,U00459,C006,2023-07-08 14:38:40
T01749,U02177,C048,2023-07-08 15:25:33
T01750,U02562,C038,2023-07-08 16:11:37
T01751,U00626,C020,2023-07-08 20:00:58
T01752,U00317,C039,2023-07-08 21:26:59
T01753,U01327,C031,2023-07-08 22:37:20
T01754,U00834,C004,2023-07-08 23:20:17
T01755,U00488,C011,2023-07-09 12:06:50
T01756,U02570,C003,2023-07-09 12:29:23
T01757,U00420,C002,2023-07-09 13:19:25
T01758,U02928,C032,2023-07-09 15:13:25
T01759,U02543,C042,2023-07-09 16:28:40
T01760,U00002,C019,2023-07-09 18:16:06
T01761,U01450,C046,2023-07-09 18:41:57
T01762,U00373,C013,2023-07-09 23:15:13
T01763,U02238,C032,2023-07-10 08:23:48
T01764,U02209,C028,2023-07-10 09:54:01
T01765,U00603,C039,2023-07-10 14:21:31
T01766,U01458,C019,2023-07-10 14:36:48
T01767,U02718,C010,2023-07-10 19:06:08
T01768,U00176,C004,2023-07-10 19:38:45
T01769,U02283,C009,2023-07-11 08:17:23
T01770,U02819,C038,2023-07-11 08:35:00
T01771,U01552,C041,2023-07-11 11:48:14
T01772,U00398,C017,2023-07-11 12:13:46
T01773,U01232,C003,2023-07-11 13:19:31
T01774,U02524,C009,2023-07-11 14:55:54
T01775,U00943,C014,2023-07-11 15:15:13
T01776,U00397,C025,2023-07-11 17:49:20
T01777,U02529,C049,2023-07-11 20:55:17
T01778,U01138,C003,2023-07-11 21:33:48
T01779,U01083,C022,2023-07-12 08:25:53
T01780,U00490,C049,2023-07-12 09:38:11
T01781,U02146,C009,2023-07-12 09:40:30
T01782,U00153,C009,2023-07-12 09:54:48
T01783,U00266,C004,2023-07-12 10:11:08
T01784,U02069,C041,2023-07-12 10:14:03
T01785,U00182,C001,2023-07-12 10:14:24
T01786,U00430,C032,2023-07-12 12:08:00
T01787,U02054,C025,2023-07-12 19:01:21
T01788,U01110,C031,2023-07-12 19:22:05
T01789,U02215,C002,2023-07-12 21:40:09
T01790,U02149,C024,2023-07-12 22:39:22
T01791,U00028,C002,2023-07-12 22:49:52
T01792,U02846,C009,2023-07-12 23:19:30
T01793,U00788,C045,2023-07-13 11:05:03
T01794,U00421,C006,2023-07-13 11:43:52
T01795,U01460,C028,2023-07-13 12:12:56
T01796,U01880,C032,2023-07-13 12:52:50
T01797,U02485,C046,2023-07-13 15:18:00
T01798,U01994,C004,2023-07-13 18:39:46
T01799,U02336,C029,2023-07-13 18:42:47
T01800,U00177,C019,2023-07-13 23:13:37
T01801,U00467,C012,2023-07-14 08:57:31
T01802,U00385,C045,2023-07-14 09:41:08
T01803,U02512,C001,2023-07-14 12:26:04
T01804,U00467,C004,2023-07-14 12:41:40
T01805,U01440,C012,2023-07-14 15:19:53
T01806,U00021,C016,2023-07-14 16:25:09
T01807,U00447,C022,2023-07-14 22:46:40
T01808,U01676,C035,2023-07-15 12:04:43
T01809,U00027,C019,2023-07-15 15:08:19
T01810,U02402,C028,2023-07-15 21:01:17
T01811,U02782,C007,2023-07-16 09:24:19
T01812,U00401,C003,2023-07-16 11:33:49
T01813,U00422,C009,2023-07-16 12:56:37
T01814,U01457,C012,2023-07-16 13:32:10
T01815,U00532,C022,2023-07-16 13:34:19
T01816,U02586,C004,2023-07-16 15:08:42
T01817,U02934,C038,2023-07-16 16:23:49
T01818,U01600,C044,2023-07-16 16:46:41
T01819,U01114,C032,2023-07-17 08:09:54
T01820,U02438,C006,2023-07-17 13:03:13
T01821,U01662,C016,2023-07-17 14:05:05
T01822,U02564,C031,2023-07-17 15:00:40
T01823,U02790,C028,2023-07-17 22:09:52
T01824,U01959,C048,2023-07-18 09:16:05
T01825,U02860,C003,2023-07-18 09:32:30
T01826,U02188,C009,2023-07-18 11:03:06
T01827,U00269,C037,2023-07-18 12:00:31
T01828,U01268,C007,2023-07-18 12:17:50
T01829,U01029,C036,2023-07-18 15:21:27
T01830,U01654,C012,2023-07-18 17:06:58
T01831,U02780,C007,2023-07-18 17:57:00
T01832,U00960,C041,2023-07-19 09:59:55
T01833,U00858,C032,2023-07-19 10:24:57
T01834,U01466,C041,2023-07-19 12:20:48
T01835,U01980,C037,2023-07-19 12:41:50
T01836,U02259,C022,2023-07-19 20:12:08
T01837,U00498,C029,2023-07-19 22:37:37
T01838,U00784,C027,2023-07-19 23:15:21
T01839,U00279,C002,2023-07-20 09:03:22
T01840,U01702,C031,2023-07-20 10:42:41
T01841,U00369,C009,2023-07-20 12:11:49
T01842,U00042,C019,2023-07-20 14:17:41
T01843,U02680,C045,2023-07-20 14:37:20
T01844,U00067,C041,2023-07-20 14:46:01
T01845,U00473,C028,2023-07-20 17:41:12
T01846,U01749,C031,2023-07-20 21:23:41
T01847,U01377,C019,2023-07-20 22:27:25
T01848,U02247,C031,2023-07-21 08:10:08
T01849,U01953,C014,2023-07-21 10:28:45
T01850,U01426,C022,2023-07-21 16:41:30
T01851,U01094,C027,2023-07-21 17:00:22
T01852,U01102,C039,2023-07-21 17:23:39
T01853,U02153,C001,2023-07-21 17:26:19
T01854,U02677,C013,2023-07-21 18:21:27
T01855,U01914,C004,2023-07-21 18:49:25
T01856,U00425,C010,2023-07-21 19:07:55
T01857,U00172,C026,2023-07-21 19:52:55
T01858,U00012,C016,2023-07-21 20:52:33
T01859,U02524,C018,2023-07-21 21:22:08
T01860,U00030,C047,2023-07-21 21:38:41
T01861,U02525,C038,2023-07-21 21:53:46
T01862,U02074,C007,2023-07-21 23:02:30
T01863,U02157,C003,2023-07-22 12:29:39
T01864,U00839,C038,2023-07-22 12:54:48
T01865,U00226,C002,2023-07-22 16:31:11
T01866,U01660,C004,2023-07-22 17:48:35
T01867,U02447,C003,2023-07-22 20:43:10
T01868,U02324,C013,2023-07-22 22:22:43
T01869,U00788,C048,2023-07-23 09:24:20
T01870,U00293,C009,2023-07-23 10:00:59
T01871,U01901,C041,2023-07-23 13:49:24
T01872,U00063,C002,2023-07-23 14:01:43
T01873,U02178,C004,2023-07-23 14:10:52
T01874,U02999,C031,2023-07-23 18:24:36
T01875,U00710,C028,2023-07-23 18:24:46
T01876,U01854,C047,2023-07-23 18:57:16
T01877,U01072,C037,2023-07-23 19:59:16
T01878,U01300,C048,2023-07-23 21:35:08
T01879,U00907,C004,2023-07-23 23:01:48
T01880,U01804,C007,2023-07-23 23:27:27
T01881,U00661,C028,2023-07-24 12:07:19
T01882,U02691,C004,2023-07-24 14:40:43
T01883,U02724,C028,2023-07-24 14:41:06
T01884,U01315,C030,2023-07-24 15:13:24
T01885,U00674,C032,2023-07-24 16:55:43
T01886,U02812,C012,2023-07-24 17:39:32
T01887,U00959,C006,2023-07-24 20:03:51
T01888,U01443,C044,2023-07-24 22:53:40
T01889,U00167,C041,2023-07-25 09:02:41
T01890,U00487,C041,2023-07-25 13:21:04
T01891,U00638,C041,2023-07-25 14:38:13
T01892,U00275,C026,2023-07-25 17:12:23
T01893,U02657,C012,2023-07-25 20:06:22
T01894,U00189,C032,2023-07-25 20:22:37
T01895,U02454,C042,2023-07-25 20:28:30
T01896,U00362,C012,2023-07-25 20:46:20
T01897,U01885,C017,2023-07-25 21:44:48
T01898,U02989,C009,2023-07-25 22:47:45
T01899,U00258,C014,2023-07-25 23:34:14
T01900,U00306,C017,2023-07-26 09:18:38
T01901,U02676,C015,2023-07-26 10:51:11
T01902,U02630,C013,2023-07-26 11:54:59
T01903,U00289,C024,2023-07-26 14:33:43
T01904,U01383,C002,2023-07-26 15:18:51
T01905,U02280,C047,2023-07-26 16:54:09
T01906,U00241,C003,2023-07-26 18:16:23
T01907,U02277,C037,2023-07-26 19:13:25
T01908,U01567,C035,2023-07-26 19:28:59
T01909,U02808,C022,2023-07-26 19:37:26
T01910,U02653,C004,2023-07-26 19:54:30
T01911,U00633,C049,2023-07-26 20:56:24
T01912,U00500,C027,2023-07-26 21:55:12
T01913,U02246,C019,2023-07-26 22:48:38
T01914,U01559,C048,2023-07-27 08:52:45
T01915,U01485,C043,2023-07-27 09:34:47
T01916,U01654,C009,2023-07-27 10:40:25
T01917,U00852,C028,2023-07-27 13:02:52
T01918,U02124,C014,2023-07-27 16:20:16
T01919,U01497,C048,2023-07-27 18:06:14
T01920,U02180,C003,2023-07-27 21:27:50
T01921,U01562,C011,2023-07-27 22:54:17
T01922,U01058,C019,2023-07-27 23:46:11
T01923,U01868,C035,2023-07-28 08:56:59
T01924,U00579,C044,2023-07-28 10:57:53
T01925,U00589,C037,2023-07-28 11:48:04
T01926,U00874,C043,2023-07-28 12:20:42
T01927,U02988,C020,2023-07-28 12:52:15
T01928,U00650,C041,2023-07-28 13:02:30
T01929,U00773,C003,2023-07-28 14:42:47
T01930,U02466,C019,2023-07-28 15:02:51
T01931,U01215,C007,2023-07-28 15:10:20
T01932,U02349,C004,2023-07-28 16:03:10
T01933,U00086,C004,2023-07-28 22:11:39
T01934,U00190,C027,2023-07-29 10:18:38
T01935,U00131,C039,2023-07-29 10:50:32
T01936,U02461,C004,2023-07-29 12:34:29
T01937,U00706,C044,2023-07-29 12:49:00
T01938,U01507,C009,2023-07-29 18:32:34
T01939,U01651,C017,2023-07-29 22:44:40
T01940,U00774,C009,2023-07-30 08:27:41
T01941,U01521,C045,2023-07-30 11:21:41
T01942,U00358,C021,2023-07-30 15:38:14
T01943,U02997,C046,2023-07-30 17:09:01
T01944,U00498,C042,2023-07-30 18:26:12
T01945,U00630,C009,2023-07-31 08:48:03
T01946,U02565,C028,2023-07-31 12:56:57
T01947,U01605,C013,2023-07-31 13:26:11
T01948,U00960,C048,2023-07-31 13:54:31
T01949,U02292,C035,2023-07-31 14:40:40
T01950,U02669,C025,2023-07-31 15:00:31
T01951,U02885,C025,2023-07-31 15:52:50
T01952,U02582,C009,2023-07-31 16:21:56
T01953,U00334,C050,2023-07-31 17:00:21
T01954,U02855,C020,2023-07-31 17:17:30
T01955,U01068,C046,2023-07-31 17:22:04
T01956,U02922,C038,2023-07-31 19:07:54
T01957,U00689,C017,2023-07-31 21:31:19
T01958,U01191,C046,2023-08-01 08:08:06
T01959,U00015,C027,2023-08-01 10:05:24
T01960,U01869,C006,2023-08-01 10:46:15
T01961,U01072,C031,2023-08-01 10:50:00
T01962,U01020,C013,2023-08-01 12:20:48
T01963,U01808,C011,2023-08-01 12:33:18
T01964,U02065,C045,2023-08-01 12:44:16
T01965,U01117,C007,2023-08-01 20:49:27
T01966,U00993,C002,2023-08-02 08:38:15
T01967,U00240,C002,2023-08-02 09:13:52
T01968,U00118,C038,2023-08-02 09:42:03
T01969,U01811,C035,2023-08-02 10:01:28
T01970,U00436,C003,2023-08-02 12:46:46
T01971,U00740,C044,2023-08-02 13:01:17
T01972,U01372,C027,2023-08-02 17:06:14
T01973,U00045,C006,2023-08-02 17:12:09
T01974,U02867,C022,2023-08-02 17:14:13
T01975,U00554,C037,2023-08-02 17:17:43
T01976,U02173,C025,2023-08-02 17:38:04
T01977,U02064,C038,2023-08-02 18:15:19
T01978,U00687,C022,2023-08-02 18:58:38
T01979,U02004,C046,2023-08-02 20:27:54
T01980,U01828,C045,2023-08-02 20:35:10
T01981,U01629,C021,2023-08-02 21:08:09
T01982,U02852,C018,2023-08-02 23:10:27
T01983,U01774,C018,2023-08-02 23:20:57
T01984,U02921,C003,2023-08-02 23:25:16
T01985,U00826,C029,2023-08-02 23:50:42
T01986,U02516,C032,2023-08-03 09:05:07
T01987,U02649,C015,2023-08-03 12:33:49
T01988,U00197,C038,2023-08-03 12:54:55
T01989,U02761,C017,2023-08-03 14:58:12
T01990,U00882,C014,2023-08-03 15:23:58
T01991,U01232,C024,2023-08-03 17:04:51
T01992,U00731,C013,2023-08-03 17:23:19
T01993,U00332,C009,2023-08-03 19:09:48
T01994,U01926,C027,2023-08-03 20:00:04
T01995,U01778,C037,2023-08-03 20:24:02
T01996,U00597,C006,2023-08-03 21:22:22
T01997,U01146,C004,2023-08-03 21:43:15
T01998,U02308,C031,2023-08-03 22:24:57
T01999,U01509,C013,2023-08-04 08:34:53
T02000,U02340,C038,2023-08-04 08:36:42
T02001,U00590,C009,2023-08-04 08:48:02
T02002,U00692,C046,2023-08-04 11:35:14
T02003,U02950,C013,2023-08-04 15:25:57
T02004,U00623,C001,2023-08-04 16:28:26
T02005,U00960,C023,2023-08-04 20:19:52
T02006,U02305,C012,2023-08-04 23:29:20
T02007,U00854,C027,2023-08-05 08:10:20
T02008,U01609,C026,2023-08-05 08:22:57
T02009,U01274,C001,2023-08-05 09:39:16
T02010,U00296,C041,2023-08-05 11:46:14
T02011,U02875,C039,2023-08-05 11:53:37
T02012,U00413,C009,2023-08-05 12:55:57
T02013,U01039,C003,2023-08-05 14:26:35
T02014,U01510,C017,2023-08-05 14:40:01
T02015,U00509,C050,2023-08-05 17:15:41
T02016,U01702,C014,2023-08-05 18:58:33
T02017,U02825,C022,2023-08-05 20:18:35
T02018,U02431,C043,2023-08-05 20:56:24
T02019,U02360,C038,2023-08-05 21:35:14
T02020,U01417,C004,2023-08-05 23:13:10
T02021,U00204,C013,2023-08-06 09:10:24
T02022,U02526,C018,2023-08-06 10:13:57
T02023,U00977,C022,2023-08-06 11:31:41
T02024,U01340,C048,2023-08-06 13:04:08
T02025,U01539,C017,2023-08-06 14:46:53
T02026,U00120,C028,2023-08-06 17:13:48
T02027,U00356,C044,2023-08-06 18:56:26
T02028,U02492,C014,2023-08-06 23:50:39
T02029,U01796,C019,2023-08-07 09:39:48
T02030,U01302,C040,2023-08-07 09:51:00
T02031,U00760,C024,2023-08-07 10:19:05
T02032,U01032,C016,2023-08-07 11:27:11
T02033,U01071,C011,2023-08-07 17:39:52
T02034,U02680,C038,2023-08-07 22:35:31
T02035,U00283,C034,2023-08-08 09:31:45
T02036,U00531,C041,2023-08-08 11:02:20
T02037,U02535,C006,2023-08-08 11:05:06
T02038,U01974,C047,2023-08-08 12:51:02
T02039,U02330,C004,2023-08-08 13:13:55
T02040,U02560,C024,2023-08-08 13:21:20
T02041,U00868,C014,2023-08-08 13:44:36
T02042,U02623,C010,2023-08-08 16:08:05
T02043,U02697,C048,2023-08-08 17:36:28
T02044,U02192,C014,2023-08-08 19:37:24
T02045,U02558,C005,2023-08-09 08:41:01
T02046,U02129,C037,2023-08-09 09:32:54
T02047,U01429,C047,2023-08-09 11:03:28
T02048,U00716,C009,2023-08-09 15:22:19
T02049,U02922,C034,2023-08-09 15:53:53
T02050,U00759,C038,2023-08-09 17:41:10
T02051,U01856,C002,2023-08-09 17:53:44
T02052,U01457,C039,2023-08-09 17:56:38
T02053,U01798,C015,2023-08-09 18:28:22
T02054,U01021,C009,2023-08-09 19:32:00
T02055,U01596,C031,2023-08-09 19:47:20
T02056,U01485,C009,2023-08-09 20:15:11
T02057,U01461,C011,2023-08-09 21:05:46
T02058,U01227,C025,2023-08-09 21:17:19
T02059,U01992,C048,2023-08-10 12:12:26
T02060,U02332,C045,2023-08-10 13:49:59
T02061,U01003,C006,2023-08-10 15:19:40
T02062,U00615,C003,2023-08-10 17:54:27
T02063,U01640,C009,2023-08-10 18:26:42
T02064,U01501,C038,2023-08-10 19:19:18
T02065,U01913,C038,2023-08-10 21:03:48
T02066,U02428,C050,2023-08-10 22:21:34
T02067,U02163,C030,2023-08-11 09:46:04
T02068,U01401,C004,2023-08-11 10:58:06
T02069,U02109,C004,2023-08-11 14:13:23
T02070,U02373,C016,2023-08-11 15:53:08
T02071,U02888,C034,2023-08-11 15:54:34
T02072,U02257,C019,2023-08-11 16:57:34
T02073,U01048,C020,2023-08-11 17:02:40
T02074,U01180,C022,2023-08-11 17:08:53
T02075,U00344,C012,2023-08-11 20:47:10
T02076,U02440,C031,2023-08-11 20:55:48
T02077,U00016,C026,2023-08-11 22:58:55
T02078,U01062,C016,2023-08-12 08:07:52
T02079,U02532,C048,2023-08-12 09:28:52
T02080,U00837,C016,2023-08-12 10:50:17
T02081,U02642,C014,2023-08-12 12:14:57
T02082,U00531,C030,2023-08-12 12:28:16
T02083,U02514,C009,2023-08-12 19:00:30
T02084,U02195,C013,2023-08-12 21:25:36
T02085,U01417,C035,2023-08-13 08:50:14
T02086,U02093,C013,2023-08-13 12:01:49
T02087,U00867,C001,2023-08-13 13:26:15
T02088,U01077,C018,2023-08-13 15:24:05
T02089,U00828,C012,2023-08-13 15:25:13
T02090,U01148,C050,2023-08-13 18:21:10
T02091,U02735,C042,2023-08-13 18:25:36
T02092,U00464,C001,2023-08-13 22:04:31
T02093,U00935,C021,2023-08-14 12:01:38
T02094,U00732,C044,2023-08-14 14:11:52
T02095,U00538,C004,2023-08-14 16:12:01
T02096,U02534,C004,2023-08-14 17:46:01
T02097,U01698,C006,2023-08-14 17:59:18
T02098,U02067,C047,2023-08-14 18:11:45
T02099,U02811,C002,2023-08-14 20:23:44
T02100,U01730,C034,2023-08-15 09:42:59
T02101,U00375,C016,2023-08-15 13:43:18
T02102,U01940,C002,2023-08-15 15:17:06
T02103,U00095,C022,2023-08-15 17:56:32
T02104,U00764,C021,2023-08-15 18:21:13
T02105,U01516,C025,2023-08-15 18:55:58
T02106,U01329,C045,2023-08-15 19:21:26
T02107,U01905,C031,2023-08-15 21:01:45
T02108,U02929,C027,2023-08-15 23:28:00
T02109,U02992,C006,2023-08-16 09:03:01
T02110,U01890,C016,2023-08-16 11:52:12
T02111,U02778,C032,2023-08-16 11:53:11
T02112,U00447,C019,2023-08-16 13:13:36
T02113,U02337,C015,2023-08-16 14:02:18
T02114,U01487,C004,2023-08-16 15:58:52
T02115,U01183,C037,2023-08-16 17:17:20
T02116,U00053,C020,2023-08-16 17:29:54
T02117,U00117,C036,2023-08-16 18:45:07
T02118,U02074,C019,2023-08-16 19:25:34
T02119,U01694,C037,2023-08-16 19:54:04
T02120,U02720,C048,2023-08-16 20:55:22
T02121,U01412,C019,2023-08-16 22:21:06
T02122,U02641,C041,2023-08-16 23:03:07
T02123,U01564,C011,2023-08-16 23:15:17
T02124,U00897,C004,2023-08-17 09:15:59
T02125,U01472,C033,2023-08-17 11:29:51
T02126,U01328,C038,2023-08-17 11:32:04
T02127,U01006,C004,2023-08-17 12:30:31
T02128,U00921,C037,2023-08-17 13:52:31
T02129,U00522,C039,2023-08-17 14:33:40
T02130,U02427,C004,2023-08-17 18:27:55
T02131,U00366,C002,2023-08-17 18:28:01
T02132,U00994,C039,2023-08-17 18:49:17
T02133,U01748,C024,2023-08-17 19:21:20
T02134,U01753,C012,2023-08-17 22:01:44
T02135,U00360,C037,2023-08-17 23:08:10
T02136,U00847,C041,2023-08-18 08:31:51
T02137,U01299,C006,2023-08-18 08:35:30
T02138,U00422,C024,2023-08-18 08:48:09
T02139,U02880,C049,2023-08-18 13:33:25
T02140,U02077,C032,2023-08-18 14:39:42
T02141,U01996,C042,2023-08-18 16:51:38
T02142,U00112,C002,2023-08-18 18:18:28
T02143,U01174,C029,2023-08-18 18:57:14
T02144,U00298,C050,2023-08-18 19:43:29
T02145,U02189,C018,2023-08-18 21:49:39
T02146,U01841,C006,2023-08-18 23:04:59
T02147,U01677,C041,2023-08-19 08:45:38
T02148,U01366,C038,2023-08-19 10:33:54
T02149,U02567,C020,2023-08-19 13:05:10
T02150,U02608,C009,2023-08-19 13:24:08
T02151,U02732,C014,2023-08-19 15:34:50
T02152,U01614,C024,2023-08-19 16:11:46
T02153,U02442,C032,2023-08-19 16:23:51
T02154,U02019,C006,2023-08-19 18:42:10
T02155,U00751,C047,2023-08-19 20:07:17
T02156,U02927,C006,2023-08-20 09:12:19
T02157,U00944,C033,2023-08-20 10:06:27
T02158,U02810,C003,2023-08-20 15:34:44
T02159,U00543,C012,2023-08-20 17:30:55
T02160,U01652,C004,2023-08-20 18:47:25
T02161,U02010,C018,2023-08-20 19:43:43
T02162,U01044,C006,2023-08-20 20:25:38
T02163,U02714,C002,2023-08-20 22:08:03
T02164,U01786,C050,2023-08-21 08:47:51
T02165,U00668,C020,2023-08-21 10:58:02
T02166,U02023,C012,2023-08-21 11:09:06
T02167,U00375,C003,2023-08-21 13:29:47
T02168,U01038,C026,2023-08-21 14:12:45
T02169,U02333,C047,2023-08-21 14:58:00
T02170,U01328,C020,2023-08-21 15:13:20
T02171,U02852,C001,2023-08-21 16:34:41
T02172,U02266,C021,2023-08-21 19:06:14
T02173,U02287,C028,2023-08-21 19:50:55
T02174,U00121,C038,2023-08-21 20:15:32
T02175,U00432,C032,2023-08-21 22:24:22
T02176,U02946,C032,2023-08-21 23:00:09
T02177,U01914,C032,2023-08-22 08:12:42
T02178,U01244,C020,2023-08-22 08:29:51
T02179,U01615,C021,2023-08-22 09:47:57
T02180,U02132,C047,2023-08-22 10:47:48
T02181,U02472,C019,2023-08-22 11:09:07
T02182,U02300,C039,2023-08-22 12:47:00
T02183,U01018,C028,2023-08-22 18:57:02
T02184,U02885,C045,2023-08-22 19:05:40
T02185,U02946,C002,2023-08-22 20:28:44
T02186,U00036,C025,2023-08-22 20:40:59
T02187,U01597,C031,2023-08-22 22:01:00
T02188,U00306,C001,2023-08-23 08:33:08
T02189,U00788,C019,2023-08-23 10:50:08
T02190,U02300,C004,2023-08-23 12:23:54
T02191,U00990,C004,2023-08-23 13:25:29
T02192,U00014,C045,2023-08-23 14:08:02
T02193,U01031,C003,2023-08-23 15:20:57
T02194,U02933,C007,2023-08-23 16:06:36
T02195,U01319,C012,2023-08-23 17:21:36
T02196,U01544,C026,2023-08-23 17:36:00
T02197,U00257,C044,2023-08-23 18:55:30
T02198,U02374,C014,2023-08-24 10:50:07
T02199,U01024,C011,2023-08-24 11:44:46
T02200,U00095,C004,2023-08-24 14:41:42
T02201,U02708,C048,2023-08-24 18:48:16
T02202,U00691,C038,2023-08-24 19:43:10
T02203,U01748,C035,2023-08-24 20:08:46
T02204,U00849,C032,2023-08-24 20:24:13
T02205,U01375,C049,2023-08-25 08:18:17
T02206,U00287,C009,2023-08-25 08:39:54
T02207,U00398,C013,2023-08-25 09:29:24
T02208,U01873,C009,2023-08-25 13:00:36
T02209,U00983,C035,2023-08-25 13:05:35
T02210,U00218,C048,2023-08-25 15:51:20
T02211,U01305,C044,2023-08-25 19:38:41
T02212,U00421,C009,2023-08-25 20:20:31
T02213,U02743,C007,2023-08-25 21:06:39
T02214,U00764,C013,2023-08-25 22:38:21
T02215,U01896,C048,2023-08-26 11:29:24
T02216,U00349,C039,2023-08-26 12:05:46
T02217,U01258,C004,2023-08-26 14:30:30
T02218,U02869,C022,2023-08-26 15:53:59
T02219,U00762,C003,2023-08-26 16:56:27
T02220,U01056,C030,2023-08-26 20:09:28
T02221,U02250,C035,2023-08-27 10:41:05
T02222,U01136,C034,2023-08-27 11:44:31
T02223,U01139,C038,2023-08-27 13:34:27
T02224,U02274,C044,2023-08-27 16:50:02
T02225,U00438,C002,2023-08-27 17:46:50
T02226,U00827,C023,2023-08-27 19:33:44
T02227,U00251,C020,2023-08-27 20:33:48
T02228,U00736,C028,2023-08-27 21:24:14
T02229,U02019,C009,2023-08-27 23:51:28
T02230,U01280,C017,2023-08-28 10:21:11
T02231,U02135,C010,2023-08-28 11:28:50
T02232,U01044,C001,2023-08-28 16:13:11
T02233,U02036,C002,2023-08-28 17:21:01
T02234,U01050,C013,2023-08-28 19:40:38
T02235,U01657,C013,2023-08-28 19:48:10
T02236,U02632,C046,2023-08-28 19:49:45
T02237,U01073,C035,2023-08-28 23:52:04
T02238,U00437,C012,2023-08-29 08:30:29
T02239,U02525,C013,2023-08-29 10:39:50
T02240,U02068,C024,2023-08-29 11:23:07
T02241,U02301,C035,2023-08-29 12:12:38
T02242,U02888,C003,2023-08-29 12:54:36
T02243,U00812,C003,2023-08-29 14:15:30
T02244,U01435,C017,2023-08-29 14:44:32
T02245,U00564,C003,2023-08-29 19:01:05
T02246,U02720,C014,2023-08-29 20:12:21
T02247,U01602,C006,2023-08-30 09:38:51
T02248,U02880,C032,2023-08-30 11:05:11
T02249,U02771,C039,2023-08-30 12:51:38
T02250,U02277,C031,2023-08-30 17:05:20
T02251,U02559,C049,2023-08-30 17:19:37
T02252,U01905,C046,2023-08-30 19:40:34
T02253,U01316,C025,2023-08-30 19:59:01
T02254,U00242,C034,2023-08-30 21:07:22
T02255,U01623,C022,2023-08-31 11:35:45
T02256,U02283,C019,2023-08-31 12:15:54
T02257,U02198,C043,2023-08-31 15:33:38
T02258,U02776,C002,2023-08-31 18:06:12
T02259,U01551,C021,2023-08-31 18:57:32
T02260,U02570,C009,2023-08-31 19:33:11
T02261,U00877,C037,2023-08-31 20:10:04
T02262,U01529,C009,2023-08-31 23:41:10
T02263,U02490,C001,2023-09-01 08:33:14
T02264,U02477,C009,2023-09-01 10:18:03
T02265,U02444,C003,2023-09-01 12:59:45
T02266,U02069,C027,2023-09-01 16:19:53
T02267,U01271,C028,2023-09-01 18:37:37
T02268,U00511,C019,2023-09-01 20:11:50
T02269,U02141,C040,2023-09-02 08:42:16
T02270,U01418,C025,2023-09-02 09:08:32
T02271,U00487,C046,2023-09-02 11:17:09
T02272,U02740,C026,2023-09-02 12:02:08
T02273,U02793,C028,2023-09-02 14:34:25
T02274,U02820,C043,2023-09-02 17:25:17
T02275,U01664,C047,2023-09-02 17:39:36
T02276,U02872,C009,2023-09-02 17:39:48
T02277,U02029,C013,2023-09-02 18:47:45
T02278,U00412,C016,2023-09-02 22:06:29
T02279,U02617,C044,2023-09-02 22:49:46
T02280,U02761,C013,2023-09-03 08:44:34
T02281,U02644,C028,2023-09-03 09:59:48
T02282,U01110,C028,2023-09-03 10:11:45
T02283,U02185,C035,2023-09-03 11:31:40
T02284,U01967,C002,2023-09-03 11:45:15
T02285,U02604,C049,2023-09-03 12:05:36
T02286,U01800,C044,2023-09-03 12:47:48
T02287,U02377,C006,2023-09-03 13:02:16
T02288,U02702,C020,2023-09-03 14:03:44
T02289,U00680,C042,2023-09-03 14:05:19
T02290,U01209,C041,2023-09-03 14:09:25
T02291,U02319,C004,2023-09-03 16:36:51
T02292,U02250,C047,2023-09-03 17:22:28
T02293,U00050,C014,2023-09-03 17:54:10
T02294,U00744,C035,2023-09-03 18:24:16
T02295,U01204,C015,2023-09-03 18:48:19
T02296,U00696,C012,2023-09-03 18:50:22
T02297,U00147,C045,2023-09-04 08:30:10
T02298,U00489,C043,2023-09-04 08:56:31
T02299,U01299,C019,2023-09-04 09:24:49
T02300,U00258,C004,2023-09-04 10:28:19
T02301,U02300,C046,2023-09-04 13:58:23
T02302,U02776,C005,2023-09-04 14:46:06
T02303,U00350,C003,2023-09-04 18:28:34
T02304,U02213,C044,2023-09-04 18:52:52
T02305,U00736,C031,2023-09-04 20:21:34
T02306,U00580,C006,2023-09-04 20:28:33
T02307,U01791,C038,2023-09-05 09:28:11
T02308,U02349,C037,2023-09-05 09:28:46
T02309,U00700,C026,2023-09-05 11:06:50
T02310,U00954,C047,2023-09-05 11:18:05
T02311,U00627,C001,2023-09-05 13:58:28
T02312,U00223,C019,2023-09-05 14:14:12
T02313,U00214,C009,2023-09-05 16:44:28
T02314,U01334,C026,2023-09-05 19:14:29
T02315,U00859,C030,2023-09-05 21:52:45
T02316,U01105,C008,2023-09-06 08:09:49
T02317,U01063,C005,2023-09-06 08:50:00
T02318,U02798,C033,2023-09-06 10:32:21
T02319,U02130,C025,2023-09-06 12:52:11
T02320,U02127,C032,2023-09-06 13:34:56
T02321,U02619,C025,2023-09-06 16:46:49
T02322,U00860,C042,2023-09-06 17:37:12
T02323,U02456,C004,2023-09-06 19:11:17
T02324,U01016,C001,2023-09-07 17:23:27
T02325,U02706,C027,2023-09-07 18:39:18
T02326,U00393,C041,2023-09-07 18:45:02
T02327,U00709,C022,2023-09-07 18:58:22
T02328,U01630,C003,2023-09-07 19:04:14
T02329,U02737,C020,2023-09-07 22:23:59
T02330,U00934,C020,2023-09-08 09:22:55
T02331,U02840,C028,2023-09-08 17:02:24
T02332,U02649,C009,2023-09-08 20:11:58
T02333,U02023,C009,2023-09-08 22:08:09
T02334,U02214,C046,2023-09-09 10:54:47
T02335,U00773,C004,2023-09-09 13:04:37
T02336,U00795,C038,2023-09-09 14:06:06
T02337,U02855,C022,2023-09-09 15:48:23
T02338,U02889,C011,2023-09-09 17:08:41
T02339,U00379,C014,2023-09-09 23:51:11
T02340,U01940,C019,2023-09-10 08:15:42
T02341,U02851,C044,2023-09-10 09:00:47
T02342,U02265,C028,2023-09-10 13:25:37
T02343,U01413,C001,2023-09-10 15:22:40
T02344,U01621,C027,2023-09-10 16:04:50
T02345,U00613,C020,2023-09-10 16:39:32
T02346,U01180,C045,2023-09-10 20:02:57
T02347,U00907,C048,2023-09-10 20:27:54
T02348,U01110,C018,2023-09-10 22:16:30
T02349,U01113,C047,2023-09-10 22:16:56
T02350,U02213,C017,2023-09-11 08:03:04
T02351,U00161,C002,2023-09-11 09:35:16
T02352,U01855,C047,2023-09-11 11:02:24
T02353,U02906,C003,2023-09-11 11:06:24
T02354,U00674,C031,2023-09-11 11:27:34
T02355,U00709,C028,2023-09-12 08:52:17
T02356,U01449,C006,2023-09-12 09:20:44
T02357,U00784,C035,2023-09-12 09:52:21
T02358,U00715,C012,2023-09-12 09:53:23
T02359,U00904,C045,2023-09-12 10:27:46
T02360,U01788,C028,2023-09-12 11:39:07
T02361,U01525,C028,2023-09-12 12:47:51
T02362,U01600,C022,2023-09-12 18:02:09
T02363,U02893,C028,2023-09-12 18:03:56
T02364,U02103,C003,2023-09-12 18:31:14
T02365,U00332,C045,2023-09-13 10:07:47
T02366,U00719,C039,2023-09-13 12:30:13
T02367,U01424,C018,2023-09-13 14:39:35
T02368,U01650,C029,2023-09-13 16:28:50
T02369,U01769,C011,2023-09-13 19:04:11
T02370,U00615,C014,2023-09-13 21:20:55
T02371,U02090,C009,2023-09-13 21:49:00
T02372,U02711,C007,2023-09-13 23:46:59
T02373,U02393,C045,2023-09-14 08:34:11
T02374,U02475,C037,2023-09-14 10:44:33
T02375,U02645,C002,2023-09-14 12:04:19
T02376,U00067,C005,2023-09-14 13:07:23
T02377,U01394,C033,2023-09-14 13:13:55
T02378,U02474,C044,2023-09-14 14:11:33
T02379,U02880,C035,2023-09-14 14:40:01
T02380,U01226,C022,2023-09-14 14:58:24
T02381,U01801,C014,2023-09-14 18:24:55
T02382,U01284,C031,2023-09-14 19:04:55
T02383,U02832,C016,2023-09-14 19:46:24
T02384,U01906,C027,2023-09-14 21:04:04
T02385,U01641,C011,2023-09-14 21:42:17
T02386,U00850,C004,2023-09-14 22:40:57
T02387,U02985,C033,2023-09-15 08:10:04
T02388,U02575,C012,2023-09-15 13:04:22
T02389,U02927,C004,2023-09-15 14:37:32
T02390,U01492,C046,2023-09-15 16:47:44
T02391,U01377,C011,2023-09-15 16:58:03
T02392,U02119,C011,2023-09-15 22:14:39
T02393,U00211,C027,2023-09-15 22:59:25
T02394,U00981,C035,2023-09-16 11:11:55
T02395,U00816,C020,2023-09-16 11:21:59
T02396,U02664,C026,2023-09-16 12:09:10
T02397,U01584,C005,2023-09-16 15:37:43
T02398,U02593,C007,2023-09-16 15:59:53
T02399,U01778,C014,2023-09-16 16:44:24
T02400,U01452,C012,2023-09-16 16:46:23
T02401,U02951,C048,2023-09-16 22:30:38
T02402,U01607,C013,2023-09-17 08:21:01
T02403,U02187,C025,2023-09-17 08:50:33
T02404,U01413,C047,2023-09-17 08:59:12
T02405,U02421,C019,2023-09-17 09:07:07
T02406,U00902,C032,2023-09-17 09:40:09
T02407,U00068,C004,2023-09-17 11:41:53
T02408,U02347,C018,2023-09-17 12:01:09
T02409,U01627,C034,2023-09-17 13:23:10
T02410,U02704,C004,2023-09-17 13:23:22
T02411,U01326,C018,2023-09-17 15:40:11
T02412,U02524,C012,2023-09-17 16:17:30
T02413,U00623,C046,2023-09-17 16:55:37
T02414,U02698,C006,2023-09-17 18:02:01
T02415,U00580,C044,2023-09-18 10:07:09
T02416,U01385,C044,2023-09-18 11:32:25
T02417,U01644,C026,2023-09-18 11:48:15
T02418,U01912,C025,2023-09-18 15:40:48
T02419,U00959,C048,2023-09-18 18:09:52
T02420,U00849,C031,2023-09-18 20:04:34
T02421,U01649,C003,2023-09-18 21:51:01
T02422,U01380,C006,2023-09-19 10:41:03
T02423,U02317,C015,2023-09-19 12:15:57
T02424,U02263,C007,2023-09-19 13:16:05
T02425,U00038,C017,2023-09-19 13:55:30
T02426,U00812,C036,2023-09-19 18:51:47
T02427,U02544,C013,2023-09-19 22:38:35
T02428,U01470,C038,2023-09-20 10:21:24
T02429,U02879,C047,2023-09-20 11:50:17
T02430,U00101,C037,2023-09-20 17:35:33
T02431,U02315,C032,2023-09-20 18:42:54
T02432,U00502,C028,2023-09-20 19:17:12
T02433,U02423,C004,2023-09-20 20:13:26
T02434,U02168,C014,2023-09-20 23:40:44
T02435,U01427,C049,2023-09-21 08:39:57
T02436,U02218,C013,2023-09-21 10:49:49
T02437,U02405,C007,2023-09-21 15:39:02
T02438,U01716,C035,2023-09-21 16:56:59
T02439,U01623,C048,2023-09-21 17:08:55
T02440,U02480,C020,2023-09-21 18:53:43
T02441,U00917,C020,2023-09-21 20:45:37
T02442,U01718,C031,2023-09-21 21:24:17
T02443,U00299,C004,2023-09-21 21:56:06
T02444,U02953,C044,2023-09-21 22:13:39
T02445,U00066,C009,2023-09-21 22:46:33
T02446,U00859,C002,2023-09-21 23:10:38
T02447,U01483,C014,2023-09-22 08:34:17
T02448,U01162,C003,2023-09-22 08:57:11
T02449,U02714,C032,2023-09-22 13:07:55
T02450,U02853,C038,2023-09-22 13:11:37
T02451,U02203,C028,2023-09-22 18:36:21
T02452,U01524,C002,2023-09-22 19:36:23
T02453,U02763,C014,2023-09-22 19:39:43
T02454,U02540,C038,2023-09-22 19:55:03
T02455,U02605,C041,2023-09-22 20:23:23
T02456,U01668,C046,2023-09-22 21:35:35
T02457,U00283,C016,2023-09-22 22:35:18
T02458,U02168,C011,2023-09-22 23:16:46
T02459,U00661,C044,2023-09-22 23:51:27
T02460,U02081,C001,2023-09-23 11:45:26
T02461,U00700,C036,2023-09-23 11:52:35
T02462,U01153,C035,2023-09-23 12:29:40
T02463,U01609,C025,2023-09-23 15:05:26
T02464,U00213,C004,2023-09-23 16:56:34
T02465,U02801,C022,2023-09-23 17:49:06
T02466,U00152,C014,2023-09-23 19:13:26
T02467,U02766,C035,2023-09-23 22:31:16
T02468,U02373,C023,2023-09-23 23:01:02
T02469,U01907,C027,2023-09-24 15:58:59
T02470,U02037,C041,2023-09-24 15:59:20
T02471,U00688,C048,2023-09-24 20:26:53
T02472,U00584,C030,2023-09-24 21:46:31
T02473,U02037,C046,2023-09-24 22:58:56
T02474,U00049,C046,2023-09-24 23:58:42
T02475,U02983,C026,2023-09-25 11:14:36
T02476,U01111,C041,2023-09-25 12:07:36
T02477,U02893,C043,2023-09-25 12:19:13
T02478,U02851,C027,2023-09-25 15:25:08
T02479,U01351,C004,2023-09-25 16:09:06
T02480,U00519,C022,2023-09-25 17:28:39
T02481,U00339,C029,2023-09-25 18:13:47
T02482,U01221,C050,2023-09-25 18:28:31
T02483,U00815,C012,2023-09-25 18:54:35
T02484,U00587,C023,2023-09-25 20:31:32
T02485,U01506,C002,2023-09-25 20:35:26
T02486,U00014,C003,2023-09-25 21:05:43
T02487,U02953,C018,2023-09-25 22:05:12
T02488,U00373,C020,2023-09-25 23:29:26
T02489,U00505,C025,2023-09-26 10:26:54
T02490,U01919,C014,2023-09-26 10:44:31
T02491,U01458,C013,2023-09-26 12:08:42
T02492,U00544,C007,2023-09-26 13:35:29
T02493,U02877,C007,2023-09-26 14:40:38
T02494,U02358,C009,2023-09-26 16:29:27
T02495,U00378,C024,2023-09-26 17:27:38
T02496,U00412,C039,2023-09-26 17:43:41
T02497,U02708,C006,2023-09-26 17:47:14
T02498,U01371,C021,2023-09-26 17:53:14
T02499,U02889,C030,2023-09-26 18:22:07
T02500,U02770,C006,2023-09-26 18:26:14
T02501,U01983,C009,2023-09-26 21:04:38
T02502,U02323,C049,2023-09-27 09:35:12
T02503,U02120,C047,2023-09-27 13:30:24
T02504,U01227,C032,2023-09-27 14:02:37
T02505,U01090,C026,2023-09-27 17:12:35
T02506,U01121,C006,2023-09-27 20:03:59
T02507,U01176,C013,2023-09-27 21:20:52
T02508,U00613,C041,2023-09-27 22:42:48
T02509,U02646,C039,2023-09-27 22:42:54
T02510,U01263,C037,2023-09-28 12:29:56
T02511,U02221,C010,2023-09-28 13:12:22
T02512,U02124,C012,2023-09-28 14:59:46
T02513,U02038,C041,2023-09-28 15:02:14
T02514,U02355,C013,2023-09-28 17:39:04
T02515,U00528,C003,2023-09-28 18:26:37
T02516,U00386,C003,2023-09-28 18:29:50
T02517,U01513,C048,2023-09-28 19:46:55
T02518,U00683,C042,2023-09-28 20:03:21
T02519,U01985,C003,2023-09-28 22:22:39
T02520,U02155,C037,2023-09-29 08:42:05
T02521,U01543,C002,2023-09-29 10:12:30
T02522,U01906,C049,2023-09-29 10:16:56
T02523,U00170,C006,2023-09-29 10:33:16
T02524,U02489,C030,2023-09-29 14:18:35
T02525,U01795,C045,2023-09-29 15:33:00
T02526,U01690,C044,2023-09-29 16:31:05
T02527,U02838,C047,2023-09-29 18:27:35
T02528,U00979,C013,2023-09-29 21:19:36
T02529,U01209,C042,2023-09-29 21:32:21
T02530,U01918,C030,2023-09-29 22:41:51
T02531,U01034,C025,2023-09-30 08:43:35
T02532,U00365,C029,2023-09-30 09:44:33
T02533,U02643,C013,2023-09-30 11:17:58
T02534,U00657,C016,2023-09-30 12:01:05
T02535,U01753,C044,2023-09-30 14:24:36
T02536,U01461,C012,2023-09-30 15:09:43
T02537,U01935,C006,2023-09-30 15:10:51
T02538,U00045,C041,2023-09-30 15:57:03
T02539,U02885,C011,2023-09-30 18:47:32
T02540,U02671,C026,2023-09-30 20:11:25
T02541,U01507,C013,2023-09-30 20:14:54
T02542,U01519,C001,2023-09-30 22:27:50
T02543,U01259,C020,2023-09-30 23:23:42
T02544,U00150,C047,2023-10-01 08:36:38
T02545,U00577,C035,2023-10-01 09:05:20
T02546,U01489,C017,2023-10-01 10:53:58
T02547,U00658,C009,2023-10-01 12:13:55
T02548,U02396,C033,2023-10-01 12:29:46
T02549,U02431,C028,2023-10-01 12:54:40
T02550,U02934,C009,2023-10-01 15:53:35
T02551,U00528,C041,2023-10-01 18:41:41
T02552,U00137,C022,2023-10-01 19:32:51
T02553,U02424,C032,2023-10-02 08:38:41
T02554,U00501,C046,2023-10-02 14:59:39
T02555,U01193,C044,2023-10-02 17:04:16
T02556,U01614,C031,2023-10-02 17:21:45
T02557,U02742,C019,2023-10-02 22:46:49
T02558,U00494,C027,2023-10-03 09:03:41
T02559,U02440,C006,2023-10-03 09:29:35
T02560,U00884,C004,2023-10-03 11:51:53
T02561,U02943,C014,2023-10-03 13:18:00
T02562,U00339,C048,2023-10-03 14:13:34
T02563,U00312,C049,2023-10-03 15:14:16
T02564,U02198,C017,2023-10-03 15:20:42
T02565,U02398,C016,2023-10-03 15:21:46
T02566,U01166,C014,2023-10-03 19:45:35
T02567,U01892,C024,2023-10-03 20:00:44
T02568,U01464,C004,2023-10-03 20:44:13
T02569,U00918,C006,2023-10-03 21:16:44
T02570,U01238,C008,2023-10-03 21:43:56
T02571,U01981,C040,2023-10-03 22:45:29
T02572,U02024,C018,2023-10-03 23:27:26
T02573,U00063,C022,2023-10-04 08:40:46
T02574,U00764,C047,2023-10-04 08:58:44
T02575,U01789,C009,2023-10-04 10:11:05
T02576,U00243,C041,2023-10-04 10:24:39
T02577,U01151,C014,2023-10-04 12:01:39
T02578,U01999,C025,2023-10-04 12:59:06
T02579,U02708,C007,2023-10-04 17:45:16
T02580,U01328,C037,2023-10-04 19:53:52
T02581,U02223,C012,2023-10-04 20:07:14
T02582,U00017,C021,2023-10-04 21:07:26
T02583,U01773,C014,2023-10-04 21:10:23
T02584,U01876,C006,2023-10-04 23:50:14
T02585,U01163,C039,2023-10-05 08:10:33
T02586,U02989,C022,2023-10-05 09:24:00
T02587,U00916,C006,2023-10-05 12:16:15
T02588,U02178,C020,2023-10-05 13:13:38
T02589,U02521,C006,2023-10-05 14:02:02
T02590,U00121,C049,2023-10-05 17:44:42
T02591,U02030,C038,2023-10-05 18:09:02
T02592,U00407,C006,2023-10-05 18:17:09
T02593,U02706,C029,2023-10-05 18:39:25
T02594,U01243,C004,2023-10-05 21:05:48
T02595,U01822,C050,2023-10-06 09:47:56
T02596,U02404,C033,2023-10-06 12:00:32
T02597,U00773,C042,2023-10-06 12:47:04
T02598,U01224,C038,2023-10-06 15:42:09
T02599,U01777,C046,2023-10-06 16:47:48
T02600,U02790,C026,2023-10-06 21:37:39
T02601,U00642,C006,2023-10-06 21:47:38
T02602,U02858,C032,2023-10-06 22:07:22
T02603,U02420,C034,2023-10-06 22:19:59
T02604,U01534,C022,2023-10-07 09:25:40
T02605,U01616,C017,2023-10-07 09:53:50
T02606,U01010,C046,2023-10-07 11:18:19
T02607,U01006,C006,2023-10-07 11:25:00
T02608,U01882,C010,2023-10-07 13:47:14
T02609,U01553,C003,2023-10-07 17:59:39
T02610,U01945,C029,2023-10-07 20:53:28
T02611,U00157,C030,2023-10-07 22:28:22
T02612,U01180,C039,2023-10-08 09:21:41
T02613,U02162,C012,2023-10-08 14:15:37
T02614,U01926,C006,2023-10-08 14:51:59
T02615,U00452,C037,2023-10-08 15:24:43
T02616,U00433,C018,2023-10-08 15:45:32
T02617,U02138,C028,2023-10-08 16:10:05
T02618,U00731,C017,2023-10-08 17:31:01
T02619,U01030,C035,2023-10-08 21:41:03
T02620,U00843,C044,2023-10-08 23:14:33
T02621,U01011,C009,2023-10-09 09:59:29
T02622,U00384,C013,2023-10-09 11:43:21
T02623,U00926,C014,2023-10-09 12:12:31
T02624,U00710,C003,2023-10-09 12:33:34
T02625,U01682,C026,2023-10-09 14:15:38
T02626,U02584,C031,2023-10-09 14:39:18
T02627,U02342,C002,2023-10-09 14:45:42
T02628,U00154,C032,2023-10-09 14:46:37
T02629,U02797,C014,2023-10-09 20:43:50
T02630,U02358,C031,2023-10-10 08:07:02
T02631,U00439,C028,2023-10-10 08:18:31
T02632,U00980,C012,2023-10-10 08:25:35
T02633,U00514,C003,2023-10-10 09:07:24
T02634,U02835,C014,2023-10-10 09:32:48
T02635,U00624,C009,2023-10-10 12:23:30
T02636,U00607,C030,2023-10-10 17:16:03
T02637,U00243,C019,2023-10-10 17:29:40
T02638,U00157,C014,2023-10-10 17:31:35
T02639,U00869,C032,2023-10-10 17:42:58
T02640,U02858,C048,2023-10-10 17:44:51
T02641,U00192,C013,2023-10-10 18:26:23
T02642,U01989,C022,2023-10-10 18:42:45
T02643,U00182,C033,2023-10-10 20:08:06
T02644,U02910,C029,2023-10-10 21:49:41
T02645,U02284,C021,2023-10-10 22:34:28
T02646,U02323,C004,2023-10-11 13:02:56
T02647,U02897,C006,2023-10-11 15:13:22
T02648,U01759,C001,2023-10-11 18:59:57
T02649,U01639,C006,2023-10-11 19:15:55
T02650,U01931,C007,2023-10-11 19:48:51
T02651,U01020,C002,2023-10-11 20:32:46
T02652,U02932,C013,2023-10-11 21:01:11
T02653,U00652,C028,2023-10-11 23:29:31
T02654,U02302,C003,2023-10-12 08:56:05
T02655,U02373,C047,2023-10-12 09:17:25
T02656,U01327,C012,2023-10-12 09:35:45
T02657,U01129,C017,2023-10-12 13:12:22
T02658,U01899,C012,2023-10-12 13:29:17
T02659,U01747,C013,2023-10-12 15:25:08
T02660,U00889,C028,2023-10-12 18:54:42
T02661,U02403,C032,2023-10-12 20:09:10
T02662,U01178,C020,2023-10-12 20:15:36
T02663,U02418,C049,2023-10-12 20:16:34
T02664,U00597,C032,2023-10-12 21:22:03
T02665,U00367,C022,2023-10-13 11:05:07
T02666,U01631,C042,2023-10-13 12:43:17
T02667,U00630,C041,2023-10-13 13:40:28
T02668,U01976,C009,2023-10-13 19:53:19
T02669,U02047,C028,2023-10-13 22:21:07
T02670,U02390,C003,2023-10-14 08:52:52
T02671,U01113,C003,2023-10-14 09:39:41
T02672,U02051,C001,2023-10-14 14:30:59
T02673,U02244,C021,2023-10-14 16:25:36
T02674,U00646,C046,2023-10-14 16:47:23
T02675,U02306,C013,2023-10-14 19:35:40
T02676,U00487,C031,2023-10-14 21:10:44
T02677,U01988,C013,2023-10-15 10:09:59
T02678,U02538,C009,2023-10-15 10:43:11
T02679,U00986,C048,2023-10-15 11:42:52
T02680,U00317,C034,2023-10-15 11:55:49
T02681,U00773,C012,2023-10-15 12:16:59
T02682,U02592,C022,2023-10-15 12:32:05
T02683,U00460,C049,2023-10-15 13:16:18
T02684,U00455,C032,2023-10-15 14:33:21
T02685,U00378,C014,2023-10-15 18:16:33
T02686,U02433,C038,2023-10-15 19:14:59
T02687,U01408,C048,2023-10-15 21:18:46
T02688,U02279,C048,2023-10-15 21:30:46
T02689,U01244,C032,2023-10-15 22:53:03
T02690,U00980,C032,2023-10-15 23:04:33
T02691,U02149,C045,2023-10-16 08:49:39
T02692,U00552,C001,2023-10-16 08:54:16
T02693,U01095,C021,2023-10-16 11:21:26
T02694,U02639,C027,2023-10-16 11:31:33
T02695,U02851,C010,2023-10-16 13:05:59
T02696,U02232,C014,2023-10-16 14:16:33
T02697,U01701,C016,2023-10-16 19:03:58
T02698,U00195,C038,2023-10-16 20:48:13
T02699,U01204,C024,2023-10-16 22:41:09
T02700,U01338,C026,2023-10-16 23:40:56
T02701,U00259,C027,2023-10-16 23:48:30
T02702,U00069,C030,2023-10-17 08:19:26
T02703,U01078,C012,2023-10-17 08:23:35
T02704,U01875,C007,2023-10-17 08:42:17
T02705,U02885,C009,2023-10-17 08:48:46
T02706,U00159,C037,2023-10-17 08:54:32
T02707,U00070,C042,2023-10-17 11:31:12
T02708,U01072,C041,2023-10-17 12:49:41
T02709,U02844,C018,2023-10-17 13:07:38
T02710,U01117,C009,2023-10-17 14:25:21
T02711,U02452,C026,2023-10-17 17:00:02
T02712,U02083,C002,2023-10-17 20:08:13
T02713,U00083,C035,2023-10-17 20:44:54
T02714,U02237,C018,2023-10-17 20:55:31
T02715,U01017,C031,2023-10-17 22:10:08
T02716,U02277,C010,2023-10-18 17:29:06
T02717,U00620,C038,2023-10-18 18:38:19
T02718,U01766,C003,2023-10-18 23:10:49
T02719,U01046,C048,2023-10-19 08:56:59
T02720,U02510,C048,2023-10-19 12:17:54
T02721,U01631,C003,2023-10-19 18:00:40
T02722,U00514,C026,2023-10-19 19:29:39
T02723,U01121,C004,2023-10-19 19:50:27
T02724,U00683,C007,2023-10-20 08:06:40
T02725,U02798,C009,2023-10-20 11:56:40
T02726,U02932,C016,2023-10-20 12:25:08
T02727,U02748,C041,2023-10-20 13:09:20
T02728,U01383,C035,2023-10-20 13:58:23
T02729,U02999,C033,2023-10-20 16:18:37
T02730,U01065,C044,2023-10-20 17:06:32
T02731,U01517,C002,2023-10-20 20:04:50
T02732,U01517,C018,2023-10-20 21:16:56
T02733,U02115,C041,2023-10-20 22:35:44
T02734,U01161,C038,2023-10-20 22:51:10
T02735,U02694,C001,2023-10-20 22:51:58
T02736,U02987,C002,2023-10-21 08:33:33
T02737,U02738,C011,2023-10-21 09:11:17
T02738,U00696,C035,2023-10-21 09:49:56
T02739,U02848,C014,2023-10-21 11:54:52
T02740,U00017,C041,2023-10-21 12:09:36
T02741,U00393,C004,2023-10-21 16:26:05
T02742,U00130,C032,2023-10-21 19:04:50
T02743,U01237,C002,2023-10-21 19:15:51
T02744,U00553,C044,2023-10-21 19:26:40
T02745,U02774,C016,2023-10-21 20:14:27
T02746,U02558,C004,2023-10-21 20:36:27
T02747,U00086,C007,2023-10-21 20:49:22
T02748,U01851,C048,2023-10-21 21:35:04
T02749,U01073,C030,2023-10-22 11:36:27
T02750,U00070,C009,2023-10-22 14:49:16
T02751,U00265,C025,2023-10-22 20:14:16
T02752,U00626,C036,2023-10-22 20:59:58
T02753,U01963,C022,2023-10-22 22:35:48
T02754,U02412,C045,2023-10-23 09:55:12
T02755,U00757,C004,2023-10-23 11:15:48
T02756,U00811,C024,2023-10-23 15:44:14
T02757,U00226,C014,2023-10-23 16:25:14
T02758,U00627,C038,2023-10-23 18:56:51
T02759,U00331,C046,2023-10-23 19:38:41
T02760,U01425,C033,2023-10-23 19:58:16
T02761,U02867,C039,2023-10-23 20:08:37
T02762,U01394,C005,2023-10-23 23:37:15
T02763,U02560,C006,2023-10-24 08:13:10
T02764,U02566,C009,2023-10-24 08:18:57
T02765,U00751,C049,2023-10-24 09:20:29
T02766,U00881,C012,2023-10-24 09:49:24
T02767,U01174,C013,2023-10-24 10:24:18
T02768,U02312,C007,2023-10-24 13:53:59
T02769,U02957,C048,2023-10-24 16:20:55
T02770,U01501,C048,2023-10-24 18:28:43
T02771,U00940,C019,2023-10-24 19:55:02
T02772,U02039,C004,2023-10-24 21:01:32
T02773,U02029,C035,2023-10-24 21:42:20
T02774,U02318,C004,2023-10-24 22:47:47
T02775,U02177,C034,2023-10-24 23:21:53
T02776,U02693,C018,2023-10-25 10:22:53
T02777,U01027,C034,2023-10-25 12:27:01
T02778,U01424,C009,2023-10-25 14:24:23
T02779,U00438,C027,2023-10-25 16:03:40
T02780,U02396,C004,2023-10-25 20:37:42
T02781,U00469,C015,2023-10-25 23:30:27
T02782,U01051,C004,2023-10-26 09:40:52
T02783,U02987,C037,2023-10-26 10:07:16
T02784,U01253,C009,2023-10-26 11:27:09
T02785,U00226,C001,2023-10-26 12:03:33
T02786,U02245,C006,2023-10-26 12:20:36
T02787,U00942,C049,2023-10-26 14:45:09
T02788,U02607,C046,2023-10-26 14:45:14
T02789,U01602,C008,2023-10-26 14:55:47
T02790,U01239,C009,2023-10-26 17:19:05
T02791,U01166,C016,2023-10-26 17:29:47
T02792,U01452,C018,2023-10-26 18:30:43
T02793,U02347,C011,2023-10-26 23:59:03
T02794,U01218,C017,2023-10-27 08:38:22
T02795,U01739,C047,2023-10-27 09:52:24
T02796,U00828,C026,2023-10-27 17:27:56
T02797,U02619,C046,2023-10-27 18:12:23
T02798,U00044,C006,2023-10-27 19:29:16
T02799,U02232,C035,2023-10-27 21:10:36
T02800,U01573,C010,2023-10-27 21:27:25
T02801,U00908,C013,2023-10-27 22:18:24
T02802,U00458,C014,2023-10-27 22:22:14
T02803,U02155,C001,2023-10-27 23:24:19
T02804,U02481,C009,2023-10-28 08:23:52
T02805,U00669,C009,2023-10-28 10:49:32
T02806,U01911,C002,2023-10-28 13:24:35
T02807,U01843,C031,2023-10-28 13:45:15
T02808,U01849,C034,2023-10-28 15:30:02
T02809,U01838,C020,2023-10-28 21:41:20
T02810,U02872,C046,2023-10-28 22:37:23
T02811,U01031,C035,2023-10-29 09:11:02
T02812,U02404,C048,2023-10-29 15:17:34
T02813,U02083,C001,2023-10-29 16:07:36
T02814,U02278,C006,2023-10-29 19:39:56
T02815,U02962,C012,2023-10-29 20:39:01
T02816,U01408,C028,2023-10-30 16:33:20
T02817,U02869,C047,2023-10-30 18:10:06
T02818,U02644,C041,2023-10-30 19:52:09
T02819,U00674,C024,2023-10-31 08:00:25
T02820,U02393,C039,2023-10-31 09:51:01
T02821,U00094,C031,2023-10-31 11:25:26
T02822,U01790,C045,2023-10-31 14:30:52
T02823,U01856,C028,2023-10-31 14:56:37
T02824,U02426,C028,2023-10-31 21:16:10
T02825,U02252,C036,2023-10-31 22:31:39
T02826,U00438,C001,2023-10-31 23:37:10
T02827,U00043,C016,2023-11-01 08:14:16
T02828,U02266,C014,2023-11-01 11:35:45
T02829,U00506,C013,2023-11-01 15:15:20
T02830,U02790,C038,2023-11-01 16:36:44
T02831,U00592,C038,2023-11-01 21:08:19
T02832,U02858,C006,2023-11-01 22:12:16
T02833,U00966,C034,2023-11-01 23:18:57
T02834,U01394,C030,2023-11-02 10:09:25
T02835,U01627,C025,2023-11-02 11:43:10
T02836,U02779,C027,2023-11-02 12:55:27
T02837,U00539,C026,2023-11-02 14:31:20
T02838,U01222,C031,2023-11-02 18:57:33
T02839,U02179,C002,2023-11-02 19:40:01
T02840,U01507,C002,2023-11-02 20:31:48
T02841,U01893,C020,2023-11-02 23:40:39
T02842,U01898,C023,2023-11-03 08:59:32
T02843,U02764,C036,2023-11-03 10:39:49
T02844,U01424,C035,2023-11-03 13:59:47
T02845,U01331,C050,2023-11-03 14:51:20
T02846,U01933,C002,2023-11-03 16:18:27
T02847,U01584,C002,2023-11-03 18:34:29
T02848,U00117,C009,2023-11-03 19:35:30
T02849,U00688,C035,2023-11-03 19:50:30
T02850,U02164,C008,2023-11-03 20:06:29
T02851,U02230,C031,2023-11-03 20:30:34
T02852,U01438,C027,2023-11-03 22:05:07
T02853,U02693,C034,2023-11-04 08:49:22
T02854,U02201,C018,2023-11-04 12:25:37
T02855,U02317,C037,2023-11-04 13:20:41
T02856,U02721,C029,2023-11-04 17:12:16
T02857,U02424,C031,2023-11-04 17:51:08
T02858,U02611,C042,2023-11-04 17:58:52
T02859,U02285,C035,2023-11-04 18:47:57
T02860,U02732,C003,2023-11-04 19:03:10
T02861,U00378,C046,2023-11-04 19:59:08
T02862,U00363,C035,2023-11-04 20:47:02
T02863,U00548,C049,2023-11-05 08:07:48
T02864,U01336,C017,2023-11-05 12:59:34
T02865,U02756,C009,2023-11-05 13:38:20
T02866,U02192,C009,2023-11-05 15:09:21
T02867,U01252,C013,2023-11-05 15:13:06
T02868,U00339,C020,2023-11-05 16:35:30
T02869,U02294,C004,2023-11-05 17:19:18
T02870,U00208,C047,2023-11-05 20:22:42
T02871,U02529,C045,2023-11-05 21:02:47
T02872,U00705,C035,2023-11-05 23:21:18
T02873,U01814,C004,2023-11-05 23:50:17
T02874,U01934,C026,2023-11-06 16:59:35
T02875,U01984,C045,2023-11-06 18:12:19
T02876,U00553,C003,2023-11-06 19:03:18
T02877,U00169,C009,2023-11-06 20:41:24
T02878,U00708,C022,2023-11-06 20:48:02
T02879,U00809,C039,2023-11-06 21:21:10
T02880,U01606,C013,2023-11-07 08:31:13
T02881,U02271,C013,2023-11-07 11:58:30
T02882,U01625,C010,2023-11-07 14:09:53
T02883,U02093,C038,2023-11-07 15:41:31
T02884,U01679,C003,2023-11-07 18:14:36
T02885,U00245,C003,2023-11-07 18:20:41
T02886,U00743,C032,2023-11-07 18:25:37
T02887,U00014,C026,2023-11-07 21:12:52
T02888,U00908,C048,2023-11-07 23:04:21
T02889,U01447,C049,2023-11-07 23:08:29
T02890,U02673,C047,2023-11-07 23:42:23
T02891,U01573,C019,2023-11-07 23:51:03
T02892,U02835,C004,2023-11-07 23:58:46
T02893,U02178,C012,2023-11-08 12:04:15
T02894,U00243,C039,2023-11-08 12:55:10
T02895,U02125,C034,2023-11-08 12:57:03
T02896,U02151,C002,2023-11-08 14:33:41
T02897,U02114,C020,2023-11-08 14:50:26
T02898,U02774,C041,2023-11-08 15:29:42
T02899,U01336,C013,2023-11-08 15:49:58
T02900,U01208,C037,2023-11-09 08:30:42
T02901,U01244,C006,2023-11-09 10:03:17
T02902,U00105,C003,2023-11-09 11:48:26
T02903,U00422,C035,2023-11-09 12:28:34
T02904,U02609,C048,2023-11-09 14:50:26
T02905,U02999,C016,2023-11-09 16:55:25
T02906,U01008,C047,2023-11-09 19:15:47
T02907,U00178,C004,2023-11-09 21:01:15
T02908,U02372,C016,2023-11-09 21:56:25
T02909,U01487,C010,2023-11-09 22:02:04
T02910,U00076,C028,2023-11-09 22:18:16
T02911,U00477,C027,2023-11-10 18:03:21
T02912,U00834,C036,2023-11-10 20:01:11
T02913,U00227,C020,2023-11-10 23:34:02
T02914,U02375,C026,2023-11-10 23:42:29
T02915,U00768,C038,2023-11-11 08:07:29
T02916,U00182,C048,2023-11-11 08:12:33
T02917,U02558,C027,2023-11-11 09:04:34
T02918,U00152,C031,2023-11-11 12:10:11
T02919,U01071,C040,2023-11-11 17:22:56
T02920,U01291,C006,2023-11-12 10:51:36
T02921,U01393,C037,2023-11-12 11:28:14
T02922,U00431,C038,2023-11-12 12:05:08
T02923,U02507,C038,2023-11-12 12:54:55
T02924,U01820,C046,2023-11-12 16:45:09
T02925,U00461,C019,2023-11-12 16:49:27
T02926,U00468,C047,2023-11-12 18:57:25
T02927,U02158,C032,2023-11-12 19:12:53
T02928,U02327,C003,2023-11-12 20:59:03
T02929,U00265,C004,2023-11-13 10:27:40
T02930,U01957,C014,2023-11-13 14:54:02
T02931,U01158,C006,2023-11-13 17:16:57
T02932,U01715,C004,2023-11-13 18:11:24
T02933,U01153,C044,2023-11-13 19:11:15
T02934,U02877,C046,2023-11-13 22:57:05
T02935,U01758,C007,2023-11-14 10:05:01
T02936,U01067,C042,2023-11-14 11:14:06
T02937,U01063,C013,2023-11-14 11:34:47
T02938,U01567,C032,2023-11-14 17:07:30
T02939,U00290,C027,2023-11-14 18:26:41
T02940,U01760,C009,2023-11-14 18:37:57
T02941,U01786,C045,2023-11-14 18:55:58
T02942,U02865,C038,2023-11-14 20:31:05
T02943,U00590,C024,2023-11-14 21:56:58
T02944,U00657,C006,2023-11-14 22:53:45
T02945,U01704,C028,2023-11-15 08:31:06
T02946,U01098,C038,2023-11-15 08:37:50
T02947,U02541,C006,2023-11-15 11:21:13
T02948,U01510,C037,2023-11-15 15:08:39
T02949,U01481,C009,2023-11-15 16:12:32
T02950,U02609,C012,2023-11-16 12:58:53
T02951,U02282,C021,2023-11-16 13:29:24
T02952,U00063,C032,2023-11-16 15:14:44
T02953,U02442,C041,2023-11-16 16:03:02
T02954,U01919,C001,2023-11-16 18:34:33
T02955,U01676,C033,2023-11-16 19:04:46
T02956,U02362,C014,2023-11-16 19:28:06
T02957,U02532,C044,2023-11-16 22:59:17
T02958,U02844,C038,2023-11-17 08:21:15
T02959,U02518,C009,2023-11-17 09:47:23
T02960,U00074,C046,2023-11-17 10:58:07
T02961,U01739,C025,2023-11-17 11:54:14
T02962,U00464,C041,2023-11-17 14:39:25
T02963,U01979,C044,2023-11-17 20:19:23
T02964,U01700,C020,2023-11-17 20:50:28
T02965,U00373,C038,2023-11-17 22:05:38
T02966,U01878,C044,2023-11-18 10:38:16
T02967,U01311,C049,2023-11-18 12:53:33
T02968,U01993,C022,2023-11-18 13:59:43
T02969,U01625,C040,2023-11-18 15:49:01
T02970,U02635,C040,2023-11-18 21:52:07
T02971,U02638,C030,2023-11-18 22:14:06
T02972,U00060,C001,2023-11-19 10:08:39
T02973,U00945,C006,2023-11-19 15:46:16
T02974,U01531,C022,2023-11-19 16:38:49
T02975,U01030,C049,2023-11-19 17:07:17
T02976,U00957,C041,2023-11-19 17:53:14
T02977,U01901,C019,2023-11-20 09:19:11
T02978,U00590,C013,2023-11-20 11:24:28
T02979,U01477,C009,2023-11-20 11:38:51
T02980,U02739,C025,2023-11-20 13:15:01
T02981,U02822,C033,2023-11-20 18:00:50
T02982,U00010,C035,2023-11-20 19:11:28
T02983,U01594,C006,2023-11-20 20:12:13
T02984,U00088,C001,2023-11-21 10:16:41
T02985,U00621,C043,2023-11-21 10:25:53
T02986,U02436,C002,2023-11-21 11:05:23
T02987,U00965,C004,2023-11-21 11:08:20
T02988,U01554,C034,2023-11-21 14:49:25
T02989,U01365,C009,2023-11-21 15:43:12
T02990,U01416,C020,2023-11-21 16:51:47
T02991,U01838,C011,2023-11-21 20:11:20
T02992,U01929,C026,2023-11-21 21:12:17
T02993,U02432,C027,2023-11-21 21:21:44
T02994,U00032,C016,2023-11-21 21:47:31
T02995,U02641,C039,2023-11-21 23:12:41
T02996,U02396,C027,2023-11-21 23:42:40
T02997,U01005,C048,2023-11-22 10:47:18
T02998,U00491,C022,2023-11-22 11:39:23
T02999,U01081,C003,2023-11-22 13:01:09
T03000,U00822,C013,2023-11-22 14:54:34
T03001,U02818,C002,2023-11-22 17:04:48
T03002,U01082,C003,2023-11-22 18:28:50
T03003,U02201,C006,2023-11-22 19:34:43
T03004,U00104,C036,2023-11-22 21:06:16
T03005,U01345,C041,2023-11-22 22:24:20
T03006,U00623,C042,2023-11-23 09:31:34
T03007,U01578,C002,2023-11-23 10:49:43
T03008,U00638,C045,2023-11-23 17:46:43
T03009,U01271,C027,2023-11-23 19:37:39
T03010,U01335,C048,2023-11-23 19:41:30
T03011,U00463,C032,2023-11-23 20:24:21
T03012,U01077,C006,2023-11-23 21:33:36
T03013,U00416,C028,2023-11-23 23:24:04
T03014,U01609,C014,2023-11-24 10:07:30
T03015,U00365,C028,2023-11-24 12:29:53
T03016,U02761,C019,2023-11-24 14:12:18
T03017,U02670,C026,2023-11-24 17:49:07
T03018,U00502,C031,2023-11-24 18:08:02
T03019,U01751,C026,2023-11-24 20:59:33
T03020,U01011,C046,2023-11-24 23:03:22
T03021,U00059,C027,2023-11-25 09:00:28
T03022,U02157,C009,2023-11-25 09:43:44
T03023,U02400,C044,2023-11-25 09:56:38
T03024,U00711,C002,2023-11-25 10:32:35
T03025,U02315,C003,2023-11-25 10:40:19
T03026,U02732,C022,2023-11-25 13:52:35
T03027,U01077,C025,2023-11-25 15:44:05
T03028,U01965,C037,2023-11-25 16:32:52
T03029,U01214,C004,2023-11-25 19:40:18
T03030,U00768,C029,2023-11-25 19:59:12
T03031,U02819,C049,2023-11-25 22:19:43
T03032,U00512,C020,2023-11-26 08:55:40
T03033,U02200,C046,2023-11-26 08:57:22
T03034,U02385,C049,2023-11-26 10:45:52
T03035,U01660,C003,2023-11-26 13:25:39
T03036,U00714,C031,2023-11-26 16:15:53
T03037,U02709,C026,2023-11-26 16:17:37
T03038,U01175,C033,2023-11-26 16:45:38
T03039,U01899,C006,2023-11-26 20:51:59
T03040,U01102,C025,2023-11-26 21:02:57
T03041,U02372,C025,2023-11-26 21:52:09
T03042,U02185,C011,2023-11-26 23:27:48
T03043,U02197,C009,2023-11-27 08:41:28
T03044,U02195,C032,2023-11-27 09:26:39
T03045,U01907,C046,2023-11-27 12:07:01
T03046,U02194,C031,2023-11-27 13:53:49
T03047,U01177,C014,2023-11-27 16:26:07
T03048,U01308,C018,2023-11-27 22:45:19
T03049,U00437,C011,2023-11-27 23:36:46
T03050,U00477,C023,2023-11-28 09:25:07
T03051,U02565,C014,2023-11-28 11:05:24
T03052,U02380,C013,2023-11-28 11:09:13
T03053,U01060,C025,2023-11-28 15:29:58
T03054,U02853,C032,2023-11-28 17:10:43
T03055,U02527,C022,2023-11-28 20:14:43
T03056,U02333,C012,2023-11-28 21:30:05
T03057,U00137,C017,2023-11-28 22:31:02
T03058,U01240,C025,2023-11-28 22:44:20
T03059,U00537,C027,2023-11-29 09:38:41
T03060,U00273,C022,2023-11-29 11:33:42
T03061,U01439,C038,2023-11-29 13:46:05
T03062,U01616,C012,2023-11-29 15:10:25
T03063,U01671,C020,2023-11-29 15:20:34
T03064,U02037,C004,2023-11-29 15:28:16
T03065,U02216,C004,2023-11-29 16:17:01
T03066,U01383,C041,2023-11-29 18:26:13
T03067,U00940,C013,2023-11-29 18:43:28
T03068,U01050,C047,2023-11-29 19:20:05
T03069,U02120,C013,2023-11-30 08:10:23
T03070,U02724,C012,2023-11-30 08:19:14
T03071,U00643,C014,2023-11-30 09:00:16
T03072,U01893,C018,2023-11-30 09:43:31
T03073,U02579,C045,2023-11-30 09:45:03
T03074,U02958,C011,2023-11-30 10:30:53
T03075,U00668,C037,2023-11-30 11:32:27
T03076,U01904,C041,2023-11-30 12:08:47
T03077,U02201,C046,2023-11-30 12:27:42
T03078,U02805,C015,2023-11-30 13:00:40
T03079,U02722,C006,2023-11-30 14:18:56
T03080,U00537,C044,2023-11-30 14:37:33
T03081,U00508,C041,2023-11-30 15:05:35
T03082,U01674,C004,2023-11-30 15:29:17
T03083,U01522,C022,2023-11-30 18:18:44
T03084,U01065,C034,2023-11-30 21:09:00
T03085,U02250,C032,2023-11-30 22:51:48
T03086,U01639,C004,2023-11-30 23:53:44
T03087,U00238,C010,2023-12-01 08:11:26
T03088,U00273,C007,2023-12-01 14:30:24
T03089,U00773,C006,2023-12-01 15:56:33
T03090,U02218,C022,2023-12-01 16:01:25
T03091,U02640,C003,2023-12-01 16:47:57
T03092,U02582,C047,2023-12-01 17:55:03
T03093,U01238,C048,2023-12-01 18:51:37
T03094,U01946,C031,2023-12-01 20:10:50
T03095,U02211,C003,2023-12-01 21:38:25
T03096,U01019,C026,2023-12-01 23:35:31
T03097,U01919,C010,2023-12-02 10:16:40
T03098,U00471,C004,2023-12-02 10:23:34
T03099,U02577,C013,2023-12-02 14:34:23
T03100,U01600,C026,2023-12-02 15:11:36
T03101,U02232,C004,2023-12-02 18:47:53
T03102,U01398,C034,2023-12-02 18:53:09
T03103,U02856,C014,2023-12-02 19:49:09
T03104,U00668,C014,2023-12-02 21:06:29
T03105,U01125,C041,2023-12-02 21:17:16
T03106,U02991,C033,2023-12-02 21:30:16
T03107,U00718,C009,2023-12-02 21:53:26
T03108,U00890,C020,2023-12-02 22:24:32
T03109,U01536,C019,2023-12-02 22:36:33
T03110,U01310,C022,2023-12-02 23:17:05
T03111,U00674,C019,2023-12-03 11:00:10
T03112,U01315,C004,2023-12-03 13:42:27
T03113,U02796,C027,2023-12-03 13:54:35
T03114,U01945,C003,2023-12-03 14:23:09
T03115,U01138,C041,2023-12-03 18:07:59
T03116,U00365,C003,2023-12-03 22:05:46
T03117,U00657,C012,2023-12-03 23:29:40
T03118,U00344,C048,2023-12-04 08:22:43
T03119,U02255,C016,2023-12-04 08:42:57
T03120,U01323,C014,2023-12-04 09:22:30
T03121,U01843,C017,2023-12-04 10:48:23
T03122,U02533,C046,2023-12-04 14:36:11
T03123,U00842,C003,2023-12-04 15:14:46
T03124,U02039,C050,2023-12-04 17:49:38
T03125,U02188,C001,2023-12-04 19:28:44
T03126,U00229,C028,2023-12-04 20:55:43
T03127,U00664,C013,2023-12-04 23:28:56
T03128,U01364,C043,2023-12-05 09:40:40
T03129,U00533,C025,2023-12-05 12:00:47
T03130,U02766,C027,2023-12-05 13:25:27
T03131,U00269,C020,2023-12-05 14:21:26
T03132,U01392,C012,2023-12-05 17:27:05
T03133,U01267,C004,2023-12-05 18:29:45
T03134,U00675,C006,2023-12-05 19:44:43
T03135,U02103,C006,2023-12-05 21:35:01
T03136,U00182,C019,2023-12-05 21:52:09
T03137,U00307,C018,2023-12-05 22:22:09
T03138,U00559,C036,2023-12-06 08:30:22
T03139,U01092,C006,2023-12-06 09:15:17
T03140,U01911,C001,2023-12-06 10:09:42
T03141,U00293,C011,2023-12-06 10:29:51
T03142,U02750,C026,2023-12-06 10:50:11
T03143,U00618,C021,2023-12-06 13:41:54
T03144,U00293,C028,2023-12-06 14:41:31
T03145,U02573,C049,2023-12-06 19:53:10
T03146,U00463,C041,2023-12-07 09:16:52
T03147,U02805,C037,2023-12-07 11:54:41
T03148,U00220,C036,2023-12-07 13:30:20
T03149,U01586,C046,2023-12-07 17:11:06
T03150,U02214,C017,2023-12-07 18:03:29
T03151,U02475,C012,2023-12-07 20:29:27
T03152,U02448,C024,2023-12-08 09:51:54
T03153,U01272,C047,2023-12-08 10:02:01
T03154,U02138,C007,2023-12-08 12:38:42
T03155,U02685,C038,2023-12-08 13:27:31
T03156,U02486,C003,2023-12-08 16:49:39
T03157,U01628,C025,2023-12-08 22:20:08
T03158,U00086,C038,2023-12-09 08:55:43
T03159,U00319,C004,2023-12-09 09:19:33
T03160,U01844,C006,2023-12-09 09:33:26
T03161,U01700,C001,2023-12-09 11:42:35
T03162,U00705,C026,2023-12-09 13:05:17
T03163,U02985,C048,2023-12-09 13:12:47
T03164,U00553,C032,2023-12-09 17:33:40
T03165,U02498,C028,2023-12-09 19:29:54
T03166,U00009,C012,2023-12-09 20:30:31
T03167,U00349,C005,2023-12-09 20:33:43
T03168,U00163,C001,2023-12-09 23:22:02
T03169,U00564,C002,2023-12-10 12:54:47
T03170,U02757,C032,2023-12-10 13:10:01
T03171,U02635,C041,2023-12-10 17:49:20
T03172,U02049,C012,2023-12-10 19:11:24
T03173,U00035,C020,2023-12-10 22:03:58
T03174,U01005,C002,2023-12-10 23:51:55
T03175,U00539,C031,2023-12-11 09:58:42
T03176,U01226,C004,2023-12-11 11:17:56
T03177,U02969,C026,2023-12-11 11:20:59
T03178,U02123,C044,2023-12-11 14:28:27
T03179,U01369,C013,2023-12-11 15:40:22
T03180,U02508,C014,2023-12-11 15:59:45
T03181,U01172,C049,2023-12-11 16:37:26
T03182,U02081,C028,2023-12-11 16:41:38
T03183,U01371,C002,2023-12-11 17:42:31
T03184,U02603,C012,2023-12-11 21:53:58
T03185,U01046,C046,2023-12-11 22:32:45
T03186,U02668,C041,2023-12-12 11:34:03
T03187,U02084,C004,2023-12-12 11:55:23
T03188,U02776,C032,2023-12-12 15:41:34
T03189,U02770,C013,2023-12-12 16:11:28
T03190,U01232,C007,2023-12-12 17:00:29
T03191,U02133,C027,2023-12-12 18:01:02
T03192,U02680,C027,2023-12-12 19:51:11
T03193,U01226,C039,2023-12-12 22:56:33
T03194,U00559,C014,2023-12-13 12:52:28
T03195,U02436,C033,2023-12-13 16:34:51
T03196,U00559,C002,2023-12-13 17:44:23
T03197,U02140,C039,2023-12-13 18:24:30
T03198,U02922,C006,2023-12-13 18:34:47
T03199,U00955,C048,2023-12-13 19:08:54
T03200,U02121,C026,2023-12-13 21:06:27
T03201,U02195,C003,2023-12-14 08:35:30
T03202,U00813,C001,2023-12-14 11:09:18
T03203,U00464,C002,2023-12-14 13:41:31
T03204,U01545,C025,2023-12-14 14:37:51
T03205,U01910,C004,2023-12-14 15:55:30
T03206,U01640,C016,2023-12-14 16:22:05
T03207,U01032,C019,2023-12-14 16:31:23
T03208,U01545,C050,2023-12-14 22:00:16
T03209,U00278,C001,2023-12-14 23:44:38
T03210,U02731,C041,2023-12-15 10:29:16
T03211,U02447,C017,2023-12-15 10:57:30
T03212,U00146,C030,2023-12-15 11:18:50
T03213,U02790,C043,2023-12-15 11:41:10
T03214,U00616,C025,2023-12-15 17:29:31
T03215,U02212,C005,2023-12-15 20:04:03
T03216,U01212,C016,2023-12-15 20:25:25
T03217,U01022,C047,2023-12-15 21:15:39
T03218,U01503,C002,2023-12-15 21:48:01
T03219,U00832,C006,2023-12-16 10:18:28
T03220,U02584,C029,2023-12-16 12:40:59
T03221,U02767,C048,2023-12-16 14:10:56
T03222,U01814,C025,2023-12-16 18:36:50
T03223,U02639,C035,2023-12-16 19:58:10
T03224,U01346,C010,2023-12-16 20:20:48
T03225,U02581,C028,2023-12-16 20:38:09
T03226,U02402,C020,2023-12-16 22:32:19
T03227,U00942,C016,2023-12-17 09:08:31
T03228,U02120,C046,2023-12-17 09:34:11
T03229,U02331,C027,2023-12-17 10:01:49
T03230,U02068,C031,2023-12-17 11:16:49
T03231,U01245,C049,2023-12-17 11:52:18
T03232,U02290,C024,2023-12-17 12:41:56
T03233,U02352,C023,2023-12-17 13:52:56
T03234,U01734,C041,2023-12-17 17:35:10
T03235,U00304,C041,2023-12-17 22:59:22
T03236,U00615,C044,2023-12-18 10:40:13
T03237,U00140,C048,2023-12-18 10:47:43
T03238,U02345,C041,2023-12-18 12:13:54
T03239,U01196,C002,2023-12-18 15:36:30
T03240,U00701,C012,2023-12-18 19:10:46
T03241,U00209,C026,2023-12-18 19:22:52
T03242,U02436,C041,2023-12-18 20:03:00
T03243,U00909,C006,2023-12-18 21:25:47
T03244,U02533,C008,2023-12-19 08:38:02
T03245,U01881,C028,2023-12-19 09:33:06
T03246,U01748,C018,2023-12-19 14:15:13
T03247,U01628,C002,2023-12-19 17:00:04
T03248,U01385,C025,2023-12-19 23:02:10
T03249,U01078,C026,2023-12-19 23:08:58
T03250,U02232,C038,2023-12-19 23:50:46
T03251,U00915,C002,2023-12-20 09:41:24
T03252,U01153,C047,2023-12-20 15:19:12
T03253,U02784,C019,2023-12-20 20:40:25
T03254,U00083,C017,2023-12-20 23:51:26
T03255,U00068,C017,2023-12-21 08:03:44
T03256,U00349,C027,2023-12-21 15:26:15
T03257,U00379,C019,2023-12-21 15:45:18
T03258,U02732,C035,2023-12-21 16:27:25
T03259,U00715,C013,2023-12-21 16:40:32
T03260,U00563,C001,2023-12-21 17:42:00
T03261,U00487,C017,2023-12-21 19:35:10
T03262,U00282,C037,2023-12-21 19:51:57
T03263,U00480,C049,2023-12-22 12:47:37
T03264,U01275,C019,2023-12-22 13:20:06
T03265,U02234,C019,2023-12-22 13:34:43
T03266,U00887,C005,2023-12-22 14:29:14
T03267,U01718,C022,2023-12-22 14:52:49
T03268,U00946,C004,2023-12-22 15:59:36
T03269,U01865,C024,2023-12-22 16:59:00
T03270,U00306,C003,2023-12-22 17:00:19
T03271,U02906,C002,2023-12-22 17:15:25
T03272,U02400,C027,2023-12-22 21:44:40
T03273,U02118,C044,2023-12-23 09:46:11
T03274,U00887,C004,2023-12-23 10:42:52
T03275,U01072,C048,2023-12-23 12:20:09
T03276,U02530,C041,2023-12-23 15:45:16
T03277,U01286,C031,2023-12-23 17:25:39
T03278,U00137,C047,2023-12-23 17:57:41
T03279,U02221,C015,2023-12-23 20:06:29
T03280,U00719,C013,2023-12-23 22:04:23
T03281,U00342,C026,2023-12-24 08:04:24
T03282,U00509,C020,2023-12-24 10:01:30
T03283,U00753,C045,2023-12-24 10:30:01
T03284,U00068,C035,2023-12-24 11:26:28
T03285,U00829,C004,2023-12-24 19:16:35
T03286,U02379,C024,2023-12-24 22:43:07
T03287,U00044,C010,2023-12-25 14:29:19
T03288,U02152,C027,2023-12-25 16:15:09
T03289,U01266,C035,2023-12-25 20:32:04
T03290,U02045,C011,2023-12-25 21:13:46
T03291,U01079,C043,2023-12-25 21:15:13
T03292,U01169,C017,2023-12-25 22:27:38
T03293,U02279,C001,2023-12-26 11:15:51
T03294,U02290,C020,2023-12-26 11:51:20
T03295,U01683,C019,2023-12-26 13:53:11
T03296,U01733,C004,2023-12-26 17:32:04
T03297,U00384,C019,2023-12-26 18:25:46
T03298,U00123,C027,2023-12-26 19:48:37
T03299,U01040,C016,2023-12-26 19:57:23
T03300,U02442,C034,2023-12-26 21:16:19
T03301,U02169,C045,2023-12-26 21:58:00
T03302,U02632,C038,2023-12-27 11:17:11
T03303,U02185,C006,2023-12-27 12:39:13
T03304,U00125,C034,2023-12-27 16:00:21
T03305,U02011,C006,2023-12-27 18:06:02
T03306,U02287,C027,2023-12-27 18:50:45
T03307,U00590,C019,2023-12-27 18:54:24
T03308,U00469,C005,2023-12-27 20:54:46
T03309,U01970,C028,2023-12-27 20:56:33
T03310,U01932,C004,2023-12-27 21:13:02
T03311,U02973,C037,2023-12-27 21:16:30
T03312,U01867,C003,2023-12-28 16:29:59
T03313,U00898,C013,2023-12-28 17:48:01
T03314,U00247,C040,2023-12-28 20:17:56
T03315,U02396,C010,2023-12-29 09:17:02
T03316,U01008,C032,2023-12-29 09:38:28
T03317,U01140,C001,2023-12-29 11:05:51
T03318,U02750,C041,2023-12-29 11:08:05
T03319,U00036,C004,2023-12-29 11:43:01
T03320,U02920,C013,2023-12-29 14:59:01
T03321,U01050,C046,2023-12-29 16:46:08
T03322,U00003,C020,2023-12-29 18:38:39
T03323,U00470,C031,2023-12-29 19:21:43
T03324,U01994,C028,2023-12-29 19:54:30
T03325,U01596,C017,2023-12-29 21:12:13
T03326,U00685,C019,2023-12-30 16:57:41
T03327,U00992,C012,2023-12-30 19:36:42
T03328,U01652,C022,2023-12-30 19:49:52
T03329,U01426,C018,2023-12-30 20:02:44
T03330,U00371,C021,2023-12-30 21:19:19
T03331,U01013,C049,2023-12-30 23:00:09
T03332,U02256,C041,2023-12-31 09:01:43
T03333,U01247,C046,2023-12-31 09:44:13
T03334,U02647,C025,2023-12-31 11:49:58
T03335,U00724,C004,2023-12-31 12:32:08
T03336,U01272,C009,2023-12-31 13:14:06
T03337,U01513,C035,2023-12-31 15:11:30
T03338,U02740,C028,2023-12-31 17:29:04
T03339,U00304,C045,2023-12-31 18:35:20
T03340,U00863,C007,2023-12-31 23:29:29
T03341,U02354,C038,2023-12-31 23:36:58
T03342,U02433,C018,2024-01-01 09:00:44
T03343,U02144,C002,2024-01-01 16:33:09
T03344,U01017,C044,2024-01-01 19:47:27
T03345,U00296,C030,2024-01-01 20:12:12
T03346,U00411,C021,2024-01-01 22:36:08
T03347,U00157,C012,2024-01-02 11:11:41
T03348,U01022,C032,2024-01-02 12:46:32
T03349,U00507,C032,2024-01-02 12:58:36
T03350,U02946,C045,2024-01-02 13:03:59
T03351,U01016,C023,2024-01-02 13:34:51
T03352,U00814,C037,2024-01-02 14:12:18
T03353,U00383,C008,2024-01-02 14:44:18
T03354,U00372,C026,2024-01-02 16:00:29
T03355,U00454,C010,2024-01-02 16:21:17
T03356,U01499,C046,2024-01-02 18:22:52
T03357,U00220,C013,2024-01-02 19:13:57
T03358,U02560,C029,2024-01-02 19:53:00
T03359,U00208,C012,2024-01-02 20:25:37
T03360,U00590,C031,2024-01-02 22:29:02
T03361,U00739,C035,2024-01-02 23:32:57
T03362,U02413,C048,2024-01-02 23:57:58
T03363,U02011,C004,2024-01-03 10:02:39
T03364,U02152,C044,2024-01-03 10:09:44
T03365,U02413,C012,2024-01-03 10:49:33
T03366,U00280,C027,2024-01-03 11:08:31
T03367,U01631,C002,2024-01-03 11:33:19
T03368,U00613,C034,2024-01-03 13:56:01
T03369,U02789,C002,2024-01-03 14:50:07
T03370,U00657,C046,2024-01-03 16:38:42
T03371,U00156,C022,2024-01-03 18:15:50
T03372,U02894,C016,2024-01-03 18:59:44
T03373,U02726,C044,2024-01-03 21:32:47
T03374,U01195,C044,2024-01-03 21:40:28
T03375,U00724,C047,2024-01-03 23:45:29
T03376,U00765,C019,2024-01-03 23:48:25
T03377,U01705,C025,2024-01-04 09:12:05
T03378,U02590,C018,2024-01-04 09:17:59
T03379,U02023,C045,2024-01-04 10:18:49
T03380,U02731,C002,2024-01-04 14:02:19
T03381,U02089,C025,2024-01-04 14:26:07
T03382,U00929,C050,2024-01-04 17:05:24
T03383,U00290,C004,2024-01-04 18:07:06
T03384,U02342,C004,2024-01-04 19:08:49
T03385,U00539,C002,2024-01-04 19:25:09
T03386,U01098,C020,2024-01-04 20:30:37
T03387,U02922,C020,2024-01-04 22:08:54
T03388,U01038,C014,2024-01-04 22:59:06
T03389,U00180,C033,2024-01-04 23:10:14
T03390,U01740,C026,2024-01-04 23:59:36
T03391,U02145,C037,2024-01-05 09:23:19
T03392,U01730,C036,2024-01-05 14:49:13
T03393,U02194,C013,2024-01-05 15:18:49
T03394,U00545,C029,2024-01-05 17:40:53
T03395,U00066,C048,2024-01-05 18:27:56
T03396,U02726,C040,2024-01-05 20:50:52
T03397,U01763,C046,2024-01-05 21:10:35
T03398,U02232,C025,2024-01-05 22:14:48
T03399,U01005,C039,2024-01-06 08:27:43
T03400,U01051,C006,2024-01-06 08:52:22
T03401,U02946,C013,2024-01-06 12:49:02
T03402,U02623,C005,2024-01-06 13:21:18
T03403,U01723,C002,2024-01-06 14:05:35
T03404,U00858,C013,2024-01-06 14:08:55
T03405,U02206,C041,2024-01-06 16:25:34
T03406,U00375,C002,2024-01-06 19:59:02
T03407,U02832,C011,2024-01-06 20:06:37
T03408,U01680,C013,2024-01-06 21:09:49
T03409,U01137,C021,2024-01-06 22:26:26
T03410,U00767,C047,2024-01-06 22:43:07
T03411,U02327,C009,2024-01-07 09:12:01
T03412,U00887,C018,2024-01-07 16:41:39
T03413,U02940,C046,2024-01-07 17:06:40
T03414,U01778,C049,2024-01-07 18:23:51
T03415,U01934,C046,2024-01-07 19:53:15
T03416,U00998,C036,2024-01-07 20:30:37
T03417,U02763,C002,2024-01-07 20:49:32
T03418,U02214,C047,2024-01-07 21:49:11
T03419,U02801,C013,2024-01-08 08:04:12
T03420,U00867,C002,2024-01-08 13:57:39
T03421,U01910,C046,2024-01-08 14:12:42
T03422,U01585,C048,2024-01-08 19:57:56
T03423,U01542,C021,2024-01-08 22:06:34
T03424,U00469,C002,2024-01-09 10:34:14
T03425,U01961,C028,2024-01-09 10:39:03
T03426,U01822,C011,2024-01-09 14:33:51
T03427,U02010,C026,2024-01-09 19:42:36
T03428,U00827,C037,2024-01-09 23:45:31
T03429,U00699,C044,2024-01-10 12:54:44
T03430,U01554,C038,2024-01-10 13:54:10
T03431,U01880,C004,2024-01-10 14:52:44
T03432,U01046,C013,2024-01-10 16:19:54
T03433,U02472,C012,2024-01-10 23:01:25
T03434,U01890,C006,2024-01-11 08:01:01
T03435,U02522,C003,2024-01-11 08:30:16
T03436,U00502,C006,2024-01-11 09:17:08
T03437,U01117,C018,2024-01-11 10:20:21
T03438,U01212,C014,2024-01-11 11:14:46
T03439,U01131,C036,2024-01-11 12:20:42
T03440,U01027,C009,2024-01-11 14:05:55
T03441,U02076,C003,2024-01-11 14:46:45
T03442,U02864,C047,2024-01-11 14:59:20
T03443,U02425,C009,2024-01-11 16:50:57
T03444,U01058,C026,2024-01-11 17:01:19
T03445,U01258,C022,2024-01-11 17:18:42
T03446,U00035,C032,2024-01-11 19:45:12
T03447,U02706,C038,2024-01-11 19:59:18
T03448,U00188,C012,2024-01-11 21:14:51
T03449,U02569,C001,2024-01-11 21:42:51
T03450,U01675,C002,2024-01-11 22:35:41
T03451,U02644,C013,2024-01-11 22:59:34
T03452,U00514,C028,2024-01-12 09:23:23
T03453,U00729,C033,2024-01-12 11:38:54
T03454,U01372,C006,2024-01-12 11:56:57
T03455,U01417,C043,2024-01-12 14:05:59
T03456,U00013,C028,2024-01-12 15:30:19
T03457,U00956,C017,2024-01-12 19:51:43
T03458,U02154,C006,2024-01-12 21:13:06
T03459,U01729,C035,2024-01-12 22:47:09
T03460,U00291,C047,2024-01-13 11:02:36
T03461,U00392,C012,2024-01-13 13:36:38
T03462,U02864,C042,2024-01-13 15:30:51
T03463,U01579,C037,2024-01-13 16:29:28
T03464,U01874,C015,2024-01-13 16:45:18
T03465,U00529,C028,2024-01-13 17:10:50
T03466,U02258,C012,2024-01-13 19:17:16
T03467,U01843,C003,2024-01-13 19:21:05
T03468,U02559,C002,2024-01-13 19:55:14
T03469,U01512,C016,2024-01-13 20:35:32
T03470,U02379,C012,2024-01-13 21:24:38
T03471,U01498,C031,2024-01-13 22:37:26
T03472,U02358,C016,2024-01-14 09:49:07
T03473,U02372,C032,2024-01-14 10:22:37
T03474,U00606,C031,2024-01-14 10:53:54
T03475,U02528,C016,2024-01-14 14:56:50
T03476,U01314,C007,2024-01-14 20:31:01
T03477,U02986,C041,2024-01-15 08:35:33
T03478,U02116,C013,2024-01-15 08:42:17
T03479,U01876,C043,2024-01-15 09:18:23
T03480,U00024,C013,2024-01-15 09:47:30
T03481,U02676,C004,2024-01-15 10:23:05
T03482,U02927,C025,2024-01-15 10:32:31
T03483,U02375,C045,2024-01-15 11:58:16
T03484,U00339,C042,2024-01-15 12:44:44
T03485,U01008,C006,2024-01-15 13:43:59
T03486,U02619,C030,2024-01-15 15:27:23
T03487,U01773,C002,2024-01-15 16:12:32
T03488,U02154,C007,2024-01-15 17:49:16
T03489,U02905,C048,2024-01-15 18:55:24
T03490,U02336,C001,2024-01-15 22:59:15
T03491,U02749,C014,2024-01-16 12:15:31
T03492,U01351,C035,2024-01-16 14:35:53
T03493,U01426,C009,2024-01-16 16:17:40
T03494,U01413,C022,2024-01-16 16:18:52
T03495,U02951,C016,2024-01-16 18:01:03
T03496,U02132,C019,2024-01-16 18:29:10
T03497,U01671,C009,2024-01-16 19:04:44
T03498,U01437,C022,2024-01-16 19:07:21
T03499,U02588,C012,2024-01-16 19:36:38
T03500,U01241,C003,2024-01-16 21:29:26
T03501,U00577,C037,2024-01-16 23:07:24
T03502,U00505,C035,2024-01-16 23:55:13
T03503,U00736,C018,2024-01-17 09:42:56
T03504,U01534,C004,2024-01-17 11:21:32
T03505,U01300,C028,2024-01-17 11:28:07
T03506,U02742,C016,2024-01-17 11:53:58
T03507,U02257,C032,2024-01-17 13:49:47
T03508,U01251,C041,2024-01-17 14:07:04
T03509,U02235,C014,2024-01-17 15:36:48
T03510,U01056,C005,2024-01-17 15:46:46
T03511,U02220,C037,2024-01-17 16:04:12
T03512,U01994,C037,2024-01-17 16:36:35
T03513,U01822,C027,2024-01-17 17:15:50
T03514,U01924,C025,2024-01-17 18:11:56
T03515,U02700,C003,2024-01-17 20:17:36
T03516,U00003,C019,2024-01-17 23:45:01
T03517,U00364,C032,2024-01-18 09:12:18
T03518,U01286,C003,2024-01-18 09:34:44
T03519,U02496,C028,2024-01-18 10:36:29
T03520,U00911,C034,2024-01-18 11:24:59
T03521,U01307,C047,2024-01-18 14:31:45
T03522,U01994,C002,2024-01-18 18:40:42
T03523,U00044,C041,2024-01-18 20:37:06
T03524,U00414,C013,2024-01-19 08:04:30
T03525,U00590,C036,2024-01-19 09:11:35
T03526,U00290,C019,2024-01-19 10:02:53
T03527,U00459,C048,2024-01-19 11:45:07
T03528,U02772,C004,2024-01-19 12:37:18
T03529,U01792,C007,2024-01-19 16:09:56
T03530,U01317,C013,2024-01-19 21:55:27
T03531,U00044,C014,2024-01-20 08:32:42
T03532,U01281,C011,2024-01-20 12:51:04
T03533,U02004,C004,2024-01-20 15:18:15
T03534,U00408,C049,2024-01-20 18:34:28
T03535,U01040,C011,2024-01-20 22:40:45
T03536,U02671,C022,2024-01-21 09:32:50
T03537,U02175,C028,2024-01-21 17:06:34
T03538,U01948,C004,2024-01-21 20:17:15
T03539,U00465,C031,2024-01-21 21:13:39
T03540,U00475,C019,2024-01-21 22:47:12
T03541,U00957,C001,2024-01-21 23:43:29
T03542,U01162,C026,2024-01-22 09:07:21
T03543,U00764,C041,2024-01-22 12:41:59
T03544,U01901,C035,2024-01-22 15:21:55
T03545,U00533,C009,2024-01-22 18:41:45
T03546,U01341,C026,2024-01-22 19:08:25
T03547,U01564,C022,2024-01-22 20:03:06
T03548,U00362,C009,2024-01-22 20:39:47
T03549,U00848,C017,2024-01-22 20:48:49
T03550,U00683,C019,2024-01-22 21:26:54
T03551,U01129,C012,2024-01-22 21:30:30
T03552,U00206,C003,2024-01-22 22:00:12
T03553,U02428,C009,2024-01-23 08:36:28
T03554,U00293,C031,2024-01-23 09:23:35
T03555,U00993,C004,2024-01-23 10:17:07
T03556,U01516,C004,2024-01-23 13:15:29
T03557,U00455,C041,2024-01-23 13:20:35
T03558,U02394,C045,2024-01-23 13:53:12
T03559,U02616,C044,2024-01-23 19:34:15
T03560,U02496,C022,2024-01-23 20:01:44
T03561,U02795,C018,2024-01-23 20:34:44
T03562,U00579,C013,2024-01-23 23:43:23
T03563,U01731,C037,2024-01-24 09:36:00
T03564,U02679,C042,2024-01-24 10:36:46
T03565,U01982,C019,2024-01-24 12:57:40
T03566,U02321,C012,2024-01-24 13:03:21
T03567,U01875,C046,2024-01-24 14:15:44
T03568,U00848,C046,2024-01-24 17:20:37
T03569,U02198,C033,2024-01-24 19:41:15
T03570,U02831,C012,2024-01-24 19:58:00
T03571,U01821,C042,2024-01-24 23:35:09
T03572,U00138,C009,2024-01-25 08:40:04
T03573,U01573,C025,2024-01-25 09:58:32
T03574,U02360,C014,2024-01-25 11:28:25
T03575,U02072,C018,2024-01-25 11:37:00
T03576,U00621,C032,2024-01-25 12:15:07
T03577,U00360,C004,2024-01-25 14:14:02
T03578,U00900,C030,2024-01-25 20:33:20
T03579,U02236,C031,2024-01-25 21:25:43
T03580,U00520,C038,2024-01-25 22:05:05
T03581,U01515,C004,2024-01-25 22:15:50
T03582,U00233,C014,2024-01-25 23:27:13
T03583,U02985,C019,2024-01-25 23:43:47
T03584,U01424,C004,2024-01-26 08:12:28
T03585,U01317,C004,2024-01-26 09:51:06
T03586,U02027,C018,2024-01-26 09:53:54
T03587,U02972,C006,2024-01-26 10:10:51
T03588,U02244,C014,2024-01-26 12:46:04
T03589,U00642,C026,2024-01-26 16:04:06
T03590,U00162,C025,2024-01-26 17:08:29
T03591,U02761,C030,2024-01-26 17:19:28
T03592,U01555,C042,2024-01-26 17:23:09
T03593,U00114,C039,2024-01-26 17:43:22
T03594,U02761,C004,2024-01-27 08:19:32
T03595,U00204,C047,2024-01-27 08:51:05
T03596,U02250,C026,2024-01-27 09:44:41
T03597,U00688,C046,2024-01-27 13:39:13
T03598,U01054,C041,2024-01-27 14:52:28
T03599,U00032,C001,2024-01-27 19:52:03
T03600,U02613,C011,2024-01-27 20:16:14
T03601,U01647,C013,2024-01-27 20:52:51
T03602,U02714,C026,2024-01-27 23:48:02
T03603,U02820,C006,2024-01-28 10:32:12
T03604,U02344,C020,2024-01-28 12:17:12
T03605,U02794,C014,2024-01-28 13:17:15
T03606,U01605,C031,2024-01-28 13:59:33
T03607,U02112,C009,2024-01-28 15:39:07
T03608,U02379,C047,2024-01-28 17:06:26
T03609,U01132,C036,2024-01-28 18:07:50
T03610,U00356,C013,2024-01-28 21:19:28
T03611,U00431,C011,2024-01-28 21:55:29
T03612,U00945,C038,2024-01-28 23:57:42
T03613,U02304,C016,2024-01-29 10:42:29
T03614,U00862,C026,2024-01-29 12:28:04
T03615,U02058,C028,2024-01-29 18:41:23
T03616,U02482,C004,2024-01-29 18:47:37
T03617,U02738,C002,2024-01-29 19:13:03
T03618,U01506,C004,2024-01-29 19:48:13
T03619,U01143,C030,2024-01-29 23:07:22
T03620,U01278,C041,2024-01-30 08:23:49
T03621,U01895,C034,2024-01-30 10:05:15
T03622,U00822,C011,2024-01-30 17:50:09
T03623,U01616,C039,2024-01-30 18:00:36
T03624,U01430,C002,2024-01-30 18:57:45
T03625,U01619,C009,2024-01-30 23:49:35
T03626,U01596,C025,2024-01-31 10:51:32
T03627,U00483,C013,2024-01-31 10:52:52
T03628,U02851,C013,2024-01-31 10:59:45
T03629,U01078,C014,2024-01-31 11:03:58
T03630,U02517,C041,2024-01-31 11:52:42
T03631,U01769,C045,2024-01-31 12:39:19
T03632,U00991,C050,2024-01-31 16:43:27
T03633,U01176,C020,2024-01-31 18:12:12
T03634,U02031,C047,2024-01-31 18:51:39
T03635,U01331,C042,2024-01-31 19:13:24
T03636,U01716,C004,2024-01-31 21:43:36
T03637,U01119,C012,2024-01-31 23:09:40
T03638,U02411,C044,2024-02-01 08:58:10
T03639,U00712,C006,2024-02-01 13:01:01
T03640,U01284,C019,2024-02-01 13:18:04
T03641,U00913,C014,2024-02-01 16:49:58
T03642,U02428,C042,2024-02-01 17:49:20
T03643,U02648,C006,2024-02-01 20:33:51
T03644,U02607,C027,2024-02-01 21:22:00
T03645,U00687,C003,2024-02-01 22:08:56
T03646,U00880,C013,2024-02-01 22:44:03
T03647,U01543,C035,2024-02-02 11:28:05
T03648,U00670,C016,2024-02-02 13:50:11
T03649,U02860,C036,2024-02-02 13:51:58
T03650,U00417,C014,2024-02-02 15:11:42
T03651,U01761,C032,2024-02-02 17:19:06
T03652,U02168,C024,2024-02-02 17:52:38
T03653,U01594,C007,2024-02-02 20:37:52
T03654,U01545,C042,2024-02-02 21:38:17
T03655,U00107,C041,2024-02-02 21:53:37
T03656,U01538,C036,2024-02-02 22:11:02
T03657,U00785,C026,2024-02-02 22:48:06
T03658,U02697,C044,2024-02-02 22:59:19
T03659,U01610,C017,2024-02-03 08:19:30
T03660,U01003,C044,2024-02-03 10:19:26
T03661,U00414,C010,2024-02-03 11:22:30
T03662,U02951,C001,2024-02-03 11:31:15
T03663,U02443,C003,2024-02-03 12:55:12
T03664,U02722,C022,2024-02-03 13:12:53
T03665,U02167,C024,2024-02-03 21:07:35
T03666,U00482,C027,2024-02-04 08:11:40
T03667,U01433,C022,2024-02-04 09:04:12
T03668,U00446,C013,2024-02-04 12:53:31
T03669,U00977,C013,2024-02-04 15:01:37
T03670,U02366,C028,2024-02-04 15:21:05
T03671,U02233,C046,2024-02-04 15:56:07
T03672,U01919,C035,2024-02-04 16:59:17
T03673,U00090,C015,2024-02-05 09:00:41
T03674,U01086,C037,2024-02-05 09:14:25
T03675,U02751,C002,2024-02-05 09:55:52
T03676,U02001,C022,2024-02-05 10:49:20
T03677,U00969,C003,2024-02-05 13:59:03
T03678,U02794,C017,2024-02-05 15:35:45
T03679,U01627,C001,2024-02-05 15:53:59
T03680,U02669,C026,2024-02-05 18:14:54
T03681,U00153,C002,2024-02-05 22:41:35
T03682,U02410,C038,2024-02-06 08:21:11
T03683,U02474,C014,2024-02-06 09:45:36
T03684,U02334,C048,2024-02-06 11:09:25
T03685,U01417,C011,2024-02-06 12:09:10
T03686,U01665,C043,2024-02-06 12:42:17
T03687,U01749,C009,2024-02-06 17:13:25
T03688,U02066,C044,2024-02-06 17:47:19
T03689,U01220,C012,2024-02-06 17:53:14
T03690,U00705,C047,2024-02-06 19:45:48
T03691,U01141,C014,2024-02-06 21:06:31
T03692,U00572,C011,2024-02-06 22:43:06
T03693,U00781,C035,2024-02-06 23:27:51
T03694,U01017,C045,2024-02-07 08:22:56
T03695,U01739,C026,2024-02-07 09:36:34
T03696,U01711,C011,2024-02-07 09:58:13
T03697,U00991,C039,2024-02-07 12:34:13
T03698,U02209,C046,2024-02-07 13:30:48
T03699,U02827,C044,2024-02-07 15:39:38
T03700,U01918,C037,2024-02-07 18:19:53
T03701,U01489,C012,2024-02-07 21:07:50
T03702,U01233,C020,2024-02-07 21:22:42
T03703,U02819,C025,2024-02-07 23:16:35
T03704,U00154,C009,2024-02-07 23:21:22
T03705,U01399,C025,2024-02-07 23:34:31
T03706,U00327,C041,2024-02-08 09:35:25
T03707,U01891,C025,2024-02-08 10:04:16
T03708,U00002,C028,2024-02-08 10:21:10
T03709,U00980,C013,2024-02-08 11:48:48
T03710,U02787,C044,2024-02-08 13:07:39
T03711,U01119,C003,2024-02-08 14:20:36
T03712,U00152,C009,2024-02-08 15:39:53
T03713,U00149,C049,2024-02-08 17:40:09
T03714,U02224,C014,2024-02-08 19:24:07
T03715,U00198,C027,2024-02-08 20:50:21
T03716,U00789,C006,2024-02-08 22:03:19
T03717,U00754,C034,2024-02-09 08:17:35
T03718,U02644,C007,2024-02-09 10:01:59
T03719,U02483,C020,2024-02-09 10:21:01
T03720,U01641,C010,2024-02-09 11:49:52
T03721,U01080,C048,2024-02-09 12:24:46
T03722,U01850,C027,2024-02-09 12:32:20
T03723,U02167,C013,2024-02-09 12:53:38
T03724,U02587,C031,2024-02-09 16:17:31
T03725,U00436,C016,2024-02-09 16:29:33
T03726,U00294,C009,2024-02-09 16:33:02
T03727,U01837,C049,2024-02-09 18:35:30
T03728,U01221,C006,2024-02-09 19:34:16
T03729,U02267,C013,2024-02-09 20:54:35
T03730,U02608,C041,2024-02-09 21:56:53
T03731,U00683,C006,2024-02-09 23:47:37
T03732,U00326,C040,2024-02-10 10:14:27
T03733,U02716,C026,2024-02-10 12:02:15
T03734,U02802,C014,2024-02-10 12:06:43
T03735,U02158,C008,2024-02-10 16:37:20
T03736,U01971,C012,2024-02-10 20:48:16
T03737,U00364,C009,2024-02-10 22:25:56
T03738,U00865,C007,2024-02-11 10:18:41
T03739,U01057,C013,2024-02-11 10:31:11
T03740,U01711,C004,2024-02-11 11:29:11
T03741,U02445,C042,2024-02-11 13:31:10
T03742,U00413,C001,2024-02-11 16:58:23
T03743,U01606,C004,2024-02-11 17:25:40
T03744,U01003,C001,2024-02-11 18:54:05
T03745,U00055,C026,2024-02-11 20:33:19
T03746,U02701,C003,2024-02-11 22:05:07
T03747,U01720,C026,2024-02-11 22:08:42
T03748,U02693,C048,2024-02-11 23:51:24
T03749,U02231,C001,2024-02-12 13:40:05
T03750,U02811,C003,2024-02-12 20:34:24
T03751,U00667,C038,2024-02-12 21:05:58
T03752,U02841,C004,2024-02-12 21:55:30
T03753,U02156,C022,2024-02-13 08:49:14
T03754,U01489,C035,2024-02-13 14:36:16
T03755,U00220,C045,2024-02-13 16:11:47
T03756,U02700,C019,2024-02-13 21:39:11
T03757,U02202,C017,2024-02-13 23:51:27
T03758,U01969,C004,2024-02-14 08:18:29
T03759,U00642,C003,2024-02-14 09:03:21
T03760,U01893,C011,2024-02-14 09:31:20
T03761,U01715,C050,2024-02-14 15:23:58
T03762,U02805,C046,2024-02-14 16:15:49
T03763,U01865,C038,2024-02-14 17:28:24
T03764,U02397,C049,2024-02-14 21:02:31
T03765,U01931,C026,2024-02-15 09:02:54
T03766,U01235,C025,2024-02-15 12:05:45
T03767,U01349,C047,2024-02-15 14:27:33
T03768,U00839,C028,2024-02-15 16:00:49
T03769,U00500,C026,2024-02-15 20:57:14
T03770,U01518,C016,2024-02-16 09:18:51
T03771,U02366,C027,2024-02-16 09:52:55
T03772,U01250,C012,2024-02-16 12:19:40
T03773,U02195,C046,2024-02-16 12:25:40
T03774,U01774,C001,2024-02-16 13:03:41
T03775,U00080,C025,2024-02-16 13:21:22
T03776,U01744,C032,2024-02-16 13:23:47
T03777,U00927,C028,2024-02-16 14:11:12
T03778,U00123,C006,2024-02-16 14:49:46
T03779,U02889,C037,2024-02-16 15:46:27
T03780,U02254,C009,2024-02-16 19:03:44
T03781,U00531,C038,2024-02-16 19:11:13
T03782,U00011,C004,2024-02-16 19:51:34
T03783,U02142,C040,2024-02-16 20:22:40
T03784,U00843,C025,2024-02-16 22:46:52
T03785,U00211,C025,2024-02-17 08:16:11
T03786,U02289,C041,2024-02-17 09:09:51
T03787,U01786,C025,2024-02-17 10:09:37
T03788,U01092,C030,2024-02-17 10:36:36
T03789,U00644,C022,2024-02-17 12:05:20
T03790,U02350,C002,2024-02-17 12:08:55
T03791,U00994,C021,2024-02-17 12:55:51
T03792,U02082,C041,2024-02-17 14:47:16
T03793,U01511,C040,2024-02-17 15:10:36
T03794,U00269,C044,2024-02-17 17:50:51
T03795,U01387,C027,2024-02-17 20:08:52
T03796,U01180,C001,2024-02-18 08:04:30
T03797,U00748,C043,2024-02-18 09:39:20
T03798,U02030,C046,2024-02-18 12:15:32
T03799,U00208,C029,2024-02-18 14:33:00
T03800,U01490,C049,2024-02-18 15:44:51
T03801,U01820,C026,2024-02-18 19:54:49
T03802,U01171,C028,2024-02-18 19:57:40
T03803,U00068,C012,2024-02-18 20:07:35
T03804,U00214,C047,2024-02-18 20:36:30
T03805,U02902,C004,2024-02-18 21:05:23
T03806,U00257,C025,2024-02-18 22:55:34
T03807,U02804,C018,2024-02-18 23:31:24
T03808,U01041,C020,2024-02-19 08:10:38
T03809,U01114,C009,2024-02-19 11:18:24
T03810,U02363,C013,2024-02-19 11:21:45
T03811,U01757,C019,2024-02-19 12:48:59
T03812,U01047,C009,2024-02-19 13:14:02
T03813,U02630,C031,2024-02-19 15:00:29
T03814,U01302,C036,2024-02-19 15:52:03
T03815,U01385,C027,2024-02-19 17:19:01
T03816,U02037,C019,2024-02-19 17:57:41
T03817,U00847,C045,2024-02-19 19:21:14
T03818,U02250,C028,2024-02-19 22:05:22
T03819,U01609,C031,2024-02-19 22:26:54
T03820,U00412,C041,2024-02-19 22:30:14
T03821,U02111,C048,2024-02-19 22:57:13
T03822,U02046,C018,2024-02-20 10:04:09
T03823,U02192,C038,2024-02-20 11:18:01
T03824,U00374,C028,2024-02-20 14:03:11
T03825,U00819,C019,2024-02-20 14:34:24
T03826,U00799,C041,2024-02-20 15:08:51
T03827,U01441,C036,2024-02-20 16:05:31
T03828,U00257,C038,2024-02-20 16:35:28
T03829,U02360,C006,2024-02-20 16:48:05
T03830,U00715,C042,2024-02-20 19:07:03
T03831,U00429,C034,2024-02-20 20:53:59
T03832,U02705,C014,2024-02-20 21:19:15
T03833,U01331,C028,2024-02-21 09:42:46
T03834,U00053,C048,2024-02-21 11:30:03
T03835,U02850,C021,2024-02-21 12:18:21
T03836,U02923,C035,2024-02-21 14:01:41
T03837,U01327,C020,2024-02-21 15:03:45
T03838,U01317,C048,2024-02-21 20:46:59
T03839,U01506,C001,2024-02-21 21:57:38
T03840,U01405,C045,2024-02-21 23:08:47
T03841,U02942,C050,2024-02-21 23:09:47
T03842,U01228,C013,2024-02-22 11:27:50
T03843,U02771,C035,2024-02-22 12:01:41
T03844,U02474,C013,2024-02-22 14:10:09
T03845,U00797,C001,2024-02-22 16:22:26
T03846,U01068,C007,2024-02-22 18:07:23
T03847,U00774,C002,2024-02-23 09:54:20
T03848,U02460,C024,2024-02-23 10:30:38
T03849,U00014,C005,2024-02-23 12:53:38
T03850,U02123,C004,2024-02-23 13:39:53
T03851,U02118,C022,2024-02-23 14:52:13
T03852,U01980,C029,2024-02-23 17:25:15
T03853,U02543,C003,2024-02-23 18:02:28
T03854,U02226,C009,2024-02-23 18:03:09
T03855,U01001,C003,2024-02-23 19:45:49
T03856,U02523,C022,2024-02-23 22:26:37
T03857,U02364,C012,2024-02-24 10:12:32
T03858,U00540,C025,2024-02-24 10:13:46
T03859,U01295,C030,2024-02-24 12:17:46
T03860,U01403,C001,2024-02-24 13:12:28
T03861,U00740,C020,2024-02-24 14:15:53
T03862,U00163,C035,2024-02-24 15:48:31
T03863,U02201,C001,2024-02-24 16:05:50
T03864,U02904,C016,2024-02-24 17:28:42
T03865,U00812,C001,2024-02-24 20:13:25
T03866,U02986,C004,2024-02-24 20:15:50
T03867,U01149,C038,2024-02-24 21:08:40
T03868,U02999,C045,2024-02-24 21:28:09
T03869,U01656,C031,2024-02-24 23:22:21
T03870,U01910,C003,2024-02-24 23:30:30
T03871,U01754,C028,2024-02-25 12:41:25
T03872,U02790,C009,2024-02-25 14:07:47
T03873,U02102,C013,2024-02-25 14:56:15
T03874,U01311,C003,2024-02-25 15:19:47
T03875,U02965,C026,2024-02-25 15:59:08
T03876,U01349,C017,2024-02-25 16:36:56
T03877,U02243,C009,2024-02-25 19:00:49
T03878,U02877,C041,2024-02-25 22:00:59
T03879,U02252,C041,2024-02-25 23:24:34
T03880,U00126,C004,2024-02-26 09:49:59
T03881,U01876,C021,2024-02-26 10:38:23
T03882,U02057,C029,2024-02-26 10:47:14
T03883,U00929,C022,2024-02-26 11:17:04
T03884,U02590,C032,2024-02-26 12:14:54
T03885,U01922,C042,2024-02-26 14:49:39
T03886,U01956,C037,2024-02-26 16:30:10
T03887,U02020,C002,2024-02-26 17:18:41
T03888,U00684,C037,2024-02-26 23:14:45
T03889,U02823,C038,2024-02-27 09:10:25
T03890,U02076,C031,2024-02-27 12:10:47
T03891,U01331,C002,2024-02-27 12:24:48
T03892,U02362,C009,2024-02-27 12:37:01
T03893,U01451,C028,2024-02-27 13:48:01
T03894,U02826,C002,2024-02-27 14:55:42
T03895,U00526,C029,2024-02-27 17:12:04
T03896,U00422,C048,2024-02-27 17:24:39
T03897,U02340,C014,2024-02-27 18:08:09
T03898,U00462,C031,2024-02-27 18:16:10
T03899,U02807,C038,2024-02-27 22:58:32
T03900,U02081,C012,2024-02-27 23:00:07
T03901,U01551,C012,2024-02-27 23:31:10
T03902,U02343,C007,2024-02-27 23:52:01
T03903,U01519,C029,2024-02-28 11:06:09
T03904,U00374,C008,2024-02-28 12:03:41
T03905,U02402,C037,2024-02-28 12:04:28
T03906,U00979,C002,2024-02-28 12:06:20
T03907,U00772,C012,2024-02-28 14:00:12
T03908,U00001,C022,2024-02-28 15:10:28
T03909,U02810,C033,2024-02-28 17:22:42
T03910,U01581,C003,2024-02-28 18:29:33
T03911,U00319,C046,2024-02-29 09:20:34
T03912,U01368,C029,2024-02-29 09:26:44
T03913,U00930,C045,2024-02-29 11:00:03
T03914,U02993,C014,2024-02-29 11:56:06
T03915,U02313,C004,2024-02-29 13:06:46
T03916,U00205,C007,2024-02-29 15:23:05
T03917,U00865,C003,2024-02-29 22:22:44
T03918,U00732,C007,2024-02-29 23:00:07
T03919,U00409,C011,2024-03-01 08:30:57
T03920,U00764,C034,2024-03-01 08:38:30
T03921,U00870,C037,2024-03-01 11:23:04
T03922,U01864,C046,2024-03-01 11:56:00
T03923,U01150,C044,2024-03-01 12:32:07
T03924,U01879,C008,2024-03-01 13:56:02
T03925,U02155,C045,2024-03-01 21:50:17
T03926,U02360,C002,2024-03-01 23:10:27
T03927,U02574,C026,2024-03-02 08:11:12
T03928,U02549,C032,2024-03-02 08:13:44
T03929,U01488,C037,2024-03-02 10:21:59
T03930,U02338,C009,2024-03-02 13:29:41
T03931,U01311,C032,2024-03-02 14:07:23
T03932,U00513,C025,2024-03-02 14:50:43
T03933,U01387,C026,2024-03-02 16:55:05
T03934,U02665,C013,2024-03-02 17:16:09
T03935,U02918,C041,2024-03-02 17:26:53
T03936,U00541,C032,2024-03-02 21:51:28
T03937,U01723,C004,2024-03-02 23:12:08
T03938,U01766,C017,2024-03-03 08:37:44
T03939,U02655,C050,2024-03-03 09:32:11
T03940,U01426,C004,2024-03-03 09:36:52
T03941,U00549,C032,2024-03-03 10:38:47
T03942,U00750,C009,2024-03-03 11:03:12
T03943,U01311,C006,2024-03-03 12:02:15
T03944,U02688,C029,2024-03-03 13:08:28
T03945,U02025,C028,2024-03-03 14:57:30
T03946,U00358,C031,2024-03-03 15:43:01
T03947,U02027,C001,2024-03-03 16:24:11
T03948,U01596,C014,2024-03-03 19:30:16
T03949,U02223,C009,2024-03-03 21:15:52
T03950,U00507,C013,2024-03-04 08:26:02
T03951,U01490,C032,2024-03-04 09:23:36
T03952,U02139,C004,2024-03-04 10:09:11
T03953,U00544,C004,2024-03-04 12:12:11
T03954,U02788,C038,2024-03-04 14:11:01
T03955,U02789,C045,2024-03-04 17:46:31
T03956,U00772,C026,2024-03-04 20:07:55
T03957,U02093,C019,2024-03-04 20:14:35
T03958,U00904,C047,2024-03-04 22:19:10
T03959,U02253,C027,2024-03-05 12:20:33
T03960,U02959,C048,2024-03-05 15:48:19
T03961,U02559,C045,2024-03-06 08:00:25
T03962,U00438,C038,2024-03-06 09:42:18
T03963,U01130,C038,2024-03-06 13:44:27
T03964,U00093,C034,2024-03-06 15:05:29
T03965,U02125,C003,2024-03-06 15:47:44
T03966,U00629,C017,2024-03-06 18:45:27
T03967,U01893,C001,2024-03-06 19:01:16
T03968,U02528,C047,2024-03-06 19:28:16
T03969,U02144,C011,2024-03-06 20:24:36
T03970,U01237,C013,2024-03-06 20:27:25
T03971,U01282,C032,2024-03-06 20:55:04
T03972,U01876,C017,2024-03-06 22:52:30
T03973,U02320,C022,2024-03-07 13:57:28
T03974,U02324,C032,2024-03-07 14:44:47
T03975,U01021,C004,2024-03-07 15:03:43
T03976,U02000,C009,2024-03-07 15:10:39
T03977,U02449,C002,2024-03-07 15:20:46
T03978,U02548,C044,2024-03-07 17:43:39
T03979,U00544,C048,2024-03-07 20:18:35
T03980,U00939,C043,2024-03-07 23:32:26
T03981,U00967,C004,2024-03-08 08:23:46
T03982,U01286,C004,2024-03-08 11:37:30
T03983,U00306,C013,2024-03-08 15:13:54
T03984,U00898,C037,2024-03-08 15:54:46
T03985,U01445,C014,2024-03-08 16:05:32
T03986,U01814,C017,2024-03-08 18:44:12
T03987,U01261,C022,2024-03-08 22:07:36
T03988,U00775,C013,2024-03-08 22:31:23
T03989,U00388,C035,2024-03-09 08:13:36
T03990,U01292,C014,2024-03-09 10:56:35
T03991,U00327,C006,2024-03-09 16:05:25
T03992,U02322,C045,2024-03-09 18:08:37
T03993,U02720,C028,2024-03-09 18:40:43
T03994,U01680,C006,2024-03-09 18:55:00
T03995,U01408,C026,2024-03-09 19:36:41
T03996,U02341,C004,2024-03-09 20:53:50
T03997,U01296,C002,2024-03-09 21:30:19
T03998,U01475,C039,2024-03-10 09:19:27
T03999,U01703,C020,2024-03-10 14:18:20
T04000,U02017,C009,2024-03-10 16:10:41
T04001,U02424,C025,2024-03-10 17:33:37
T04002,U02463,C026,2024-03-10 21:37:33
T04003,U02885,C013,2024-03-10 22:47:00
T04004,U02235,C031,2024-03-10 22:47:01
T04005,U01545,C014,2024-03-10 23:40:11
T04006,U00225,C031,2024-03-11 09:54:30
T04007,U00765,C024,2024-03-11 10:50:56
T04008,U01357,C034,2024-03-11 11:28:56
T04009,U00173,C027,2024-03-11 12:28:10
T04010,U02169,C031,2024-03-11 14:25:23
T04011,U01191,C028,2024-03-11 18:55:44
T04012,U00448,C032,2024-03-11 19:03:41
T04013,U02601,C045,2024-03-11 19:25:35
T04014,U00705,C010,2024-03-11 21:23:40
T04015,U01760,C041,2024-03-11 22:30:21
T04016,U00981,C003,2024-03-12 13:00:35
T04017,U02250,C048,2024-03-12 13:15:57
T04018,U01554,C033,2024-03-12 13:20:33
T04019,U02932,C047,2024-03-12 19:16:50
T04020,U02005,C025,2024-03-12 20:54:05
T04021,U01364,C050,2024-03-13 08:15:08
T04022,U00124,C040,2024-03-13 10:11:11
T04023,U01409,C013,2024-03-13 12:10:33
T04024,U01125,C027,2024-03-13 13:05:09
T04025,U00691,C016,2024-03-13 13:52:55
T04026,U01997,C008,2024-03-13 16:21:32
T04027,U00403,C004,2024-03-13 16:34:20
T04028,U02508,C009,2024-03-13 18:26:17
T04029,U01844,C001,2024-03-13 20:44:09
T04030,U01554,C028,2024-03-13 23:41:38
T04031,U00207,C032,2024-03-14 09:23:15
T04032,U00500,C003,2024-03-14 10:30:37
T04033,U02162,C015,2024-03-14 10:40:43
T04034,U01785,C013,2024-03-14 11:01:51
T04035,U01696,C040,2024-03-14 12:38:23
T04036,U01443,C037,2024-03-14 13:02:53
T04037,U00572,C013,2024-03-14 13:53:22
T04038,U01414,C047,2024-03-14 14:04:37
T04039,U00352,C017,2024-03-14 14:55:08
T04040,U00598,C013,2024-03-14 15:15:41
T04041,U00546,C003,2024-03-14 17:26:11
T04042,U00407,C004,2024-03-14 17:36:15
T04043,U02516,C013,2024-03-14 19:00:39
T04044,U00554,C049,2024-03-14 19:06:34
T04045,U02347,C044,2024-03-14 21:07:23
T04046,U00359,C004,2024-03-14 23:45:41
T04047,U01445,C021,2024-03-15 14:16:13
T04048,U02253,C036,2024-03-15 14:31:47
T04049,U02563,C014,2024-03-15 15:19:21
T04050,U00480,C035,2024-03-15 15:59:04
T04051,U00026,C032,2024-03-15 17:19:17
T04052,U01997,C004,2024-03-15 17:31:46
T04053,U01570,C032,2024-03-15 17:44:01
T04054,U02041,C002,2024-03-15 17:49:07
T04055,U00971,C021,2024-03-15 23:11:03
T04056,U01011,C004,2024-03-16 08:39:29
T04057,U02776,C037,2024-03-16 09:02:17
T04058,U00459,C037,2024-03-16 10:54:38
T04059,U01408,C001,2024-03-16 13:09:18
T04060,U02739,C011,2024-03-16 14:17:45
T04061,U00122,C029,2024-03-16 14:39:55
T04062,U02058,C003,2024-03-16 14:57:02
T04063,U02616,C006,2024-03-16 15:15:16
T04064,U02802,C038,2024-03-16 15:22:57
T04065,U02505,C049,2024-03-16 16:46:46
T04066,U01145,C049,2024-03-16 17:17:56
T04067,U01940,C012,2024-03-16 17:27:37
T04068,U02102,C003,2024-03-16 18:02:54
T04069,U02632,C025,2024-03-16 20:07:59
T04070,U01617,C018,2024-03-16 20:28:13
T04071,U01274,C019,2024-03-17 11:02:54
T04072,U00654,C021,2024-03-17 13:47:32
T04073,U00839,C031,2024-03-17 17:18:52
T04074,U01193,C031,2024-03-17 18:44:39
T04075,U02259,C033,2024-03-17 19:52:52
T04076,U00520,C012,2024-03-17 20:57:11
T04077,U00985,C004,2024-03-17 22:08:36
T04078,U01361,C019,2024-03-18 09:27:06
T04079,U01071,C003,2024-03-18 11:17:58
T04080,U00502,C048,2024-03-18 11:54:29
T04081,U01799,C020,2024-03-18 14:14:37
T04082,U02792,C022,2024-03-18 14:47:10
T04083,U02076,C021,2024-03-18 15:26:00
T04084,U01795,C028,2024-03-18 16:18:48
T04085,U00035,C005,2024-03-18 16:23:52
T04086,U01503,C039,2024-03-18 17:35:47
T04087,U00701,C020,2024-03-18 17:45:28
T04088,U01494,C032,2024-03-18 21:42:08
T04089,U02605,C027,2024-03-19 09:19:37
T04090,U02025,C031,2024-03-19 09:23:10
T04091,U00030,C013,2024-03-19 10:12:28
T04092,U02474,C045,2024-03-19 11:02:52
T04093,U02045,C018,2024-03-19 13:23:06
T04094,U00656,C015,2024-03-19 14:37:00
T04095,U01035,C012,2024-03-19 19:15:41
T04096,U01942,C013,2024-03-19 20:01:34
T04097,U01413,C013,2024-03-19 21:37:46
T04098,U00753,C020,2024-03-19 21:40:14
T04099,U02720,C026,2024-03-19 23:00:35
T04100,U01798,C046,2024-03-19 23:23:31
T04101,U01953,C038,2024-03-20 08:24:36
T04102,U00618,C020,2024-03-20 09:46:31
T04103,U02589,C038,2024-03-20 12:02:40
T04104,U00757,C035,2024-03-20 12:19:36
T04105,U00285,C026,2024-03-20 13:04:33
T04106,U01168,C041,2024-03-20 14:46:31
T04107,U01168,C013,2024-03-20 17:10:50
T04108,U02294,C019,2024-03-20 20:24:37
T04109,U00403,C006,2024-03-20 22:42:07
T04110,U00977,C004,2024-03-20 23:17:44
T04111,U00759,C001,2024-03-21 08:03:59
T04112,U02312,C027,2024-03-21 08:20:11
T04113,U00931,C029,2024-03-21 09:06:13
T04114,U01839,C041,2024-03-21 09:56:32
T04115,U01516,C019,2024-03-21 10:00:47
T04116,U00971,C014,2024-03-21 11:32:41
T04117,U00699,C013,2024-03-21 11:45:03
T04118,U00349,C024,2024-03-21 12:27:19
T04119,U01492,C044,2024-03-21 13:17:32
T04120,U02350,C045,2024-03-21 17:33:41
T04121,U02031,C041,2024-03-21 19:21:00
T04122,U01853,C029,2024-03-21 20:13:09
T04123,U00615,C009,2024-03-21 21:17:52
T04124,U02706,C040,2024-03-21 21:42:27
T04125,U02965,C041,2024-03-21 23:26:05
T04126,U01645,C037,2024-03-22 09:22:41
T04127,U01521,C002,2024-03-22 10:29:57
T04128,U01517,C013,2024-03-22 11:45:49
T04129,U00382,C019,2024-03-22 11:47:54
T04130,U00656,C025,2024-03-22 13:26:58
T04131,U00613,C004,2024-03-22 13:36:31
T04132,U01077,C048,2024-03-22 15:23:00
T04133,U00688,C037,2024-03-22 17:44:47
T04134,U00819,C002,2024-03-22 19:20:38
T04135,U02437,C026,2024-03-22 19:28:59
T04136,U02714,C019,2024-03-22 23:20:19
T04137,U02740,C003,2024-03-23 08:05:29
T04138,U00621,C005,2024-03-23 11:33:42
T04139,U02745,C047,2024-03-23 12:50:43
T04140,U01344,C006,2024-03-23 13:46:49
T04141,U00036,C009,2024-03-23 15:23:31
T04142,U01101,C026,2024-03-23 18:28:50
T04143,U02609,C006,2024-03-23 18:41:35
T04144,U00501,C025,2024-03-23 22:11:24
T04145,U02319,C048,2024-03-23 23:39:45
T04146,U01330,C022,2024-03-24 08:10:23
T04147,U00263,C033,2024-03-24 08:35:23
T04148,U02483,C038,2024-03-24 09:27:27
T04149,U01387,C036,2024-03-24 10:04:32
T04150,U01568,C026,2024-03-24 12:37:19
T04151,U01470,C044,2024-03-24 13:27:09
T04152,U02907,C026,2024-03-24 13:29:01
T04153,U01290,C013,2024-03-24 14:35:52
T04154,U02973,C044,2024-03-24 21:50:56
T04155,U00876,C009,2024-03-24 22:08:30
T04156,U01311,C035,2024-03-24 22:41:48
T04157,U00792,C013,2024-03-25 08:29:24
T04158,U02437,C020,2024-03-25 08:59:51
T04159,U02037,C028,2024-03-25 09:52:14
T04160,U02682,C024,2024-03-25 10:09:19
T04161,U01402,C012,2024-03-25 10:24:08
T04162,U01177,C006,2024-03-25 11:28:10
T04163,U02416,C029,2024-03-25 11:50:14
T04164,U02198,C026,2024-03-25 12:42:57
T04165,U02460,C017,2024-03-25 14:28:45
T04166,U01200,C005,2024-03-25 15:05:16
T04167,U02113,C046,2024-03-25 16:34:10
T04168,U02905,C017,2024-03-25 20:15:37
T04169,U00195,C012,2024-03-25 21:35:50
T04170,U00915,C030,2024-03-25 21:47:15
T04171,U00376,C013,2024-03-25 21:53:35
T04172,U01396,C004,2024-03-25 23:33:46
T04173,U00535,C047,2024-03-26 09:08:43
T04174,U01330,C004,2024-03-26 09:18:59
T04175,U02230,C047,2024-03-26 11:59:09
T04176,U00146,C013,2024-03-26 17:38:05
T04177,U00304,C046,2024-03-26 19:26:48
T04178,U01884,C045,2024-03-26 20:33:42
T04179,U00482,C011,2024-03-27 09:57:19
T04180,U00638,C008,2024-03-27 14:26:11
T04181,U01133,C026,2024-03-27 14:26:44
T04182,U01392,C050,2024-03-27 15:26:35
T04183,U00089,C027,2024-03-27 15:30:22
T04184,U02223,C026,2024-03-27 18:08:29
T04185,U00429,C033,2024-03-27 19:53:26
T04186,U01328,C048,2024-03-27 21:04:41
T04187,U00211,C010,2024-03-27 21:32:06
T04188,U00180,C035,2024-03-27 21:38:09
T04189,U00195,C019,2024-03-27 23:11:23
T04190,U02246,C009,2024-03-28 09:35:37
T04191,U02552,C016,2024-03-28 09:56:13
T04192,U02460,C009,2024-03-28 11:00:41
T04193,U00182,C009,2024-03-28 11:11:30
T04194,U00532,C002,2024-03-28 11:58:01
T04195,U02961,C001,2024-03-28 12:46:58
T04196,U02797,C047,2024-03-28 14:13:52
T04197,U00009,C035,2024-03-28 16:05:41
T04198,U00013,C001,2024-03-29 10:25:57
T04199,U02735,C015,2024-03-29 11:13:13
T04200,U01414,C009,2024-03-29 12:06:46
T04201,U01749,C011,2024-03-29 12:30:06
T04202,U00957,C026,2024-03-29 12:38:18
T04203,U02441,C017,2024-03-29 13:19:08
T04204,U00477,C004,2024-03-29 14:51:41
T04205,U02867,C013,2024-03-29 16:56:24
T04206,U01889,C038,2024-03-29 17:15:48
T04207,U01561,C030,2024-03-29 18:27:50
T04208,U01498,C015,2024-03-29 18:34:24
T04209,U00913,C030,2024-03-29 19:32:45
T04210,U01103,C004,2024-03-29 20:15:13
T04211,U02408,C004,2024-03-30 13:52:55
T04212,U00242,C001,2024-03-30 14:36:36
T04213,U01386,C011,2024-03-30 15:02:17
T04214,U01487,C039,2024-03-30 18:23:02
T04215,U01078,C046,2024-03-30 19:23:54
T04216,U02394,C034,2024-03-30 20:36:05
T04217,U02564,C038,2024-03-30 21:32:16
T04218,U00297,C045,2024-03-30 21:47:06
T04219,U00095,C030,2024-03-30 22:21:23
T04220,U02825,C047,2024-03-31 09:01:53
T04221,U01398,C020,2024-03-31 09:20:44
T04222,U01966,C003,2024-03-31 12:15:55
T04223,U02309,C013,2024-03-31 13:45:28
T04224,U00079,C044,2024-03-31 18:27:47
T04225,U01637,C036,2024-03-31 18:56:17
T04226,U01468,C028,2024-03-31 20:58:04
T04227,U00854,C005,2024-03-31 21:25:10
T04228,U02779,C010,2024-03-31 21:34:31
T04229,U02521,C038,2024-03-31 22:04:51
T04230,U00008,C016,2024-03-31 23:12:06
T04231,U02826,C047,2024-04-01 09:21:30
T04232,U01358,C035,2024-04-01 11:22:51
T04233,U01570,C004,2024-04-01 12:49:49
T04234,U00425,C042,2024-04-01 17:55:01
T04235,U02458,C012,2024-04-01 21:03:52
T04236,U00117,C031,2024-04-01 21:43:47
T04237,U01617,C026,2024-04-01 22:39:16
T04238,U02439,C033,2024-04-01 23:21:14
T04239,U00674,C003,2024-04-01 23:29:44
T04240,U02945,C027,2024-04-02 09:02:12
T04241,U00185,C048,2024-04-02 11:05:30
T04242,U01525,C042,2024-04-02 12:09:38
T04243,U02859,C001,2024-04-02 14:26:05
T04244,U02673,C038,2024-04-02 20:04:20
T04245,U00422,C044,2024-04-02 22:12:13
T04246,U00436,C004,2024-04-03 10:33:56
T04247,U02448,C032,2024-04-03 10:38:50
T04248,U00630,C013,2024-04-03 12:00:25
T04249,U00305,C012,2024-04-03 14:24:49
T04250,U02943,C024,2024-04-03 16:53:56
T04251,U01926,C011,2024-04-03 16:59:31
T04252,U01021,C043,2024-04-03 18:27:38
T04253,U00670,C004,2024-04-03 20:02:05
T04254,U01312,C015,2024-04-03 20:19:52
T04255,U02436,C042,2024-04-04 08:06:30
T04256,U02108,C027,2024-04-04 10:06:43
T04257,U02919,C035,2024-04-04 11:16:40
T04258,U00382,C011,2024-04-04 14:51:39
T04259,U01764,C032,2024-04-04 15:07:42
T04260,U01815,C028,2024-04-04 15:31:36
T04261,U02518,C019,2024-04-04 15:52:55
T04262,U01638,C016,2024-04-04 16:07:40
T04263,U00997,C047,2024-04-04 23:06:33
T04264,U00739,C027,2024-04-05 08:07:42
T04265,U01312,C022,2024-04-05 10:03:17
T04266,U02069,C002,2024-04-05 10:51:45
T04267,U00717,C010,2024-04-05 15:06:20
T04268,U00642,C015,2024-04-05 15:30:58
T04269,U02058,C038,2024-04-06 09:28:12
T04270,U01613,C027,2024-04-06 12:14:42
T04271,U01012,C014,2024-04-06 13:25:22
T04272,U00905,C050,2024-04-06 14:17:55
T04273,U01669,C046,2024-04-06 20:40:36
T04274,U00414,C031,2024-04-06 22:54:10
T04275,U00790,C004,2024-04-07 09:18:54
T04276,U02125,C022,2024-04-07 11:35:30
T04277,U01048,C027,2024-04-07 12:56:17
T04278,U01206,C045,2024-04-07 14:49:25
T04279,U02249,C003,2024-04-07 16:32:18
T04280,U02414,C044,2024-04-07 16:38:34
T04281,U00983,C047,2024-04-07 16:54:48
T04282,U02531,C017,2024-04-07 17:25:58
T04283,U02555,C025,2024-04-07 18:56:39
T04284,U02422,C004,2024-04-07 20:56:44
T04285,U02867,C016,2024-04-07 21:16:57
T04286,U01778,C011,2024-04-07 21:26:45
T04287,U02893,C001,2024-04-07 22:13:25
T04288,U00792,C022,2024-04-07 22:50:27
T04289,U00418,C012,2024-04-07 23:07:37
T04290,U00556,C014,2024-04-07 23:26:21
T04291,U00625,C035,2024-04-08 09:44:58
T04292,U01789,C025,2024-04-08 10:00:27
T04293,U00609,C048,2024-04-08 10:45:54
T04294,U01539,C012,2024-04-08 10:57:57
T04295,U01697,C041,2024-04-08 13:32:09
T04296,U01203,C014,2024-04-08 14:31:06
T04297,U01935,C002,2024-04-08 20:13:34
T04298,U01597,C018,2024-04-08 20:51:26
T04299,U01318,C040,2024-04-08 22:47:59
T04300,U01853,C007,2024-04-09 08:58:40
T04301,U02748,C003,2024-04-09 09:51:37
T04302,U00250,C043,2024-04-09 11:06:04
T04303,U00337,C009,2024-04-09 11:19:28
T04304,U01379,C006,2024-04-09 11:39:39
T04305,U00056,C016,2024-04-09 12:08:12
T04306,U01750,C009,2024-04-09 14:21:35
T04307,U01966,C037,2024-04-09 19:36:50
T04308,U00539,C047,2024-04-09 21:23:24
T04309,U01987,C018,2024-04-09 22:48:31
T04310,U02138,C012,2024-04-09 23:18:31
T04311,U00771,C009,2024-04-10 09:17:31
T04312,U00557,C021,2024-04-10 10:07:52
T04313,U01931,C009,2024-04-10 10:17:06
T04314,U02837,C003,2024-04-10 11:03:14
T04315,U01243,C026,2024-04-10 12:39:58
T04316,U02386,C014,2024-04-10 13:56:27
T04317,U01468,C020,2024-04-10 15:08:31
T04318,U01789,C026,2024-04-10 15:13:03
T04319,U02609,C003,2024-04-10 18:17:43
T04320,U02003,C026,2024-04-10 18:23:07
T04321,U00971,C025,2024-04-10 18:37:27
T04322,U02097,C004,2024-04-10 18:49:44
T04323,U01461,C033,2024-04-10 19:00:30
T04324,U02998,C006,2024-04-11 08:04:23
T04325,U01425,C038,2024-04-11 08:38:17
T04326,U01627,C041,2024-04-11 12:34:39
T04327,U02197,C003,2024-04-11 13:47:13
T04328,U01142,C006,2024-04-11 14:14:49
T04329,U01327,C007,2024-04-11 16:16:01
T04330,U00989,C035,2024-04-11 16:16:24
T04331,U00590,C018,2024-04-11 17:56:45
T04332,U01334,C001,2024-04-11 18:47:07
T04333,U00592,C013,2024-04-11 20:31:48
T04334,U02655,C013,2024-04-11 20:38:31
T04335,U02972,C042,2024-04-11 21:34:56
T04336,U01117,C010,2024-04-11 23:13:44
T04337,U02661,C009,2024-04-11 23:42:50
T04338,U01864,C010,2024-04-12 08:39:03
T04339,U00205,C048,2024-04-12 09:46:24
T04340,U00749,C004,2024-04-12 11:20:09
T04341,U01983,C006,2024-04-12 17:22:52
T04342,U02340,C009,2024-04-12 17:24:08
T04343,U00470,C009,2024-04-12 17:25:03
T04344,U00543,C032,2024-04-12 18:04:59
T04345,U00689,C012,2024-04-13 15:13:35
T04346,U02942,C037,2024-04-13 20:16:55
T04347,U01398,C039,2024-04-13 21:55:00
T04348,U02156,C013,2024-04-14 11:23:15
T04349,U01888,C009,2024-04-14 11:31:09
T04350,U01814,C007,2024-04-14 12:20:50
T04351,U01459,C012,2024-04-14 17:50:49
T04352,U01406,C037,2024-04-14 21:25:00
T04353,U02200,C016,2024-04-14 21:56:42
T04354,U02435,C006,2024-04-14 23:44:42
T04355,U02402,C003,2024-04-15 08:09:35
T04356,U00453,C032,2024-04-15 09:06:58
T04357,U02441,C019,2024-04-15 11:42:35
T04358,U00908,C030,2024-04-15 12:45:30
T04359,U00090,C047,2024-04-15 13:32:54
T04360,U02337,C039,2024-04-15 14:27:24
T04361,U00633,C013,2024-04-15 15:01:01
T04362,U01942,C027,2024-04-15 16:13:56
T04363,U00345,C044,2024-04-15 16:51:03
T04364,U00388,C043,2024-04-15 18:51:58
T04365,U00082,C004,2024-04-15 20:25:29
T04366,U00160,C044,2024-04-15 20:49:37
T04367,U01960,C007,2024-04-15 21:17:55
T04368,U02637,C016,2024-04-15 22:36:26
T04369,U01117,C004,2024-04-15 23:07:17
T04370,U00250,C032,2024-04-15 23:35:03
T04371,U01350,C027,2024-04-16 13:18:58
T04372,U00625,C004,2024-04-16 15:16:35
T04373,U01341,C037,2024-04-16 15:45:18
T04374,U02975,C012,2024-04-16 16:19:29
T04375,U00382,C013,2024-04-16 21:26:02
T04376,U01333,C002,2024-04-16 22:20:17
T04377,U00736,C033,2024-04-16 22:47:17
T04378,U01771,C003,2024-04-16 23:01:39
T04379,U00366,C012,2024-04-17 13:29:37
T04380,U01306,C003,2024-04-17 17:08:38
T04381,U02078,C013,2024-04-17 17:22:08
T04382,U02113,C028,2024-04-18 08:59:53
T04383,U01929,C018,2024-04-18 09:27:40
T04384,U00439,C017,2024-04-18 10:08:32
T04385,U02492,C044,2024-04-18 10:23:01
T04386,U02996,C028,2024-04-18 10:42:38
T04387,U00907,C006,2024-04-18 10:48:58
T04388,U02031,C002,2024-04-18 11:30:49
T04389,U00629,C044,2024-04-18 11:52:10
T04390,U01865,C044,2024-04-18 13:06:03
T04391,U00180,C026,2024-04-18 13:39:42
T04392,U01858,C006,2024-04-18 13:55:21
T04393,U01513,C046,2024-04-18 14:20:08
T04394,U00070,C022,2024-04-18 14:22:45
T04395,U01338,C041,2024-04-18 14:57:11
T04396,U01318,C026,2024-04-18 15:08:58
T04397,U02543,C017,2024-04-18 17:02:53
T04398,U00472,C013,2024-04-18 18:05:53
T04399,U01837,C003,2024-04-18 19:09:20
T04400,U01865,C041,2024-04-18 19:13:41
T04401,U00205,C004,2024-04-18 20:39:41
T04402,U02422,C042,2024-04-19 09:22:07
T04403,U02406,C037,2024-04-19 10:05:19
T04404,U02666,C043,2024-04-19 13:11:46
T04405,U01086,C034,2024-04-19 13:52:47
T04406,U02793,C007,2024-04-19 14:55:06
T04407,U02432,C003,2024-04-19 17:03:06
T04408,U02845,C046,2024-04-19 17:28:50
T04409,U02332,C032,2024-04-19 19:42:01
T04410,U01639,C030,2024-04-19 21:26:03
T04411,U01012,C017,2024-04-20 08:06:27
T04412,U00497,C037,2024-04-20 11:04:57
T04413,U01721,C008,2024-04-20 18:10:47
T04414,U02423,C023,2024-04-20 18:15:26
T04415,U01300,C004,2024-04-20 19:22:12
T04416,U02368,C016,2024-04-20 19:28:27
T04417,U00487,C034,2024-04-20 22:15:59
T04418,U01477,C022,2024-04-20 22:32:23
T04419,U02851,C012,2024-04-20 23:15:59
T04420,U01718,C025,2024-04-20 23:16:38
T04421,U02697,C047,2024-04-21 10:26:52
T04422,U01171,C004,2024-04-21 10:28:10
T04423,U01099,C046,2024-04-21 10:45:14
T04424,U02322,C018,2024-04-21 15:08:09
T04425,U00635,C007,2024-04-21 16:09:05
T04426,U00179,C039,2024-04-21 16:59:11
T04427,U01581,C039,2024-04-21 21:56:01
T04428,U00140,C025,2024-04-22 12:01:29
T04429,U01676,C013,2024-04-22 16:36:16
T04430,U02412,C032,2024-04-22 17:17:01
T04431,U02665,C009,2024-04-22 19:35:42
T04432,U01740,C010,2024-04-22 20:18:43
T04433,U00874,C012,2024-04-22 22:31:29
T04434,U02057,C031,2024-04-22 23:35:49
T04435,U00795,C017,2024-04-23 08:38:45
T04436,U00780,C044,2024-04-23 13:21:19
T04437,U02858,C044,2024-04-23 17:54:57
T04438,U02877,C006,2024-04-23 18:48:37
T04439,U00277,C035,2024-04-23 20:50:15
T04440,U00757,C012,2024-04-23 21:28:05
T04441,U01777,C020,2024-04-23 22:42:05
T04442,U01160,C013,2024-04-23 23:40:04
T04443,U01003,C027,2024-04-24 10:04:46
T04444,U01025,C039,2024-04-24 12:14:07
T04445,U00998,C050,2024-04-24 12:16:00
T04446,U01911,C003,2024-04-24 12:54:32
T04447,U01907,C006,2024-04-24 13:05:36
T04448,U01377,C006,2024-04-24 16:31:46
T04449,U01509,C032,2024-04-24 18:48:29
T04450,U00225,C041,2024-04-24 19:39:20
T04451,U00664,C048,2024-04-24 20:30:17
T04452,U00506,C032,2024-04-24 21:37:14
T04453,U00293,C041,2024-04-24 21:52:23
T04454,U01415,C007,2024-04-25 11:08:51
T04455,U00365,C015,2024-04-25 11:11:49
T04456,U02085,C003,2024-04-25 14:54:40
T04457,U00259,C049,2024-04-25 17:00:49
T04458,U01084,C036,2024-04-25 17:45:14
T04459,U02877,C044,2024-04-25 17:58:16
T04460,U00374,C003,2024-04-25 19:02:09
T04461,U00543,C006,2024-04-25 20:05:00
T04462,U02558,C038,2024-04-25 20:45:28
T04463,U01391,C020,2024-04-25 22:12:06
T04464,U01629,C027,2024-04-25 23:52:10
T04465,U00393,C035,2024-04-25 23:56:15
T04466,U02737,C021,2024-04-26 08:28:54
T04467,U02859,C009,2024-04-26 10:44:12
T04468,U01269,C018,2024-04-26 10:58:53
T04469,U01460,C026,2024-04-26 13:19:19
T04470,U02866,C049,2024-04-26 13:37:51
T04471,U02880,C009,2024-04-26 14:33:32
T04472,U01630,C035,2024-04-26 16:08:57
T04473,U01250,C031,2024-04-26 17:46:59
T04474,U00634,C035,2024-04-26 22:12:16
T04475,U02680,C032,2024-04-27 09:30:51
T04476,U02422,C048,2024-04-27 10:30:05
T04477,U00880,C019,2024-04-27 11:24:44
T04478,U02471,C014,2024-04-27 12:57:13
T04479,U01695,C016,2024-04-27 14:40:39
T04480,U02847,C032,2024-04-27 15:38:27
T04481,U02992,C011,2024-04-27 16:43:14
T04482,U02263,C024,2024-04-27 18:11:34
T04483,U02885,C003,2024-04-27 18:12:08
T04484,U00437,C002,2024-04-27 18:26:22
T04485,U01224,C004,2024-04-27 19:31:01
T04486,U01432,C004,2024-04-27 19:33:00
T04487,U01912,C027,2024-04-27 21:53:40
T04488,U02358,C041,2024-04-28 11:02:13
T04489,U00079,C020,2024-04-28 11:06:54
T04490,U01790,C044,2024-04-28 14:45:31
T04491,U00915,C043,2024-04-28 15:30:02
T04492,U01991,C041,2024-04-28 16:09:09
T04493,U00612,C026,2024-04-28 17:32:51
T04494,U02114,C007,2024-04-28 18:06:05
T04495,U02403,C045,2024-04-28 19:37:48
T04496,U02250,C027,2024-04-28 20:28:24
T04497,U02510,C037,2024-04-28 23:11:32
T04498,U01517,C032,2024-04-29 08:28:30
T04499,U00040,C012,2024-04-29 10:18:01
T04500,U01400,C031,2024-04-29 15:20:29
T04501,U00342,C038,2024-04-29 16:42:54
T04502,U00584,C013,2024-04-29 16:48:45
T04503,U01089,C033,2024-04-29 18:01:15
T04504,U01963,C046,2024-04-29 19:46:11
T04505,U00282,C039,2024-04-29 22:46:12
T04506,U00284,C016,2024-04-29 23:12:36
T04507,U01492,C009,2024-04-30 09:38:25
T04508,U02449,C009,2024-04-30 12:17:39
T04509,U01595,C048,2024-04-30 13:32:58
T04510,U00033,C027,2024-04-30 14:53:03
T04511,U01387,C023,2024-04-30 21:01:00
T04512,U01211,C046,2024-05-01 11:43:03
T04513,U02988,C025,2024-05-01 12:43:31
T04514,U00717,C019,2024-05-01 14:52:49
T04515,U01392,C037,2024-05-01 16:30:18
T04516,U00588,C046,2024-05-01 16:31:31
T04517,U00364,C044,2024-05-01 17:49:52
T04518,U00528,C012,2024-05-01 18:31:37
T04519,U02574,C037,2024-05-01 21:44:10
T04520,U00544,C028,2024-05-01 23:02:52
T04521,U01673,C004,2024-05-01 23:34:20
T04522,U02716,C048,2024-05-02 08:02:19
T04523,U02144,C003,2024-05-02 11:15:26
T04524,U00066,C001,2024-05-02 12:21:57
T04525,U01589,C022,2024-05-02 13:27:17
T04526,U00918,C048,2024-05-02 17:32:34
T04527,U00615,C033,2024-05-02 17:41:10
T04528,U00518,C003,2024-05-03 16:32:43
T04529,U00119,C045,2024-05-03 17:43:16
T04530,U00043,C014,2024-05-03 17:45:45
T04531,U00554,C001,2024-05-03 19:52:09
T04532,U01924,C046,2024-05-03 23:23:15
T04533,U01701,C011,2024-05-03 23:51:53
T04534,U00467,C048,2024-05-04 08:59:02
T04535,U02466,C032,2024-05-04 10:55:46
T04536,U02119,C043,2024-05-04 12:02:07
T04537,U00284,C006,2024-05-04 13:34:22
T04538,U01589,C011,2024-05-04 15:59:58
T04539,U01345,C044,2024-05-04 16:49:06
T04540,U01345,C012,2024-05-04 22:11:32
T04541,U01692,C028,2024-05-05 10:21:28
T04542,U01504,C008,2024-05-05 11:06:25
T04543,U02423,C013,2024-05-05 12:06:32
T04544,U02525,C016,2024-05-05 12:30:12
T04545,U00576,C003,2024-05-05 12:31:48
T04546,U00556,C032,2024-05-05 13:06:13
T04547,U01753,C002,2024-05-05 13:17:47
T04548,U00123,C040,2024-05-05 14:18:28
T04549,U01402,C020,2024-05-06 08:10:33
T04550,U00636,C006,2024-05-06 08:45:33
T04551,U02609,C009,2024-05-06 12:06:43
T04552,U02347,C019,2024-05-06 13:30:14
T04553,U01536,C003,2024-05-06 15:15:16
T04554,U00136,C005,2024-05-06 15:57:41
T04555,U00876,C038,2024-05-06 16:53:10
T04556,U02632,C041,2024-05-06 17:03:42
T04557,U01609,C017,2024-05-06 22:08:54
T04558,U01533,C046,2024-05-06 22:36:58
T04559,U02103,C013,2024-05-07 10:06:36
T04560,U01855,C003,2024-05-07 11:47:59
T04561,U02541,C041,2024-05-07 13:58:56
T04562,U00815,C019,2024-05-07 15:11:12
T04563,U02618,C037,2024-05-07 16:31:21
T04564,U01349,C031,2024-05-07 18:06:22
T04565,U02862,C004,2024-05-07 21:11:20
T04566,U01954,C039,2024-05-07 21:46:28
T04567,U00589,C032,2024-05-07 23:50:29
T04568,U01965,C046,2024-05-08 08:32:32
T04569,U02639,C047,2024-05-08 12:59:07
T04570,U00232,C008,2024-05-08 16:11:35
T04571,U00005,C002,2024-05-08 16:42:18
T04572,U00423,C001,2024-05-08 17:03:23
T04573,U00062,C019,2024-05-08 23:24:00
T04574,U00628,C038,2024-05-08 23:30:47
T04575,U00406,C011,2024-05-09 08:39:35
T04576,U02159,C041,2024-05-09 10:06:45
T04577,U02841,C050,2024-05-09 12:20:59
T04578,U00140,C037,2024-05-09 18:02:05
T04579,U00896,C032,2024-05-09 19:31:18
T04580,U01894,C025,2024-05-09 19:43:31
T04581,U02543,C014,2024-05-09 23:06:48
T04582,U02745,C048,2024-05-09 23:40:09
T04583,U01157,C021,2024-05-10 08:40:37
T04584,U02680,C013,2024-05-10 08:51:08
T04585,U00942,C035,2024-05-10 10:19:53
T04586,U01700,C026,2024-05-10 10:21:15
T04587,U02220,C026,2024-05-10 14:12:29
T04588,U02697,C004,2024-05-10 14:24:56
T04589,U02456,C017,2024-05-10 16:16:58
T04590,U00716,C033,2024-05-10 17:42:50
T04591,U01357,C046,2024-05-10 21:31:16
T04592,U00985,C007,2024-05-10 23:44:20
T04593,U02886,C011,2024-05-11 08:47:47
T04594,U01331,C045,2024-05-11 10:04:59
T04595,U01885,C044,2024-05-11 11:14:40
T04596,U01387,C012,2024-05-11 12:06:47
T04597,U01991,C016,2024-05-11 14:05:39
T04598,U02049,C017,2024-05-11 14:34:16
T04599,U00366,C009,2024-05-11 14:56:29
T04600,U02041,C001,2024-05-11 15:59:24
T04601,U01229,C009,2024-05-11 19:18:07
T04602,U02507,C022,2024-05-11 19:31:53
T04603,U01445,C031,2024-05-11 22:16:02
T04604,U01572,C008,2024-05-11 22:47:56
T04605,U00507,C014,2024-05-12 09:30:46
T04606,U01283,C045,2024-05-12 09:38:34
T04607,U02221,C004,2024-05-12 10:29:00
T04608,U02738,C001,2024-05-12 10:57:11
T04609,U02801,C012,2024-05-12 12:42:32
T04610,U02029,C004,2024-05-12 13:00:55
T04611,U00960,C020,2024-05-12 13:01:35
T04612,U01908,C049,2024-05-12 13:37:26
T04613,U00884,C031,2024-05-12 13:46:10
T04614,U02119,C033,2024-05-12 14:23:40
T04615,U01915,C028,2024-05-12 15:47:58
T04616,U02283,C008,2024-05-12 19:25:10
T04617,U02861,C003,2024-05-12 23:34:30
T04618,U00571,C027,2024-05-13 08:46:06
T04619,U02183,C004,2024-05-13 10:52:55
T04620,U01408,C003,2024-05-13 14:51:39
T04621,U02880,C003,2024-05-13 18:48:27
T04622,U00044,C034,2024-05-13 19:35:41
T04623,U02492,C002,2024-05-13 19:51:37
T04624,U02085,C022,2024-05-14 12:13:24
T04625,U02089,C005,2024-05-14 17:09:18
T04626,U01847,C001,2024-05-14 22:10:07
T04627,U02230,C038,2024-05-14 22:47:50
T04628,U02976,C030,2024-05-14 22:52:42
T04629,U01455,C046,2024-05-15 11:26:27
T04630,U00114,C004,2024-05-15 12:45:41
T04631,U01064,C016,2024-05-15 23:48:36
T04632,U02682,C044,2024-05-16 10:12:36
T04633,U00513,C004,2024-05-16 10:39:56
T04634,U01699,C026,2024-05-16 11:31:12
T04635,U00945,C029,2024-05-16 11:42:08
T04636,U01639,C011,2024-05-16 11:55:49
T04637,U01466,C019,2024-05-16 12:25:49
T04638,U00113,C038,2024-05-16 12:26:38
T04639,U01421,C004,2024-05-16 16:45:09
T04640,U01853,C021,2024-05-16 17:17:35
T04641,U01722,C007,2024-05-16 17:18:54
T04642,U01869,C047,2024-05-16 22:55:56
T04643,U01393,C026,2024-05-17 08:25:49
T04644,U00563,C022,2024-05-17 11:50:07
T04645,U02665,C039,2024-05-17 12:45:52
T04646,U01919,C028,2024-05-17 17:38:32
T04647,U02762,C012,2024-05-17 18:00:17
T04648,U01466,C030,2024-05-17 18:57:18
T04649,U01060,C047,2024-05-17 20:06:46
T04650,U02108,C037,2024-05-17 22:45:08
T04651,U02598,C019,2024-05-18 08:16:15
T04652,U00231,C041,2024-05-18 14:24:37
T04653,U01273,C043,2024-05-18 15:06:57
T04654,U02338,C003,2024-05-18 17:49:33
T04655,U02068,C022,2024-05-18 18:20:56
T04656,U02535,C031,2024-05-18 22:49:32
T04657,U00290,C020,2024-05-19 12:11:55
T04658,U01690,C041,2024-05-19 13:16:25
T04659,U00473,C018,2024-05-19 13:35:02
T04660,U00173,C047,2024-05-19 15:04:32
T04661,U01892,C002,2024-05-19 17:21:24
T04662,U00867,C027,2024-05-19 21:29:24
T04663,U02720,C046,2024-05-19 21:51:05
T04664,U01638,C048,2024-05-19 22:27:37
T04665,U02445,C007,2024-05-20 08:12:55
T04666,U00983,C046,2024-05-20 09:05:07
T04667,U00374,C027,2024-05-20 09:42:36
T04668,U02881,C003,2024-05-20 10:17:58
T04669,U02789,C031,2024-05-20 11:05:30
T04670,U02162,C038,2024-05-20 14:31:13
T04671,U01325,C008,2024-05-20 16:16:55
T04672,U02290,C006,2024-05-20 18:04:13
T04673,U00951,C032,2024-05-20 21:51:14
T04674,U00871,C013,2024-05-20 22:01:04
T04675,U01697,C049,2024-05-20 22:01:39
T04676,U02389,C004,2024-05-20 22:57:09
T04677,U02090,C005,2024-05-20 23:50:48
T04678,U00965,C035,2024-05-21 09:54:59
T04679,U02918,C046,2024-05-21 16:02:23
T04680,U02084,C034,2024-05-21 18:26:24
T04681,U02540,C013,2024-05-22 08:10:55
T04682,U00781,C014,2024-05-22 08:37:51
T04683,U00489,C048,2024-05-22 10:00:00
T04684,U02386,C006,2024-05-22 12:01:13
T04685,U00515,C017,2024-05-22 12:21:15
T04686,U00988,C012,2024-05-22 14:08:38
T04687,U02396,C019,2024-05-22 19:14:45
T04688,U00960,C037,2024-05-22 20:21:27
T04689,U02603,C002,2024-05-22 20:29:48
T04690,U02056,C032,2024-05-22 21:06:51
T04691,U01191,C018,2024-05-22 21:14:10
T04692,U00070,C006,2024-05-22 21:18:10
T04693,U02353,C024,2024-05-23 09:07:01
T04694,U00178,C039,2024-05-23 09:08:36
T04695,U01838,C035,2024-05-23 09:41:18
T04696,U01698,C037,2024-05-23 11:22:43
T04697,U02720,C031,2024-05-23 14:04:16
T04698,U02471,C008,2024-05-23 15:37:28
T04699,U01704,C010,2024-05-23 18:35:30
T04700,U01170,C046,2024-05-23 20:27:12
T04701,U00045,C009,2024-05-23 20:42:20
T04702,U00801,C004,2024-05-23 21:32:41
T04703,U01087,C037,2024-05-23 22:30:20
T04704,U02083,C025,2024-05-24 08:41:13
T04705,U00384,C046,2024-05-24 08:53:11
T04706,U01205,C048,2024-05-24 11:58:08
T04707,U01247,C035,2024-05-24 12:35:47
T04708,U02993,C033,2024-05-24 15:28:05
T04709,U01904,C031,2024-05-25 08:28:31
T04710,U00332,C006,2024-05-25 09:15:39
T04711,U02511,C032,2024-05-25 10:31:33
T04712,U02103,C016,2024-05-25 12:14:26
T04713,U01671,C041,2024-05-25 12:20:55
T04714,U00163,C048,2024-05-25 15:04:16
T04715,U02428,C041,2024-05-25 15:12:50
T04716,U00059,C048,2024-05-25 16:13:48
T04717,U01848,C024,2024-05-25 16:14:15
T04718,U02306,C028,2024-05-25 16:30:08
T04719,U02716,C025,2024-05-25 16:36:27
T04720,U00782,C020,2024-05-25 18:53:16
T04721,U02829,C003,2024-05-25 21:55:15
T04722,U02038,C038,2024-05-25 22:15:25
T04723,U01970,C001,2024-05-25 22:41:33
T04724,U01012,C040,2024-05-25 23:12:05
T04725,U01344,C020,2024-05-26 10:09:57
T04726,U00656,C018,2024-05-26 10:15:49
T04727,U02539,C038,2024-05-26 10:42:08
T04728,U02217,C046,2024-05-26 10:47:55
T04729,U01073,C014,2024-05-26 16:09:05
T04730,U02185,C032,2024-05-26 16:18:47
T04731,U02982,C002,2024-05-26 16:32:27
T04732,U01002,C003,2024-05-26 19:51:29
T04733,U02737,C013,2024-05-26 21:09:49
T04734,U01338,C004,2024-05-26 22:00:10
T04735,U02253,C038,2024-05-27 09:50:41
T04736,U02934,C047,2024-05-27 10:03:39
T04737,U02129,C011,2024-05-27 10:15:34
T04738,U01510,C019,2024-05-27 10:38:36
T04739,U01360,C016,2024-05-27 18:17:29
T04740,U02505,C030,2024-05-27 19:17:58
T04741,U00623,C036,2024-05-27 19:44:07
T04742,U00734,C012,2024-05-27 20:30:53
T04743,U02188,C031,2024-05-28 08:38:52
T04744,U01736,C004,2024-05-28 10:26:33
T04745,U00896,C009,2024-05-28 14:09:24
T04746,U02844,C048,2024-05-28 14:59:40
T04747,U01087,C048,2024-05-28 20:52:24
T04748,U00670,C025,2024-05-28 21:56:45
T04749,U01464,C017,2024-05-28 23:42:24
T04750,U00799,C018,2024-05-29 09:03:08
T04751,U02461,C007,2024-05-29 16:55:34
T04752,U01755,C038,2024-05-29 18:29:15
T04753,U02625,C038,2024-05-29 20:38:09
T04754,U00431,C049,2024-05-29 21:39:11
T04755,U02676,C022,2024-05-29 21:46:17
T04756,U01277,C006,2024-05-30 08:40:42
T04757,U00120,C021,2024-05-30 09:22:52
T04758,U02708,C027,2024-05-30 10:50:57
T04759,U00966,C044,2024-05-30 12:13:13
T04760,U02775,C011,2024-05-30 13:02:27
T04761,U02516,C027,2024-05-30 13:54:29
T04762,U01625,C047,2024-05-30 14:46:47
T04763,U01589,C014,2024-05-30 14:49:22
T04764,U02897,C028,2024-05-30 15:51:39
T04765,U02423,C012,2024-05-30 16:20:23
T04766,U02632,C028,2024-05-30 16:41:34
T04767,U02670,C009,2024-05-30 18:09:00
T04768,U00513,C044,2024-05-30 18:47:59
T04769,U00344,C006,2024-05-30 19:22:40
T04770,U02357,C012,2024-05-30 19:23:18
T04771,U01665,C009,2024-05-31 08:31:14
T04772,U02075,C042,2024-05-31 13:11:41
T04773,U01492,C038,2024-05-31 13:43:18
T04774,U00051,C026,2024-05-31 13:43:57
T04775,U02397,C013,2024-05-31 15:11:31
T04776,U01361,C047,2024-05-31 18:12:53
T04777,U00763,C020,2024-05-31 18:40:16
T04778,U02921,C025,2024-06-01 08:36:11
T04779,U01062,C046,2024-06-01 08:48:53
T04780,U00534,C009,2024-06-01 12:51:36
T04781,U01984,C047,2024-06-01 13:00:06
T04782,U02511,C045,2024-06-01 13:10:44
T04783,U02882,C003,2024-06-01 13:53:06
T04784,U02477,C014,2024-06-01 15:57:35
T04785,U02782,C045,2024-06-01 17:48:08
T04786,U00132,C020,2024-06-01 18:21:23
T04787,U02442,C017,2024-06-01 19:18:41
T04788,U01884,C046,2024-06-01 20:14:36
T04789,U02751,C020,2024-06-01 23:18:44
T04790,U02664,C038,2024-06-02 08:40:06
T04791,U01851,C026,2024-06-02 09:12:37
T04792,U02597,C018,2024-06-02 09:55:10
T04793,U00189,C038,2024-06-02 11:27:08
T04794,U00592,C037,2024-06-02 11:36:43
T04795,U01806,C015,2024-06-02 13:21:40
T04796,U02858,C012,2024-06-02 14:02:21
T04797,U02820,C011,2024-06-02 17:07:26
T04798,U00607,C013,2024-06-02 17:36:25
T04799,U02277,C044,2024-06-02 18:52:20
T04800,U01997,C024,2024-06-02 20:03:37
T04801,U01209,C012,2024-06-03 09:28:17
T04802,U02115,C017,2024-06-03 13:01:47
T04803,U01804,C003,2024-06-03 13:31:42
T04804,U01907,C048,2024-06-03 13:42:12
T04805,U00443,C013,2024-06-03 15:31:11
T04806,U02284,C039,2024-06-03 16:19:55
T04807,U01519,C018,2024-06-03 16:48:52
T04808,U00047,C035,2024-06-03 16:58:26
T04809,U01693,C006,2024-06-03 19:06:10
T04810,U01159,C019,2024-06-03 19:58:53
T04811,U00009,C048,2024-06-03 20:11:23
T04812,U01149,C046,2024-06-03 20:46:11
T04813,U00906,C009,2024-06-03 21:32:39
T04814,U02485,C003,2024-06-03 22:34:20
T04815,U01575,C006,2024-06-04 11:34:10
T04816,U01017,C046,2024-06-04 14:07:12
T04817,U01224,C019,2024-06-04 15:36:47
T04818,U00629,C011,2024-06-04 16:32:04
T04819,U01677,C048,2024-06-04 23:27:45
T04820,U02619,C006,2024-06-04 23:54:17
T04821,U02680,C011,2024-06-05 08:16:10
T04822,U00689,C004,2024-06-05 09:01:22
T04823,U02188,C045,2024-06-05 09:32:23
T04824,U01038,C003,2024-06-05 10:34:39
T04825,U02480,C028,2024-06-05 11:02:00
T04826,U01159,C039,2024-06-05 14:25:06
T04827,U01716,C042,2024-06-05 17:13:56
T04828,U01470,C043,2024-06-05 17:19:24
T04829,U02826,C050,2024-06-05 17:42:52
T04830,U01759,C047,2024-06-05 19:12:47
T04831,U01623,C001,2024-06-05 19:19:28
T04832,U00686,C003,2024-06-05 19:28:44
T04833,U02324,C002,2024-06-05 19:42:32
T04834,U00595,C012,2024-06-05 19:51:47
T04835,U00473,C004,2024-06-05 20:42:12
T04836,U01150,C030,2024-06-05 20:53:48
T04837,U02064,C002,2024-06-05 21:18:02
T04838,U01765,C009,2024-06-05 22:06:48
T04839,U02958,C009,2024-06-06 08:29:16
T04840,U01866,C013,2024-06-06 09:57:07
T04841,U00436,C001,2024-06-06 10:15:30
T04842,U00977,C009,2024-06-06 11:50:37
T04843,U02391,C011,2024-06-06 12:10:48
T04844,U02588,C030,2024-06-06 14:44:00
T04845,U00529,C045,2024-06-06 16:14:30
T04846,U00915,C014,2024-06-06 19:40:45
T04847,U01780,C040,2024-06-06 19:46:16
T04848,U00522,C021,2024-06-07 08:18:26
T04849,U00052,C012,2024-06-07 10:14:22
T04850,U02616,C022,2024-06-07 14:52:02
T04851,U00940,C048,2024-06-07 15:38:31
T04852,U00720,C044,2024-06-07 20:55:16
T04853,U00925,C028,2024-06-07 21:10:11
T04854,U00679,C007,2024-06-07 21:53:40
T04855,U02011,C001,2024-06-08 08:52:59
T04856,U00184,C022,2024-06-08 09:56:50
T04857,U00105,C002,2024-06-08 09:59:40
T04858,U01575,C016,2024-06-08 10:36:59
T04859,U00581,C031,2024-06-08 11:47:59
T04860,U00106,C025,2024-06-08 11:49:57
T04861,U02489,C026,2024-06-08 12:24:34
T04862,U01525,C019,2024-06-08 17:54:24
T04863,U01994,C013,2024-06-08 18:33:09
T04864,U02883,C002,2024-06-08 21:59:27
T04865,U00852,C044,2024-06-08 23:01:11
T04866,U01899,C035,2024-06-09 09:16:37
T04867,U02140,C009,2024-06-09 09:32:27
T04868,U01782,C006,2024-06-09 10:51:42
T04869,U00411,C022,2024-06-09 10:52:51
T04870,U02061,C020,2024-06-09 11:37:08
T04871,U00197,C035,2024-06-09 11:47:14
T04872,U02731,C039,2024-06-09 14:53:20
T04873,U01826,C004,2024-06-09 21:05:23
T04874,U02594,C003,2024-06-09 22:22:25
T04875,U02526,C049,2024-06-10 10:02:16
T04876,U00991,C038,2024-06-10 10:40:46
T04877,U01570,C033,2024-06-10 10:55:50
T04878,U02005,C005,2024-06-10 11:05:05
T04879,U02338,C027,2024-06-10 11:09:48
T04880,U01165,C046,2024-06-10 12:14:05
T04881,U01699,C009,2024-06-10 12:39:58
T04882,U01638,C003,2024-06-10 13:56:45
T04883,U02224,C002,2024-06-10 14:13:28
T04884,U01440,C040,2024-06-10 14:47:48
T04885,U02221,C012,2024-06-10 14:54:57
T04886,U02528,C028,2024-06-10 15:21:55
T04887,U00965,C029,2024-06-10 17:29:41
T04888,U00484,C013,2024-06-10 18:51:53
T04889,U01597,C017,2024-06-10 20:54:06
T04890,U02344,C037,2024-06-10 21:59:22
T04891,U02762,C009,2024-06-10 22:01:51
T04892,U02188,C044,2024-06-11 10:51:18
T04893,U01341,C038,2024-06-11 11:21:57
T04894,U02575,C032,2024-06-11 11:33:36
T04895,U01058,C038,2024-06-11 13:56:11
T04896,U00571,C045,2024-06-11 14:58:32
T04897,U00621,C012,2024-06-11 16:31:56
T04898,U02366,C020,2024-06-11 17:23:33
T04899,U01488,C023,2024-06-11 17:27:25
T04900,U01243,C044,2024-06-11 17:50:15
T04901,U02337,C047,2024-06-11 18:13:34
T04902,U00096,C018,2024-06-11 18:35:49
T04903,U02623,C016,2024-06-11 19:01:34
T04904,U00636,C022,2024-06-11 21:49:58
T04905,U02150,C043,2024-06-12 11:56:35
T04906,U00805,C012,2024-06-12 12:03:15
T04907,U02510,C045,2024-06-12 13:58:35
T04908,U01345,C036,2024-06-12 15:19:31
T04909,U00659,C028,2024-06-12 16:11:15
T04910,U00683,C034,2024-06-12 17:02:31
T04911,U00266,C037,2024-06-12 17:07:40
T04912,U00769,C011,2024-06-12 17:51:45
T04913,U01906,C010,2024-06-12 19:30:25
T04914,U01408,C027,2024-06-12 19:33:38
T04915,U02288,C019,2024-06-12 21:21:01
T04916,U00410,C041,2024-06-12 21:25:11
T04917,U02178,C037,2024-06-12 22:17:21
T04918,U00779,C042,2024-06-13 08:47:14
T04919,U00481,C041,2024-06-13 09:15:44
T04920,U01925,C012,2024-06-13 10:16:07
T04921,U00395,C013,2024-06-13 10:28:32
T04922,U02309,C026,2024-06-13 11:41:30
T04923,U00354,C014,2024-06-13 12:41:59
T04924,U01551,C024,2024-06-13 13:04:48
T04925,U00972,C041,2024-06-13 13:41:47
T04926,U01869,C017,2024-06-13 16:17:01
T04927,U00437,C046,2024-06-13 17:18:10
T04928,U00623,C006,2024-06-13 18:34:27
T04929,U02411,C030,2024-06-13 19:58:17
T04930,U02164,C019,2024-06-13 21:49:35
T04931,U01418,C011,2024-06-13 22:27:42
T04932,U00238,C034,2024-06-13 23:08:57
T04933,U01080,C006,2024-06-14 08:44:27
T04934,U02794,C026,2024-06-14 08:59:22
T04935,U02083,C033,2024-06-14 11:53:44
T04936,U01960,C022,2024-06-14 13:14:26
T04937,U02825,C037,2024-06-14 13:17:34
T04938,U02184,C017,2024-06-14 14:06:11
T04939,U02229,C037,2024-06-14 14:43:16
T04940,U01172,C030,2024-06-14 17:38:52
T04941,U01715,C018,2024-06-14 20:02:09
T04942,U01443,C006,2024-06-14 20:09:34
T04943,U00975,C022,2024-06-14 20:17:40
T04944,U01058,C027,2024-06-14 20:43:38
T04945,U02164,C022,2024-06-15 08:00:58
T04946,U01715,C014,2024-06-15 12:38:15
T04947,U00904,C048,2024-06-15 14:15:27
T04948,U02561,C050,2024-06-15 14:24:20
T04949,U01525,C002,2024-06-15 16:40:14
T04950,U02155,C012,2024-06-15 17:32:36
T04951,U02069,C007,2024-06-15 17:58:35
T04952,U00273,C036,2024-06-15 17:59:20
T04953,U01139,C001,2024-06-15 20:18:54
T04954,U00819,C020,2024-06-15 21:40:15
T04955,U02380,C031,2024-06-15 23:18:03
T04956,U00490,C019,2024-06-15 23:39:05
T04957,U01640,C036,2024-06-16 08:06:45
T04958,U01589,C038,2024-06-16 08:08:56
T04959,U02484,C006,2024-06-16 10:04:00
T04960,U00560,C027,2024-06-16 12:44:14
T04961,U01323,C025,2024-06-16 14:26:03
T04962,U02393,C012,2024-06-16 16:34:02
T04963,U00044,C007,2024-06-16 17:19:43
T04964,U01413,C046,2024-06-16 17:23:39
T04965,U02692,C042,2024-06-16 18:11:14
T04966,U00760,C046,2024-06-16 20:44:07
T04967,U01437,C042,2024-06-16 22:36:53
T04968,U00093,C031,2024-06-16 22:51:36
T04969,U01280,C011,2024-06-16 23:12:53
T04970,U00430,C039,2024-06-17 10:41:01
T04971,U00294,C020,2024-06-17 10:53:19
T04972,U02200,C006,2024-06-17 11:09:57
T04973,U02499,C028,2024-06-17 12:04:50
T04974,U00888,C041,2024-06-17 13:16:06
T04975,U00630,C001,2024-06-17 14:40:19
T04976,U01938,C006,2024-06-17 21:14:15
T04977,U01132,C016,2024-06-17 21:16:33
T04978,U02567,C038,2024-06-17 21:19:10
T04979,U02864,C025,2024-06-18 09:06:32
T04980,U01157,C012,2024-06-18 11:07:29
T04981,U00243,C001,2024-06-18 18:26:40
T04982,U00642,C018,2024-06-18 19:38:42
T04983,U02189,C004,2024-06-18 20:55:49
T04984,U02965,C039,2024-06-18 22:38:52
T04985,U01231,C001,2024-06-18 22:43:09
T04986,U02726,C004,2024-06-19 08:02:35
T04987,U00807,C014,2024-06-19 10:21:12
T04988,U00876,C010,2024-06-19 13:53:01
T04989,U01658,C013,2024-06-19 18:01:07
T04990,U01766,C002,2024-06-19 19:59:28
T04991,U02364,C041,2024-06-20 09:26:28
T04992,U00957,C020,2024-06-20 12:47:42
T04993,U02437,C044,2024-06-20 16:28:08
T04994,U01513,C039,2024-06-20 17:04:57
T04995,U02079,C047,2024-06-20 17:17:15
T04996,U00166,C045,2024-06-20 19:24:30
T04997,U02056,C004,2024-06-20 20:13:10
T04998,U00266,C032,2024-06-20 22:39:28
T04999,U01221,C044,2024-06-20 23:16:23
T05000,U00667,C028,2024-06-20 23:19:09
T05001,U00669,C012,2024-06-21 08:07:47
T05002,U02423,C003,2024-06-21 09:24:31
T05003,U01125,C028,2024-06-21 10:17:25
T05004,U02093,C020,2024-06-21 12:07:17
T05005,U00662,C009,2024-06-21 12:22:42
T05006,U01900,C041,2024-06-21 12:53:04
T05007,U00883,C011,2024-06-21 14:43:42
T05008,U02825,C035,2024-06-21 16:22:33
T05009,U02076,C046,2024-06-21 16:36:50
T05010,U00932,C046,2024-06-21 16:59:31
T05011,U02460,C001,2024-06-21 18:15:41
T05012,U01081,C014,2024-06-21 19:09:05
T05013,U02666,C046,2024-06-21 19:25:03
T05014,U02134,C034,2024-06-22 08:49:42
T05015,U00956,C026,2024-06-22 12:33:42
T05016,U02588,C027,2024-06-22 12:47:40
T05017,U01795,C022,2024-06-22 13:04:03
T05018,U01916,C041,2024-06-22 17:31:49
T05019,U02058,C016,2024-06-23 08:36:22
T05020,U01932,C035,2024-06-23 09:00:07
T05021,U02071,C012,2024-06-23 09:19:58
T05022,U00507,C026,2024-06-23 09:27:33
T05023,U00013,C030,2024-06-23 09:32:36
T05024,U00094,C002,2024-06-23 09:35:35
T05025,U00121,C026,2024-06-23 09:59:24
T05026,U02546,C001,2024-06-23 10:03:00
T05027,U00946,C042,2024-06-23 10:41:21
T05028,U00552,C008,2024-06-23 13:37:03
T05029,U02788,C028,2024-06-23 17:44:04
T05030,U02200,C003,2024-06-23 21:21:01
T05031,U00944,C012,2024-06-24 08:10:59
T05032,U01817,C006,2024-06-24 08:20:32
T05033,U01126,C037,2024-06-24 09:05:57
T05034,U00868,C028,2024-06-24 11:25:44
T05035,U00967,C019,2024-06-24 11:43:50
T05036,U02403,C027,2024-06-24 15:52:40
T05037,U02262,C028,2024-06-24 15:55:12
T05038,U01150,C006,2024-06-24 16:53:35
T05039,U00109,C011,2024-06-24 18:32:56
T05040,U00917,C014,2024-06-25 10:33:58
T05041,U02756,C018,2024-06-25 11:31:06
T05042,U00522,C018,2024-06-25 12:30:22
T05043,U01380,C042,2024-06-25 14:23:34
T05044,U01160,C038,2024-06-25 14:43:26
T05045,U00705,C004,2024-06-25 15:09:48
T05046,U02530,C044,2024-06-25 17:59:34
T05047,U02714,C030,2024-06-25 19:12:18
T05048,U00270,C017,2024-06-25 20:04:34
T05049,U00518,C047,2024-06-25 21:17:03
T05050,U02418,C028,2024-06-25 21:39:42
T05051,U00592,C005,2024-06-25 23:42:35
T05052,U01626,C003,2024-06-26 09:51:34
T05053,U01302,C031,2024-06-26 10:03:08
T05054,U01274,C002,2024-06-26 10:28:48
T05055,U02195,C009,2024-06-26 11:29:48
T05056,U02161,C031,2024-06-26 11:34:03
T05057,U02932,C009,2024-06-26 13:02:59
T05058,U02651,C021,2024-06-26 14:58:15
T05059,U01079,C030,2024-06-26 15:03:47
T05060,U02382,C013,2024-06-26 18:27:11
T05061,U00632,C004,2024-06-26 18:51:18
T05062,U00944,C050,2024-06-26 18:57:24
T05063,U00984,C044,2024-06-26 19:34:10
T05064,U02537,C010,2024-06-26 19:58:14
T05065,U02504,C045,2024-06-26 20:08:27
T05066,U01432,C025,2024-06-26 20:26:53
T05067,U01466,C009,2024-06-26 21:38:25
T05068,U00362,C041,2024-06-27 09:33:06
T05069,U02730,C037,2024-06-27 10:41:42
T05070,U02452,C009,2024-06-27 11:32:04
T05071,U00704,C041,2024-06-27 12:07:54
T05072,U00514,C044,2024-06-27 13:41:35
T05073,U02914,C025,2024-06-27 16:04:52
T05074,U00180,C047,2024-06-27 16:10:46
T05075,U00711,C036,2024-06-27 17:33:21
T05076,U02416,C041,2024-06-27 18:39:11
T05077,U01354,C014,2024-06-28 08:23:13
T05078,U02886,C012,2024-06-28 11:07:36
T05079,U01048,C014,2024-06-28 12:17:55
T05080,U02498,C019,2024-06-28 13:24:00
T05081,U00728,C019,2024-06-28 13:35:23
T05082,U01153,C039,2024-06-28 15:46:49
T05083,U01767,C003,2024-06-28 23:42:36
T05084,U01693,C032,2024-06-29 08:33:00
T05085,U02611,C046,2024-06-29 10:42:38
T05086,U02918,C038,2024-06-29 11:02:12
T05087,U00147,C001,2024-06-29 15:08:47
T05088,U00615,C030,2024-06-29 16:43:38
T05089,U00572,C006,2024-06-29 20:27:13
T05090,U00644,C037,2024-06-29 21:09:16
T05091,U01614,C004,2024-06-29 22:42:37
T05092,U01513,C006,2024-06-30 08:13:36
T05093,U00508,C021,2024-06-30 08:44:46
T05094,U02001,C026,2024-06-30 09:27:25
T05095,U01509,C012,2024-06-30 13:43:58
T05096,U00816,C017,2024-06-30 14:19:29
T05097,U02616,C009,2024-06-30 15:04:05
T05098,U01309,C020,2024-06-30 15:33:57
T05099,U00248,C045,2024-06-30 16:47:44
T05100,U01558,C019,2024-06-30 20:03:26
T05101,U00143,C028,2024-07-01 08:24:43
T05102,U02406,C013,2024-07-01 10:13:53
T05103,U00772,C025,2024-07-01 16:36:32
T05104,U02192,C019,2024-07-01 17:36:39
T05105,U02606,C035,2024-07-01 17:41:02
T05106,U02119,C026,2024-07-01 17:53:43
T05107,U02557,C048,2024-07-01 18:09:02
T05108,U02154,C037,2024-07-02 10:29:55
T05109,U01309,C021,2024-07-02 16:20:44
T05110,U01555,C014,2024-07-02 17:21:46
T05111,U01239,C044,2024-07-02 17:36:59
T05112,U00238,C019,2024-07-02 18:50:31
T05113,U00235,C026,2024-07-02 20:17:28
T05114,U02167,C007,2024-07-03 08:15:44
T05115,U03000,C046,2024-07-03 08:51:08
T05116,U01176,C047,2024-07-03 09:51:31
T05117,U01215,C024,2024-07-03 10:10:11
T05118,U01449,C003,2024-07-03 11:40:22
T05119,U00229,C015,2024-07-03 13:29:07
T05120,U00302,C010,2024-07-03 13:35:25
T05121,U02116,C003,2024-07-03 14:11:52
T05122,U00377,C031,2024-07-03 14:39:03
T05123,U00454,C048,2024-07-03 16:51:06
T05124,U01557,C009,2024-07-03 17:27:36
T05125,U02965,C004,2024-07-03 17:46:35
T05126,U00617,C006,2024-07-03 21:27:41
T05127,U01901,C024,2024-07-03 23:14:45
T05128,U01369,C007,2024-07-03 23:33:42
T05129,U02717,C033,2024-07-04 08:09:57
T05130,U00815,C035,2024-07-04 08:11:53
T05131,U00013,C046,2024-07-04 12:07:48
T05132,U01876,C020,2024-07-04 13:23:42
T05133,U00361,C031,2024-07-04 14:48:13
T05134,U00168,C013,2024-07-04 16:37:34
T05135,U00576,C041,2024-07-04 19:45:18
T05136,U01803,C003,2024-07-04 23:25:10
T05137,U00407,C002,2024-07-05 13:04:19
T05138,U02149,C032,2024-07-05 13:08:04
T05139,U01572,C042,2024-07-05 14:11:20
T05140,U00919,C005,2024-07-05 19:52:09
T05141,U00155,C019,2024-07-05 22:21:39
T05142,U01893,C012,2024-07-05 23:55:51
T05143,U02918,C008,2024-07-06 08:08:31
T05144,U00094,C014,2024-07-06 08:52:05
T05145,U00156,C009,2024-07-06 15:45:47
T05146,U01376,C020,2024-07-06 16:43:20
T05147,U02708,C031,2024-07-06 17:39:07
T05148,U01544,C008,2024-07-06 21:55:57
T05149,U01941,C031,2024-07-06 22:28:09
T05150,U00610,C016,2024-07-06 23:27:13
T05151,U00469,C020,2024-07-07 08:24:44
T05152,U01788,C041,2024-07-07 09:45:08
T05153,U02639,C003,2024-07-07 10:23:46
T05154,U02555,C018,2024-07-07 13:34:22
T05155,U01748,C014,2024-07-07 14:36:12
T05156,U01130,C009,2024-07-07 19:58:44
T05157,U00768,C047,2024-07-07 22:00:14
T05158,U00942,C032,2024-07-07 22:10:57
T05159,U00441,C019,2024-07-08 12:42:28
T05160,U00185,C034,2024-07-08 12:57:38
T05161,U01002,C029,2024-07-08 17:17:27
T05162,U00002,C026,2024-07-08 20:10:46
T05163,U01589,C032,2024-07-08 22:07:53
T05164,U02014,C032,2024-07-08 23:06:17
T05165,U02710,C009,2024-07-09 09:37:21
T05166,U01675,C013,2024-07-09 09:57:22
T05167,U02921,C014,2024-07-09 13:32:34
T05168,U00414,C029,2024-07-09 17:49:22
T05169,U01854,C032,2024-07-09 20:07:41
T05170,U00675,C035,2024-07-09 20:51:19
T05171,U00946,C006,2024-07-09 20:58:45
T05172,U02690,C033,2024-07-09 21:22:15
T05173,U00671,C039,2024-07-09 22:48:42
T05174,U00797,C049,2024-07-09 23:46:39
T05175,U00535,C044,2024-07-10 11:19:01
T05176,U02651,C037,2024-07-10 12:10:09
T05177,U01878,C002,2024-07-10 12:21:59
T05178,U01133,C031,2024-07-10 13:38:24
T05179,U00273,C042,2024-07-10 13:40:46
T05180,U02192,C007,2024-07-10 14:11:56
T05181,U00822,C020,2024-07-10 18:15:03
T05182,U00006,C046,2024-07-10 19:00:27
T05183,U00549,C048,2024-07-10 19:37:30
T05184,U02071,C007,2024-07-10 21:05:42
T05185,U02368,C028,2024-07-10 21:38:16
T05186,U01554,C020,2024-07-10 21:49:46
T05187,U01992,C029,2024-07-11 14:26:51
T05188,U00490,C025,2024-07-11 17:22:26
T05189,U01094,C044,2024-07-11 17:25:32
T05190,U01207,C008,2024-07-11 17:55:36
T05191,U00484,C031,2024-07-11 20:20:07
T05192,U01642,C004,2024-07-11 20:38:33
T05193,U02983,C013,2024-07-11 21:20:17
T05194,U00106,C011,2024-07-11 22:29:42
T05195,U01774,C042,2024-07-12 15:44:19
T05196,U02925,C012,2024-07-12 16:49:46
T05197,U02732,C027,2024-07-12 18:11:28
T05198,U00258,C025,2024-07-12 19:26:16
T05199,U00836,C009,2024-07-12 19:57:05
T05200,U02120,C018,2024-07-12 21:06:05
T05201,U01640,C018,2024-07-12 23:15:37
T05202,U00195,C032,2024-07-12 23:16:19
T05203,U02061,C050,2024-07-12 23:31:35
T05204,U01098,C012,2024-07-13 09:18:10
T05205,U01680,C002,2024-07-13 09:45:48
T05206,U01817,C032,2024-07-13 11:24:48
T05207,U00272,C045,2024-07-13 11:49:45
T05208,U00682,C021,2024-07-13 12:47:44
T05209,U00958,C006,2024-07-13 14:31:18
T05210,U00173,C002,2024-07-13 16:13:09
T05211,U00209,C020,2024-07-13 16:14:38
T05212,U01283,C004,2024-07-13 18:01:14
T05213,U02041,C031,2024-07-13 18:11:34
T05214,U01630,C041,2024-07-13 20:07:46
T05215,U02872,C045,2024-07-13 22:10:35
T05216,U01484,C045,2024-07-13 22:20:19
T05217,U01410,C034,2024-07-13 23:00:20
T05218,U01269,C047,2024-07-13 23:24:30
T05219,U01031,C013,2024-07-14 08:03:42
T05220,U00892,C018,2024-07-14 08:14:01
T05221,U02428,C003,2024-07-14 08:27:08
T05222,U01295,C004,2024-07-14 09:06:02
T05223,U02544,C027,2024-07-14 09:59:22
T05224,U00736,C022,2024-07-14 10:55:10
T05225,U01440,C003,2024-07-14 12:19:03
T05226,U00278,C009,2024-07-14 12:23:49
T05227,U00667,C013,2024-07-14 12:43:57
T05228,U02041,C018,2024-07-14 14:00:43
T05229,U01377,C032,2024-07-14 15:21:40
T05230,U01453,C046,2024-07-14 15:48:59
T05231,U02929,C008,2024-07-14 16:06:14
T05232,U01991,C028,2024-07-14 20:17:25
T05233,U02020,C030,2024-07-14 20:26:51
T05234,U02083,C047,2024-07-15 08:26:06
T05235,U00314,C014,2024-07-15 11:38:41
T05236,U02723,C041,2024-07-15 12:02:54
T05237,U02940,C003,2024-07-15 12:09:48
T05238,U02301,C018,2024-07-15 12:56:53
T05239,U01372,C032,2024-07-15 17:26:28
T05240,U01586,C012,2024-07-16 08:34:38
T05241,U02018,C009,2024-07-16 11:31:38
T05242,U01504,C009,2024-07-16 14:13:07
T05243,U02184,C009,2024-07-16 14:16:57
T05244,U01711,C040,2024-07-16 15:45:20
T05245,U00314,C029,2024-07-16 17:02:46
T05246,U01875,C025,2024-07-16 22:51:00
T05247,U02150,C037,2024-07-17 08:16:40
T05248,U01333,C027,2024-07-17 14:53:36
T05249,U02653,C038,2024-07-17 15:50:22
T05250,U01614,C042,2024-07-17 16:48:57
T05251,U01112,C018,2024-07-17 18:23:05
T05252,U00342,C018,2024-07-17 19:55:06
T05253,U02217,C038,2024-07-17 23:46:40
T05254,U01801,C044,2024-07-18 12:25:23
T05255,U00837,C047,2024-07-18 15:06:07
T05256,U00836,C019,2024-07-18 17:53:32
T05257,U01803,C039,2024-07-18 17:53:54
T05258,U00074,C013,2024-07-18 23:09:05
T05259,U02894,C045,2024-07-18 23:13:24
T05260,U01338,C027,2024-07-19 11:26:16
T05261,U02335,C013,2024-07-19 12:03:07
T05262,U01375,C032,2024-07-19 14:56:54
T05263,U01392,C031,2024-07-19 15:24:01
T05264,U01526,C007,2024-07-19 16:23:46
T05265,U02044,C038,2024-07-19 17:42:16
T05266,U00063,C035,2024-07-19 19:19:08
T05267,U01319,C029,2024-07-19 20:02:39
T05268,U00601,C003,2024-07-19 21:17:01
T05269,U01418,C047,2024-07-19 23:20:19
T05270,U02750,C046,2024-07-20 10:03:07
T05271,U01743,C018,2024-07-20 12:29:34
T05272,U00666,C046,2024-07-20 13:27:40
T05273,U01408,C047,2024-07-20 16:30:29
T05274,U00643,C002,2024-07-20 20:19:25
T05275,U00368,C015,2024-07-20 20:46:50
T05276,U00913,C003,2024-07-20 23:40:44
T05277,U00071,C017,2024-07-20 23:58:13
T05278,U02571,C013,2024-07-21 08:44:38
T05279,U01146,C025,2024-07-21 08:57:58
T05280,U01785,C025,2024-07-21 12:51:48
T05281,U01967,C029,2024-07-21 13:40:38
T05282,U02179,C037,2024-07-21 18:15:31
T05283,U01172,C014,2024-07-21 19:25:01
T05284,U00343,C009,2024-07-21 22:35:59
T05285,U02685,C026,2024-07-21 23:14:05
T05286,U01320,C032,2024-07-22 08:07:19
T05287,U01473,C034,2024-07-22 08:10:20
T05288,U02049,C036,2024-07-22 08:58:58
T05289,U01027,C027,2024-07-22 09:24:26
T05290,U00124,C047,2024-07-22 11:24:02
T05291,U01934,C016,2024-07-22 12:01:35
T05292,U00475,C026,2024-07-22 12:02:12
T05293,U00634,C012,2024-07-22 13:03:25
T05294,U00193,C013,2024-07-22 16:16:54
T05295,U01286,C044,2024-07-22 16:41:01
T05296,U01243,C017,2024-07-22 19:08:39
T05297,U01599,C045,2024-07-22 20:56:30
T05298,U02426,C009,2024-07-23 08:52:50
T05299,U01533,C016,2024-07-23 08:53:47
T05300,U01043,C048,2024-07-23 10:10:28
T05301,U01194,C027,2024-07-23 12:37:29
T05302,U00904,C044,2024-07-23 13:38:15
T05303,U01520,C009,2024-07-23 18:09:58
T05304,U00413,C032,2024-07-23 20:11:44
T05305,U02420,C020,2024-07-23 20:36:19
T05306,U02119,C028,2024-07-23 21:09:44
T05307,U02036,C028,2024-07-23 21:37:40
T05308,U02639,C001,2024-07-23 22:05:58
T05309,U02251,C026,2024-07-23 22:17:24
T05310,U00378,C013,2024-07-23 23:33:46
T05311,U00877,C023,2024-07-24 08:43:17
T05312,U01820,C027,2024-07-24 09:30:15
T05313,U02953,C046,2024-07-24 09:41:28
T05314,U02154,C013,2024-07-24 09:52:24
T05315,U00319,C030,2024-07-24 12:20:32
T05316,U00004,C039,2024-07-24 14:26:44
T05317,U01520,C022,2024-07-24 15:50:30
T05318,U02317,C025,2024-07-24 19:44:15
T05319,U02535,C013,2024-07-24 20:06:38
T05320,U00139,C038,2024-07-24 21:53:06
T05321,U02638,C006,2024-07-25 08:01:34
T05322,U02098,C003,2024-07-25 08:30:12
T05323,U01585,C006,2024-07-25 12:12:49
T05324,U01614,C027,2024-07-25 12:20:27
T05325,U00588,C002,2024-07-25 15:40:08
T05326,U00422,C047,2024-07-25 18:19:36
T05327,U01082,C034,2024-07-26 08:18:07
T05328,U02875,C007,2024-07-26 09:11:09
T05329,U00398,C001,2024-07-26 11:00:19
T05330,U01260,C017,2024-07-26 11:29:26
T05331,U00069,C027,2024-07-26 11:42:33
T05332,U01081,C043,2024-07-26 15:04:00
T05333,U00312,C037,2024-07-26 17:05:36
T05334,U02157,C001,2024-07-26 18:02:18
T05335,U01300,C013,2024-07-26 18:27:58
T05336,U01316,C017,2024-07-26 18:59:53
T05337,U01117,C017,2024-07-26 22:02:34
T05338,U01295,C019,2024-07-26 23:32:14
T05339,U01638,C028,2024-07-26 23:48:18
T05340,U01044,C038,2024-07-27 08:10:36
T05341,U00276,C015,2024-07-27 11:15:40
T05342,U00204,C046,2024-07-27 12:30:59
T05343,U00757,C007,2024-07-27 14:50:09
T05344,U00899,C003,2024-07-27 15:51:43
T05345,U00266,C038,2024-07-27 16:44:39
T05346,U01243,C022,2024-07-27 17:03:48
T05347,U00130,C003,2024-07-27 18:33:14
T05348,U00630,C011,2024-07-27 18:36:05
T05349,U00015,C002,2024-07-27 20:35:20
T05350,U01422,C009,2024-07-27 21:41:22
T05351,U00414,C046,2024-07-28 12:32:06
T05352,U00440,C027,2024-07-28 12:39:17
T05353,U01533,C003,2024-07-28 15:47:12
T05354,U02867,C037,2024-07-28 18:03:39
T05355,U02093,C026,2024-07-28 19:33:16
T05356,U00940,C012,2024-07-28 20:47:39
T05357,U00060,C031,2024-07-28 21:40:27
T05358,U02157,C034,2024-07-29 09:54:18
T05359,U00032,C038,2024-07-29 13:04:19
T05360,U02004,C018,2024-07-29 13:21:10
T05361,U00284,C011,2024-07-29 18:46:29
T05362,U02626,C038,2024-07-29 19:36:24
T05363,U02827,C041,2024-07-29 23:16:53
T05364,U01371,C030,2024-07-29 23:50:40
T05365,U02093,C037,2024-07-30 11:17:55
T05366,U00715,C022,2024-07-30 11:28:19
T05367,U02977,C030,2024-07-30 12:05:27
T05368,U01545,C001,2024-07-30 18:32:30
T05369,U01289,C047,2024-07-30 18:56:48
T05370,U02518,C036,2024-07-30 22:03:52
T05371,U02569,C020,2024-07-31 13:51:00
T05372,U02480,C012,2024-07-31 14:46:49
T05373,U02732,C008,2024-07-31 18:46:55
T05374,U00474,C002,2024-07-31 19:31:05
T05375,U01871,C014,2024-07-31 20:01:02
T05376,U02306,C019,2024-07-31 20:09:55
T05377,U01139,C026,2024-07-31 21:40:18
T05378,U01481,C041,2024-07-31 22:27:03
T05379,U01979,C025,2024-08-01 08:20:31
T05380,U01053,C030,2024-08-01 11:46:47
T05381,U01386,C046,2024-08-01 11:52:50
T05382,U01992,C013,2024-08-01 12:27:35
T05383,U01917,C028,2024-08-01 12:49:41
T05384,U01211,C027,2024-08-01 15:07:14
T05385,U01856,C033,2024-08-01 17:23:29
T05386,U02716,C046,2024-08-01 17:24:59
T05387,U02526,C021,2024-08-01 18:02:09
T05388,U00801,C047,2024-08-01 19:19:37
T05389,U01625,C004,2024-08-01 19:33:38
T05390,U01763,C003,2024-08-01 23:44:17
T05391,U02735,C027,2024-08-02 08:14:01
T05392,U01698,C038,2024-08-02 13:37:33
T05393,U01793,C010,2024-08-02 14:44:07
T05394,U01259,C017,2024-08-02 16:25:24
T05395,U02726,C037,2024-08-02 18:45:45
T05396,U01700,C031,2024-08-02 19:09:15
T05397,U00529,C016,2024-08-02 19:18:49
T05398,U01356,C036,2024-08-02 21:46:28
T05399,U01503,C004,2024-08-02 23:15:24
T05400,U02929,C002,2024-08-03 08:38:00
T05401,U02735,C002,2024-08-03 15:12:16
T05402,U01334,C004,2024-08-03 15:28:46
T05403,U02270,C015,2024-08-03 17:52:16
T05404,U01738,C006,2024-08-03 18:23:02
T05405,U02253,C012,2024-08-03 18:43:33
T05406,U02444,C004,2024-08-03 22:18:49
T05407,U02642,C036,2024-08-03 22:29:28
T05408,U00161,C012,2024-08-03 23:41:49
T05409,U01797,C003,2024-08-04 10:43:48
T05410,U01237,C042,2024-08-04 11:57:16
T05411,U01734,C025,2024-08-04 12:35:20
T05412,U01500,C008,2024-08-04 13:43:24
T05413,U00136,C050,2024-08-04 15:02:43
T05414,U00052,C044,2024-08-04 15:47:55
T05415,U00520,C047,2024-08-04 17:04:06
T05416,U02626,C020,2024-08-04 20:19:54
T05417,U01769,C046,2024-08-04 20:58:09
T05418,U02484,C048,2024-08-04 20:58:23
T05419,U01064,C038,2024-08-04 22:52:10
T05420,U01411,C009,2024-08-05 08:19:44
T05421,U02149,C017,2024-08-05 09:17:51
T05422,U02328,C017,2024-08-05 10:52:36
T05423,U01418,C046,2024-08-05 11:15:35
T05424,U01506,C006,2024-08-05 16:20:49
T05425,U01545,C029,2024-08-05 17:41:19
T05426,U01081,C009,2024-08-05 21:09:48
T05427,U01791,C011,2024-08-06 08:05:11
T05428,U00008,C035,2024-08-06 08:13:10
T05429,U02532,C001,2024-08-06 09:25:23
T05430,U01839,C013,2024-08-06 09:46:45
T05431,U00780,C009,2024-08-06 10:40:40
T05432,U02595,C025,2024-08-06 10:43:01
T05433,U01613,C045,2024-08-06 10:47:06
T05434,U00849,C034,2024-08-06 20:12:30
T05435,U02066,C026,2024-08-06 21:01:01
T05436,U00705,C029,2024-08-06 21:50:14
T05437,U01901,C029,2024-08-06 22:51:44
T05438,U02867,C003,2024-08-07 08:44:02
T05439,U01060,C002,2024-08-07 12:46:48
T05440,U01173,C009,2024-08-07 13:22:15
T05441,U02743,C014,2024-08-07 13:59:16
T05442,U01380,C044,2024-08-07 14:10:53
T05443,U01235,C012,2024-08-07 16:09:46
T05444,U02135,C033,2024-08-07 19:03:50
T05445,U01644,C018,2024-08-07 19:37:43
T05446,U02622,C035,2024-08-07 20:51:04
T05447,U02130,C012,2024-08-08 09:27:31
T05448,U00658,C019,2024-08-08 09:51:41
T05449,U00792,C007,2024-08-08 11:21:41
T05450,U02711,C011,2024-08-08 14:36:42
T05451,U01163,C046,2024-08-08 16:59:07
T05452,U00729,C037,2024-08-08 21:07:07
T05453,U00637,C022,2024-08-08 23:07:14
T05454,U02770,C028,2024-08-08 23:30:20
T05455,U00435,C019,2024-08-08 23:45:23
T05456,U00456,C004,2024-08-09 08:53:04
T05457,U00053,C022,2024-08-09 10:30:56
T05458,U02522,C034,2024-08-09 10:56:32
T05459,U02993,C026,2024-08-09 11:33:56
T05460,U02477,C037,2024-08-09 17:59:20
T05461,U01953,C019,2024-08-09 19:23:24
T05462,U02357,C044,2024-08-09 21:53:11
T05463,U00743,C044,2024-08-10 09:31:55
T05464,U01579,C002,2024-08-10 12:41:21
T05465,U00154,C019,2024-08-10 12:42:41
T05466,U00709,C026,2024-08-10 12:44:25
T05467,U02794,C047,2024-08-10 13:59:26
T05468,U01933,C016,2024-08-10 15:14:14
T05469,U02424,C004,2024-08-10 16:11:03
T05470,U00383,C006,2024-08-10 16:50:04
T05471,U02759,C009,2024-08-10 17:09:09
T05472,U02714,C041,2024-08-10 21:23:21
T05473,U01173,C008,2024-08-11 10:13:42
T05474,U02803,C009,2024-08-11 10:33:30
T05475,U01562,C033,2024-08-11 11:04:15
T05476,U00231,C046,2024-08-11 11:20:23
T05477,U01096,C012,2024-08-11 11:32:51
T05478,U00556,C022,2024-08-11 12:32:14
T05479,U00971,C027,2024-08-11 12:40:46
T05480,U02981,C010,2024-08-11 12:53:12
T05481,U02691,C041,2024-08-11 17:12:07
T05482,U00458,C032,2024-08-11 17:16:12
T05483,U01854,C003,2024-08-11 17:28:01
T05484,U01080,C009,2024-08-11 19:03:44
T05485,U02492,C049,2024-08-11 21:11:23
T05486,U02039,C011,2024-08-12 09:31:37
T05487,U02334,C022,2024-08-12 09:40:09
T05488,U01945,C041,2024-08-12 10:38:53
T05489,U02236,C045,2024-08-12 11:29:30
T05490,U01703,C028,2024-08-12 12:28:48
T05491,U01998,C046,2024-08-12 12:35:14
T05492,U02273,C032,2024-08-12 13:03:12
T05493,U02989,C037,2024-08-12 18:19:34
T05494,U00638,C012,2024-08-12 21:50:09
T05495,U02818,C048,2024-08-12 22:36:39
T05496,U01252,C027,2024-08-12 23:01:53
T05497,U02474,C002,2024-08-13 11:00:11
T05498,U01922,C014,2024-08-13 12:51:49
T05499,U01326,C021,2024-08-13 12:55:39
T05500,U01443,C041,2024-08-13 14:44:27
T05501,U00185,C047,2024-08-14 08:57:49
T05502,U00553,C005,2024-08-14 10:32:12
T05503,U02173,C026,2024-08-14 11:55:33
T05504,U00594,C011,2024-08-14 20:39:43
T05505,U01929,C027,2024-08-14 23:38:06
T05506,U01516,C011,2024-08-15 09:43:43
T05507,U00621,C002,2024-08-15 10:15:38
T05508,U01080,C038,2024-08-15 11:42:37
T05509,U01992,C033,2024-08-15 16:58:13
T05510,U02552,C027,2024-08-15 21:02:32
T05511,U02373,C037,2024-08-15 21:27:06
T05512,U01501,C004,2024-08-15 22:01:09
T05513,U01832,C011,2024-08-15 22:18:10
T05514,U02030,C031,2024-08-15 23:17:58
T05515,U02414,C037,2024-08-16 09:34:34
T05516,U02300,C037,2024-08-16 17:13:04
T05517,U02821,C002,2024-08-16 17:53:29
T05518,U01850,C009,2024-08-16 18:24:48
T05519,U02263,C025,2024-08-16 18:46:59
T05520,U00646,C045,2024-08-16 21:18:57
T05521,U01116,C045,2024-08-16 22:06:05
T05522,U00897,C038,2024-08-16 22:47:56
T05523,U01473,C019,2024-08-17 12:36:32
T05524,U02304,C013,2024-08-17 13:50:11
T05525,U02646,C002,2024-08-17 14:07:27
T05526,U02895,C039,2024-08-17 19:32:46
T05527,U00190,C041,2024-08-17 21:16:12
T05528,U01709,C020,2024-08-17 21:47:32
T05529,U02135,C004,2024-08-18 08:46:09
T05530,U02582,C027,2024-08-18 11:32:08
T05531,U02756,C034,2024-08-18 13:11:09
T05532,U00125,C003,2024-08-18 22:45:59
T05533,U02318,C032,2024-08-18 23:14:10
T05534,U00618,C044,2024-08-19 08:03:55
T05535,U00436,C031,2024-08-19 10:43:40
T05536,U02029,C038,2024-08-19 13:16:26
T05537,U01671,C038,2024-08-19 15:50:34
T05538,U00535,C012,2024-08-19 20:39:53
T05539,U01143,C043,2024-08-19 22:26:58
T05540,U02774,C013,2024-08-20 12:41:26
T05541,U01087,C009,2024-08-20 13:03:51
T05542,U01629,C046,2024-08-20 15:25:50
T05543,U02744,C042,2024-08-20 15:34:55
T05544,U02393,C044,2024-08-20 21:30:20
T05545,U00251,C018,2024-08-21 10:06:16
T05546,U00520,C004,2024-08-21 13:17:07
T05547,U02104,C026,2024-08-21 14:29:26
T05548,U00991,C024,2024-08-21 16:40:44
T05549,U01316,C028,2024-08-21 16:51:48
T05550,U00643,C007,2024-08-21 19:08:57
T05551,U01611,C022,2024-08-21 19:39:42
T05552,U00625,C002,2024-08-21 20:19:40
T05553,U02436,C032,2024-08-21 20:30:45
T05554,U01334,C003,2024-08-21 21:23:05
T05555,U00871,C038,2024-08-21 22:24:21
T05556,U00945,C002,2024-08-21 23:05:50
T05557,U02737,C047,2024-08-21 23:39:39
T05558,U02464,C046,2024-08-22 11:17:53
T05559,U00577,C034,2024-08-22 17:29:38
T05560,U02737,C033,2024-08-22 19:48:52
T05561,U02422,C019,2024-08-22 21:43:46
T05562,U01300,C044,2024-08-23 09:15:14
T05563,U00706,C027,2024-08-23 10:05:21
T05564,U00826,C012,2024-08-23 10:10:32
T05565,U01141,C006,2024-08-23 11:40:28
T05566,U01799,C032,2024-08-23 13:02:44
T05567,U00489,C027,2024-08-23 13:59:05
T05568,U00137,C025,2024-08-23 14:20:32
T05569,U01089,C026,2024-08-23 17:10:34
T05570,U00933,C045,2024-08-23 18:20:52
T05571,U01290,C048,2024-08-23 18:59:48
T05572,U01327,C009,2024-08-23 19:34:45
T05573,U01262,C026,2024-08-23 22:02:58
T05574,U00505,C046,2024-08-23 23:53:29
T05575,U02378,C029,2024-08-23 23:59:58
T05576,U00868,C012,2024-08-24 09:15:56
T05577,U02979,C006,2024-08-24 09:25:36
T05578,U00599,C013,2024-08-24 09:29:42
T05579,U00002,C044,2024-08-24 10:35:57
T05580,U01272,C004,2024-08-24 11:31:59
T05581,U02258,C019,2024-08-24 13:59:33
T05582,U02927,C035,2024-08-24 14:35:30
T05583,U02045,C038,2024-08-24 17:19:34
T05584,U00719,C001,2024-08-24 20:37:35
T05585,U00120,C003,2024-08-24 22:06:39
T05586,U00410,C022,2024-08-24 22:39:22
T05587,U02253,C025,2024-08-25 08:25:41
T05588,U02563,C003,2024-08-25 11:04:00
T05589,U01636,C018,2024-08-25 12:04:56
T05590,U02260,C047,2024-08-25 12:43:34
T05591,U01865,C027,2024-08-25 14:27:47
T05592,U01054,C019,2024-08-25 15:20:17
T05593,U00232,C029,2024-08-25 16:15:17
T05594,U00146,C042,2024-08-25 17:48:59
T05595,U02433,C004,2024-08-25 21:10:54
T05596,U02829,C046,2024-08-26 08:09:59
T05597,U00940,C022,2024-08-26 10:22:27
T05598,U00044,C026,2024-08-26 11:30:04
T05599,U02951,C004,2024-08-26 12:21:51
T05600,U01552,C026,2024-08-26 14:19:32
T05601,U01115,C011,2024-08-26 15:24:55
T05602,U01205,C046,2024-08-26 15:58:23
T05603,U02982,C026,2024-08-26 16:28:02
T05604,U01064,C022,2024-08-26 17:21:30
T05605,U02398,C009,2024-08-26 20:22:06
T05606,U02183,C046,2024-08-27 08:24:09
T05607,U02854,C042,2024-08-27 09:21:58
T05608,U02563,C035,2024-08-27 09:36:02
T05609,U02502,C046,2024-08-27 12:31:18
T05610,U00222,C011,2024-08-27 14:31:47
T05611,U02723,C014,2024-08-27 15:12:19
T05612,U01009,C046,2024-08-27 20:10:23
T05613,U01574,C003,2024-08-27 21:02:32
T05614,U00860,C019,2024-08-27 22:17:12
T05615,U00140,C006,2024-08-28 10:03:11
T05616,U01098,C016,2024-08-28 12:43:29
T05617,U00368,C034,2024-08-28 13:24:35
T05618,U02031,C019,2024-08-28 14:13:09
T05619,U01818,C028,2024-08-28 16:04:28
T05620,U00403,C027,2024-08-28 16:09:10
T05621,U00149,C002,2024-08-28 17:43:56
T05622,U00544,C035,2024-08-28 17:53:37
T05623,U02721,C041,2024-08-28 18:25:24
T05624,U01876,C048,2024-08-28 19:46:35
T05625,U01375,C002,2024-08-28 21:03:35
T05626,U00093,C048,2024-08-28 22:05:54
T05627,U02696,C009,2024-08-28 22:25:19
T05628,U00529,C009,2024-08-29 09:09:22
T05629,U01472,C020,2024-08-29 10:22:43
T05630,U02640,C037,2024-08-29 13:27:56
T05631,U01398,C007,2024-08-29 16:44:13
T05632,U02437,C004,2024-08-29 21:50:16
T05633,U02444,C046,2024-08-29 23:43:39
T05634,U00638,C015,2024-08-30 08:18:16
T05635,U02562,C001,2024-08-30 09:40:11
T05636,U00425,C022,2024-08-30 15:27:44
T05637,U00489,C025,2024-08-30 17:26:44
T05638,U02694,C002,2024-08-30 17:30:00
T05639,U02607,C036,2024-08-30 17:41:38
T05640,U01336,C027,2024-08-30 21:43:37
T05641,U00367,C019,2024-08-30 22:40:23
T05642,U00921,C036,2024-08-31 08:06:04
T05643,U02059,C014,2024-08-31 08:20:55
T05644,U00643,C016,2024-08-31 09:37:11
T05645,U00644,C030,2024-08-31 11:20:02
T05646,U02968,C013,2024-08-31 19:37:34
T05647,U00759,C037,2024-08-31 23:17:38
T05648,U00623,C004,2024-08-31 23:43:15
T05649,U02049,C048,2024-09-01 10:04:10
T05650,U02090,C028,2024-09-01 10:37:29
T05651,U02990,C010,2024-09-01 10:54:55
T05652,U00731,C007,2024-09-01 12:09:50
T05653,U00917,C006,2024-09-01 14:56:27
T05654,U02418,C038,2024-09-01 15:44:37
T05655,U00214,C001,2024-09-01 15:48:21
T05656,U02287,C009,2024-09-01 17:11:32
T05657,U01027,C044,2024-09-01 17:44:40
T05658,U00490,C044,2024-09-02 08:35:15
T05659,U00630,C003,2024-09-02 11:10:15
T05660,U02002,C004,2024-09-02 12:26:30
T05661,U02732,C031,2024-09-02 13:12:12
T05662,U00773,C033,2024-09-02 16:12:54
T05663,U00584,C003,2024-09-02 16:48:50
T05664,U00955,C006,2024-09-02 18:24:36
T05665,U00362,C047,2024-09-02 22:29:52
T05666,U02058,C013,2024-09-03 08:42:59
T05667,U01377,C025,2024-09-03 09:19:28
T05668,U00675,C028,2024-09-03 10:08:08
T05669,U00415,C031,2024-09-03 10:50:19
T05670,U00637,C009,2024-09-03 14:12:55
T05671,U00769,C020,2024-09-03 15:14:31
T05672,U01665,C044,2024-09-03 15:15:56
T05673,U01919,C046,2024-09-03 15:20:59
T05674,U02852,C002,2024-09-03 15:39:22
T05675,U00024,C027,2024-09-03 16:57:23
T05676,U01215,C044,2024-09-03 18:57:29
T05677,U02579,C013,2024-09-03 18:58:15
T05678,U00089,C044,2024-09-03 20:09:53
T05679,U00592,C031,2024-09-03 23:30:35
T05680,U02649,C019,2024-09-04 08:38:41
T05681,U00143,C041,2024-09-04 11:34:00
T05682,U02121,C037,2024-09-04 15:44:52
T05683,U01808,C020,2024-09-04 18:46:23
T05684,U00146,C036,2024-09-04 22:24:25
T05685,U02038,C026,2024-09-05 08:27:03
T05686,U01708,C025,2024-09-05 09:19:24
T05687,U02247,C032,2024-09-05 09:54:21
T05688,U00538,C046,2024-09-05 10:34:54
T05689,U02082,C020,2024-09-05 12:36:11
T05690,U00108,C035,2024-09-05 13:46:52
T05691,U01607,C006,2024-09-05 23:02:47
T05692,U00588,C025,2024-09-06 08:06:47
T05693,U00162,C028,2024-09-06 10:25:23
T05694,U02478,C028,2024-09-06 10:37:32
T05695,U01081,C004,2024-09-06 13:30:47
T05696,U01501,C018,2024-09-06 13:39:22
T05697,U01652,C037,2024-09-06 13:54:31
T05698,U02886,C037,2024-09-06 15:50:37
T05699,U00156,C028,2024-09-06 21:17:53
T05700,U00843,C026,2024-09-06 22:21:50
T05701,U00254,C006,2024-09-07 08:02:42
T05702,U01693,C028,2024-09-07 08:20:24
T05703,U01897,C026,2024-09-07 09:20:19
T05704,U00718,C037,2024-09-07 10:05:03
T05705,U02944,C046,2024-09-07 14:11:26
T05706,U01316,C019,2024-09-07 14:48:01
T05707,U02286,C030,2024-09-07 18:46:37
T05708,U00709,C010,2024-09-07 22:41:13
T05709,U02435,C004,2024-09-07 23:19:25
T05710,U01823,C002,2024-09-08 08:19:16
T05711,U01785,C031,2024-09-08 11:15:04
T05712,U02205,C006,2024-09-08 11:16:53
T05713,U01611,C006,2024-09-08 11:30:31
T05714,U00621,C046,2024-09-08 11:49:51
T05715,U00956,C023,2024-09-08 15:06:25
T05716,U01219,C029,2024-09-08 15:30:07
T05717,U00648,C046,2024-09-08 16:33:20
T05718,U01147,C020,2024-09-08 19:53:52
T05719,U01606,C002,2024-09-08 19:58:53
T05720,U01224,C042,2024-09-08 21:23:13
T05721,U01598,C037,2024-09-08 21:54:41
T05722,U02146,C014,2024-09-09 09:26:13
T05723,U00684,C041,2024-09-09 09:33:01
T05724,U00724,C037,2024-09-09 12:45:32
T05725,U02979,C048,2024-09-09 14:25:38
T05726,U00509,C014,2024-09-09 17:10:45
T05727,U01527,C041,2024-09-09 19:41:09
T05728,U00218,C017,2024-09-09 21:22:33
T05729,U00003,C009,2024-09-09 21:41:10
T05730,U01647,C006,2024-09-09 21:42:58
T05731,U00627,C019,2024-09-09 21:50:02
T05732,U01010,C022,2024-09-09 23:18:16
T05733,U01318,C012,2024-09-10 08:17:51
T05734,U01021,C006,2024-09-10 08:27:30
T05735,U01793,C035,2024-09-10 10:12:11
T05736,U02212,C044,2024-09-10 11:53:48
T05737,U01539,C006,2024-09-10 12:33:19
T05738,U00992,C015,2024-09-10 13:26:52
T05739,U00887,C038,2024-09-10 19:02:04
T05740,U00233,C046,2024-09-10 21:44:48
T05741,U00135,C045,2024-09-11 08:07:42
T05742,U02340,C018,2024-09-11 08:53:52
T05743,U00423,C047,2024-09-11 09:00:45
T05744,U02932,C004,2024-09-11 16:04:41
T05745,U01722,C041,2024-09-11 16:06:48
T05746,U02047,C014,2024-09-11 22:32:07
T05747,U02398,C012,2024-09-11 22:37:51
T05748,U01674,C013,2024-09-12 09:29:39
T05749,U02182,C046,2024-09-12 09:33:56
T05750,U02736,C039,2024-09-12 11:42:57
T05751,U02655,C006,2024-09-12 11:48:32
T05752,U00581,C032,2024-09-12 13:04:23
T05753,U01766,C013,2024-09-12 13:28:57
T05754,U00242,C017,2024-09-12 13:49:18
T05755,U00098,C021,2024-09-12 15:00:21
T05756,U02069,C044,2024-09-12 17:06:57
T05757,U00494,C032,2024-09-12 19:18:13
T05758,U01334,C035,2024-09-12 19:35:32
T05759,U01704,C009,2024-09-12 20:19:31
T05760,U01971,C027,2024-09-12 21:10:32
T05761,U02920,C031,2024-09-12 21:36:51
T05762,U02870,C038,2024-09-12 21:42:33
T05763,U01050,C009,2024-09-12 21:57:39
T05764,U02216,C034,2024-09-12 23:28:28
T05765,U00313,C027,2024-09-13 10:46:20
T05766,U00705,C044,2024-09-13 12:51:27
T05767,U02822,C010,2024-09-13 13:42:40
T05768,U02277,C017,2024-09-13 14:06:13
T05769,U01653,C049,2024-09-13 18:22:39
T05770,U00291,C030,2024-09-13 20:42:31
T05771,U02709,C018,2024-09-13 22:18:14
T05772,U00247,C038,2024-09-13 22:49:55
T05773,U00509,C017,2024-09-13 22:54:36
T05774,U01218,C003,2024-09-13 23:37:00
T05775,U01211,C031,2024-09-14 11:03:57
T05776,U01024,C014,2024-09-14 13:12:54
T05777,U01366,C013,2024-09-14 14:00:27
T05778,U01733,C028,2024-09-14 15:11:40
T05779,U01651,C005,2024-09-14 16:49:50
T05780,U02260,C011,2024-09-14 16:50:25
T05781,U01169,C043,2024-09-14 16:52:20
T05782,U00117,C027,2024-09-14 17:56:54
T05783,U01144,C019,2024-09-14 20:00:23
T05784,U02134,C035,2024-09-15 08:55:51
T05785,U01342,C035,2024-09-15 09:04:47
T05786,U02864,C038,2024-09-15 11:22:27
T05787,U00253,C016,2024-09-15 12:08:33
T05788,U02388,C008,2024-09-15 13:42:42
T05789,U01761,C027,2024-09-15 13:57:56
T05790,U01393,C042,2024-09-15 15:28:23
T05791,U01200,C009,2024-09-15 17:45:05
T05792,U00426,C027,2024-09-15 18:45:24
T05793,U00368,C022,2024-09-15 20:02:49
T05794,U02674,C034,2024-09-15 23:02:23
T05795,U01400,C003,2024-09-15 23:32:35
T05796,U02965,C047,2024-09-16 08:43:08
T05797,U01324,C012,2024-09-16 10:17:57
T05798,U01309,C034,2024-09-16 11:03:22
T05799,U02158,C010,2024-09-16 11:25:46
T05800,U01908,C007,2024-09-16 11:35:02
T05801,U01082,C029,2024-09-16 12:03:56
T05802,U01273,C026,2024-09-16 13:46:57
T05803,U02504,C027,2024-09-16 16:11:10
T05804,U02139,C016,2024-09-16 17:32:39
T05805,U02484,C038,2024-09-16 17:55:05
T05806,U00625,C049,2024-09-16 19:57:51
T05807,U02865,C022,2024-09-16 23:28:47
T05808,U02889,C044,2024-09-17 09:36:03
T05809,U02075,C043,2024-09-17 11:40:51
T05810,U00992,C037,2024-09-17 12:20:50
T05811,U01427,C012,2024-09-17 12:45:47
T05812,U02437,C011,2024-09-17 13:40:51
T05813,U01957,C036,2024-09-17 20:23:03
T05814,U01516,C046,2024-09-17 21:55:33
T05815,U01275,C041,2024-09-17 22:24:08
T05816,U00827,C011,2024-09-17 23:17:37
T05817,U02202,C032,2024-09-18 11:43:53
T05818,U02463,C030,2024-09-18 12:56:56
T05819,U02270,C045,2024-09-18 15:00:12
T05820,U02598,C026,2024-09-18 16:04:39
T05821,U02863,C003,2024-09-18 18:11:07
T05822,U00499,C048,2024-09-18 18:14:49
T05823,U02666,C048,2024-09-18 20:11:52
T05824,U02619,C032,2024-09-18 20:24:59
T05825,U01083,C003,2024-09-18 21:43:56
T05826,U00986,C015,2024-09-19 09:15:02
T05827,U00874,C031,2024-09-19 10:05:35
T05828,U01664,C002,2024-09-19 10:20:14
T05829,U02504,C014,2024-09-19 12:38:30
T05830,U00734,C046,2024-09-19 12:48:08
T05831,U02302,C019,2024-09-19 15:26:16
T05832,U00152,C007,2024-09-19 16:12:07
T05833,U02033,C022,2024-09-19 17:34:48
T05834,U02667,C025,2024-09-19 18:13:23
T05835,U01209,C019,2024-09-19 19:06:03
T05836,U01853,C035,2024-09-19 19:32:24
T05837,U00032,C028,2024-09-19 20:08:49
T05838,U02972,C045,2024-09-19 20:48:44
T05839,U00614,C005,2024-09-19 21:59:36
T05840,U01115,C018,2024-09-19 22:42:05
T05841,U02187,C028,2024-09-19 22:49:12
T05842,U01647,C019,2024-09-20 08:13:36
T05843,U00884,C046,2024-09-20 09:26:32
T05844,U00857,C009,2024-09-20 12:34:26
T05845,U02435,C013,2024-09-20 12:48:20
T05846,U00504,C014,2024-09-20 13:36:35
T05847,U02633,C024,2024-09-20 15:50:57
T05848,U00149,C037,2024-09-20 19:00:35
T05849,U00561,C004,2024-09-20 21:44:48
T05850,U01166,C004,2024-09-20 23:27:32
T05851,U01875,C038,2024-09-21 09:55:36
T05852,U02953,C022,2024-09-21 13:10:05
T05853,U00384,C007,2024-09-21 14:21:53
T05854,U00522,C050,2024-09-21 21:28:47
T05855,U00269,C009,2024-09-21 23:23:29
T05856,U00339,C003,2024-09-22 08:24:37
T05857,U02999,C012,2024-09-22 09:06:03
T05858,U02609,C032,2024-09-22 09:34:47
T05859,U00531,C028,2024-09-22 09:42:20
T05860,U02317,C033,2024-09-22 14:20:35
T05861,U01923,C044,2024-09-22 14:51:29
T05862,U01720,C002,2024-09-22 15:04:40
T05863,U00643,C047,2024-09-22 16:10:32
T05864,U02837,C014,2024-09-22 16:58:18
T05865,U01307,C017,2024-09-22 19:57:58
T05866,U01239,C018,2024-09-22 22:34:11
T05867,U01092,C048,2024-09-23 09:36:50
T05868,U02594,C030,2024-09-23 11:39:34
T05869,U00900,C035,2024-09-23 13:28:40
T05870,U00937,C004,2024-09-23 15:23:28
T05871,U02776,C004,2024-09-23 15:45:54
T05872,U00267,C009,2024-09-23 16:08:45
T05873,U00976,C009,2024-09-23 19:00:07
T05874,U01506,C003,2024-09-23 19:40:06
T05875,U01909,C007,2024-09-23 20:00:23
T05876,U02078,C006,2024-09-23 20:37:26
T05877,U00763,C012,2024-09-23 22:17:15
T05878,U00071,C012,2024-09-23 23:21:15
T05879,U00957,C023,2024-09-24 09:38:20
T05880,U01064,C007,2024-09-24 12:15:03
T05881,U01876,C034,2024-09-24 12:20:47
T05882,U01738,C040,2024-09-24 12:57:06
T05883,U02770,C034,2024-09-24 13:10:58
T05884,U01349,C020,2024-09-24 17:10:07
T05885,U00732,C047,2024-09-24 19:04:55
T05886,U02412,C048,2024-09-24 21:25:54
T05887,U01786,C041,2024-09-24 22:40:55
T05888,U01062,C037,2024-09-25 09:08:15
T05889,U02932,C036,2024-09-25 13:55:55
T05890,U00589,C048,2024-09-25 14:18:42
T05891,U00020,C026,2024-09-25 16:24:41
T05892,U01131,C031,2024-09-25 18:00:09
T05893,U00575,C028,2024-09-25 18:07:29
T05894,U02172,C021,2024-09-25 19:08:56
T05895,U00686,C025,2024-09-25 21:01:10
T05896,U00984,C014,2024-09-25 21:42:00
T05897,U01522,C041,2024-09-25 22:21:50
T05898,U00514,C027,2024-09-26 10:35:45
T05899,U02691,C033,2024-09-26 10:40:49
T05900,U02840,C012,2024-09-26 12:50:49
T05901,U02130,C032,2024-09-26 14:08:51
T05902,U01020,C017,2024-09-26 20:08:07
T05903,U01561,C046,2024-09-26 20:20:35
T05904,U01252,C035,2024-09-26 22:25:03
T05905,U01490,C002,2024-09-26 23:13:48
T05906,U00743,C050,2024-09-27 08:21:27
T05907,U01080,C008,2024-09-27 10:30:53
T05908,U01777,C012,2024-09-27 12:55:59
T05909,U01094,C047,2024-09-27 14:20:48
T05910,U01777,C008,2024-09-27 18:35:02
T05911,U02770,C014,2024-09-27 19:36:09
T05912,U02318,C001,2024-09-27 20:18:15
T05913,U00688,C028,2024-09-28 10:42:30
T05914,U01360,C009,2024-09-28 10:45:44
T05915,U01486,C025,2024-09-28 12:40:31
T05916,U02613,C028,2024-09-28 14:35:21
T05917,U01497,C026,2024-09-28 15:01:45
T05918,U00838,C012,2024-09-28 16:12:45
T05919,U01299,C037,2024-09-28 20:44:08
T05920,U02378,C026,2024-09-28 20:50:38
T05921,U01481,C012,2024-09-28 22:18:02
T05922,U00342,C006,2024-09-29 08:18:55
T05923,U00456,C002,2024-09-29 08:26:06
T05924,U01692,C007,2024-09-29 11:33:16
T05925,U00257,C012,2024-09-29 12:44:34
T05926,U00178,C006,2024-09-29 13:08:40
T05927,U00553,C018,2024-09-29 13:48:06
T05928,U01478,C011,2024-09-29 18:54:34
T05929,U02432,C006,2024-09-29 20:40:21
T05930,U02942,C048,2024-09-29 21:13:11
T05931,U02558,C014,2024-09-29 23:16:02
T05932,U02198,C012,2024-09-30 08:53:52
T05933,U02149,C015,2024-09-30 09:59:07
T05934,U00083,C006,2024-09-30 13:07:08
T05935,U01923,C022,2024-09-30 13:07:46
T05936,U01150,C019,2024-09-30 13:20:13
T05937,U02209,C026,2024-09-30 15:00:00
T05938,U01342,C012,2024-09-30 19:28:58
T05939,U02447,C027,2024-09-30 19:45:00
T05940,U02956,C008,2024-09-30 20:31:09
T05941,U00948,C045,2024-09-30 20:41:41
T05942,U00229,C013,2024-09-30 22:20:44
T05943,U01564,C018,2024-10-01 09:40:21
T05944,U01219,C001,2024-10-01 09:52:01
T05945,U01282,C001,2024-10-01 10:08:50
T05946,U01916,C010,2024-10-01 10:27:38
T05947,U01732,C043,2024-10-01 13:22:29
T05948,U01235,C002,2024-10-01 14:27:37
T05949,U00816,C019,2024-10-01 15:23:51
T05950,U00265,C028,2024-10-01 15:33:48
T05951,U01798,C025,2024-10-01 17:48:31
T05952,U01685,C039,2024-10-01 18:05:06
T05953,U01528,C011,2024-10-01 18:33:23
T05954,U01793,C006,2024-10-01 18:48:14
T05955,U01897,C007,2024-10-01 22:13:39
T05956,U02501,C013,2024-10-01 22:18:45
T05957,U01451,C011,2024-10-01 22:51:39
T05958,U02263,C044,2024-10-01 23:11:58
T05959,U00773,C009,2024-10-02 08:44:43
T05960,U02648,C028,2024-10-02 10:31:10
T05961,U02341,C003,2024-10-02 10:51:47
T05962,U01612,C046,2024-10-02 14:08:14
T05963,U02848,C003,2024-10-02 15:34:14
T05964,U02957,C041,2024-10-02 16:47:26
T05965,U01504,C046,2024-10-02 17:11:55
T05966,U00489,C003,2024-10-02 23:44:08
T05967,U00439,C048,2024-10-03 10:54:50
T05968,U02867,C044,2024-10-03 11:03:34
T05969,U01905,C042,2024-10-03 11:26:30
T05970,U01638,C018,2024-10-03 15:33:06
T05971,U01465,C032,2024-10-03 15:48:58
T05972,U00345,C006,2024-10-03 16:56:24
T05973,U02154,C034,2024-10-03 17:40:24
T05974,U02616,C028,2024-10-03 19:54:42
T05975,U01449,C032,2024-10-04 08:10:26
T05976,U01327,C001,2024-10-04 09:38:15
T05977,U01068,C028,2024-10-04 10:57:02
T05978,U02985,C017,2024-10-04 12:55:00
T05979,U02056,C041,2024-10-04 14:39:40
T05980,U00329,C048,2024-10-04 16:49:27
T05981,U00907,C012,2024-10-04 17:38:34
T05982,U01214,C032,2024-10-04 17:46:00
T05983,U02748,C013,2024-10-04 18:24:25
T05984,U00666,C027,2024-10-04 21:05:02
T05985,U00513,C012,2024-10-05 09:32:58
T05986,U00518,C037,2024-10-05 10:23:22
T05987,U00884,C006,2024-10-05 11:52:20
T05988,U00118,C019,2024-10-05 14:17:48
T05989,U02300,C027,2024-10-05 14:51:52
T05990,U02214,C033,2024-10-05 14:55:37
T05991,U02437,C037,2024-10-05 21:04:09
T05992,U00276,C003,2024-10-05 21:20:00
T05993,U02386,C030,2024-10-05 22:03:32
T05994,U01600,C046,2024-10-06 08:08:33
T05995,U02032,C019,2024-10-06 14:27:49
T05996,U00155,C045,2024-10-06 17:44:37
T05997,U00242,C046,2024-10-06 19:20:43
T05998,U01981,C020,2024-10-06 19:56:13
T05999,U02563,C044,2024-10-06 21:53:43
T06000,U01426,C008,2024-10-07 08:55:45
T06001,U02037,C006,2024-10-07 16:25:16
T06002,U02095,C036,2024-10-07 17:16:51
T06003,U02208,C011,2024-10-07 17:54:32
T06004,U00559,C038,2024-10-07 18:11:45
T06005,U02821,C017,2024-10-07 18:13:25
T06006,U02324,C004,2024-10-07 19:11:15
T06007,U01555,C041,2024-10-07 19:53:47
T06008,U02618,C017,2024-10-07 22:25:37
T06009,U01042,C039,2024-10-08 09:50:44
T06010,U02282,C009,2024-10-08 11:44:37
T06011,U01519,C043,2024-10-08 11:46:10
T06012,U01817,C037,2024-10-08 12:39:20
T06013,U02721,C031,2024-10-08 15:05:04
T06014,U01003,C014,2024-10-08 15:05:10
T06015,U01524,C005,2024-10-08 17:19:45
T06016,U01914,C026,2024-10-08 19:25:28
T06017,U01440,C039,2024-10-08 20:45:18
T06018,U00923,C009,2024-10-08 21:33:26
T06019,U00117,C033,2024-10-08 21:51:00
T06020,U02301,C048,2024-10-09 08:40:19
T06021,U01739,C020,2024-10-09 10:01:41
T06022,U01681,C030,2024-10-09 10:33:26
T06023,U01010,C013,2024-10-09 14:00:47
T06024,U01568,C011,2024-10-09 14:35:05
T06025,U00994,C014,2024-10-09 15:17:00
T06026,U02871,C013,2024-10-09 17:10:41
T06027,U02853,C028,2024-10-09 19:08:45
T06028,U01969,C011,2024-10-09 23:43:48
T06029,U00657,C001,2024-10-10 08:21:02
T06030,U01758,C032,2024-10-10 08:58:55
T06031,U01404,C006,2024-10-10 11:02:56
T06032,U02082,C010,2024-10-10 11:42:15
T06033,U00235,C012,2024-10-10 13:36:08
T06034,U01064,C009,2024-10-10 16:40:34
T06035,U00898,C047,2024-10-10 18:21:15
T06036,U02201,C045,2024-10-10 20:36:24
T06037,U00096,C041,2024-10-10 23:45:42
T06038,U01805,C046,2024-10-10 23:51:13
T06039,U00343,C032,2024-10-11 08:02:15
T06040,U00162,C003,2024-10-11 08:42:15
T06041,U02603,C011,2024-10-11 09:24:14
T06042,U02897,C011,2024-10-11 09:45:00
T06043,U01466,C032,2024-10-11 10:22:31
T06044,U00512,C018,2024-10-11 10:24:57
T06045,U01711,C002,2024-10-11 10:45:13
T06046,U02802,C011,2024-10-11 13:29:47
T06047,U00288,C009,2024-10-11 15:20:46
T06048,U01333,C033,2024-10-11 17:58:15
T06049,U01191,C047,2024-10-12 10:12:46
T06050,U02038,C006,2024-10-12 10:51:51
T06051,U02987,C003,2024-10-12 11:25:51
T06052,U01158,C004,2024-10-12 13:05:04
T06053,U01461,C035,2024-10-12 13:22:06
T06054,U00428,C026,2024-10-12 13:30:08
T06055,U02150,C028,2024-10-12 16:54:41
T06056,U02577,C049,2024-10-12 18:35:35
T06057,U00313,C044,2024-10-12 23:11:31
T06058,U02811,C035,2024-10-13 13:39:55
T06059,U01220,C028,2024-10-13 13:48:09
T06060,U00503,C031,2024-10-13 13:48:21
T06061,U01922,C028,2024-10-13 17:12:43
T06062,U00685,C047,2024-10-13 21:56:30
T06063,U00932,C013,2024-10-13 23:48:21
T06064,U01037,C031,2024-10-14 11:02:37
T06065,U01531,C012,2024-10-14 11:41:12
T06066,U00251,C001,2024-10-14 12:05:41
T06067,U00933,C020,2024-10-14 15:23:42
T06068,U00410,C014,2024-10-14 17:21:52
T06069,U01216,C013,2024-10-14 18:01:11
T06070,U00453,C003,2024-10-14 19:54:27
T06071,U01674,C018,2024-10-14 22:31:37
T06072,U01664,C028,2024-10-14 22:52:02
T06073,U01559,C045,2024-10-15 14:13:42
T06074,U00563,C037,2024-10-15 14:37:57
T06075,U02474,C004,2024-10-15 15:11:56
T06076,U02892,C027,2024-10-15 18:52:34
T06077,U01183,C014,2024-10-15 19:25:05
T06078,U02353,C009,2024-10-15 19:58:57
T06079,U01924,C039,2024-10-15 20:30:45
T06080,U01568,C028,2024-10-15 22:15:20
T06081,U02302,C004,2024-10-15 23:10:13
T06082,U01720,C013,2024-10-16 11:07:10
T06083,U02396,C030,2024-10-16 11:16:57
T06084,U02590,C038,2024-10-16 12:08:45
T06085,U02566,C043,2024-10-16 18:59:58
T06086,U02996,C003,2024-10-16 19:44:16
T06087,U01589,C004,2024-10-16 20:01:28
T06088,U00304,C039,2024-10-16 21:52:46
T06089,U00942,C009,2024-10-16 22:07:30
T06090,U01616,C025,2024-10-16 23:30:54
T06091,U02230,C002,2024-10-16 23:42:32
T06092,U01622,C009,2024-10-17 11:14:29
T06093,U01524,C028,2024-10-17 13:36:40
T06094,U00850,C031,2024-10-17 17:05:10
T06095,U01200,C044,2024-10-17 19:35:53
T06096,U02811,C013,2024-10-17 19:36:53
T06097,U00219,C009,2024-10-18 10:25:43
T06098,U02654,C018,2024-10-18 10:32:22
T06099,U01668,C021,2024-10-18 14:26:11
T06100,U02639,C002,2024-10-18 16:20:10
T06101,U00822,C004,2024-10-18 16:55:08
T06102,U02400,C017,2024-10-18 17:53:39
T06103,U01320,C048,2024-10-18 18:53:16
T06104,U01072,C030,2024-10-18 20:28:46
T06105,U02683,C026,2024-10-18 22:25:02
T06106,U01470,C010,2024-10-18 23:02:16
T06107,U00792,C012,2024-10-19 08:29:33
T06108,U00915,C016,2024-10-19 08:44:42
T06109,U00010,C041,2024-10-19 09:16:28
T06110,U01795,C038,2024-10-19 10:31:22
T06111,U02805,C009,2024-10-19 10:39:08
T06112,U01982,C038,2024-10-19 11:18:23
T06113,U00018,C032,2024-10-19 11:59:06
T06114,U02776,C009,2024-10-19 13:04:52
T06115,U00556,C018,2024-10-19 14:50:57
T06116,U01732,C039,2024-10-19 14:57:41
T06117,U01001,C020,2024-10-19 15:43:38
T06118,U00930,C001,2024-10-19 16:48:00
T06119,U00271,C031,2024-10-19 16:52:24
T06120,U02709,C048,2024-10-19 16:56:26
T06121,U00422,C043,2024-10-19 17:58:59
T06122,U01424,C032,2024-10-19 19:33:12
T06123,U01614,C049,2024-10-19 19:42:09
T06124,U02025,C020,2024-10-19 20:12:22
T06125,U01992,C009,2024-10-20 08:04:10
T06126,U01291,C048,2024-10-20 09:22:04
T06127,U02144,C019,2024-10-20 12:51:17
T06128,U02527,C028,2024-10-20 13:04:29
T06129,U02154,C002,2024-10-20 13:22:48
T06130,U00048,C026,2024-10-20 15:43:34
T06131,U00005,C032,2024-10-20 17:15:06
T06132,U00331,C028,2024-10-21 08:49:19
T06133,U00561,C019,2024-10-21 11:04:01
T06134,U02283,C026,2024-10-21 12:59:21
T06135,U00356,C026,2024-10-21 16:09:49
T06136,U02837,C028,2024-10-21 17:16:08
T06137,U02605,C044,2024-10-21 17:49:48
T06138,U00621,C031,2024-10-21 18:21:53
T06139,U00452,C006,2024-10-21 20:30:16
T06140,U02212,C032,2024-10-21 20:32:12
T06141,U02810,C026,2024-10-21 23:11:47
T06142,U00395,C035,2024-10-22 08:51:30
T06143,U00691,C024,2024-10-22 09:51:04
T06144,U01459,C031,2024-10-22 12:51:22
T06145,U00050,C020,2024-10-22 13:18:06
T06146,U00368,C032,2024-10-22 13:58:21
T06147,U00154,C035,2024-10-22 15:06:18
T06148,U00169,C037,2024-10-22 19:37:41
T06149,U00314,C030,2024-10-22 20:05:49
T06150,U02213,C021,2024-10-22 20:33:03
T06151,U01001,C009,2024-10-22 21:45:29
T06152,U02835,C033,2024-10-23 08:41:07
T06153,U02281,C028,2024-10-23 11:18:49
T06154,U01802,C038,2024-10-23 13:09:37
T06155,U01867,C017,2024-10-23 14:07:58
T06156,U00873,C039,2024-10-23 14:25:02
T06157,U00238,C031,2024-10-23 17:16:35
T06158,U01094,C036,2024-10-23 20:46:22
T06159,U01208,C041,2024-10-23 22:22:16
T06160,U01529,C004,2024-10-23 23:11:30
T06161,U00614,C012,2024-10-24 09:33:12
T06162,U01770,C004,2024-10-24 10:22:38
T06163,U00967,C006,2024-10-24 12:24:27
T06164,U00716,C047,2024-10-24 12:45:24
T06165,U02734,C027,2024-10-24 15:00:08
T06166,U00550,C022,2024-10-24 16:40:43
T06167,U02498,C041,2024-10-24 17:05:35
T06168,U02867,C019,2024-10-24 18:30:14
T06169,U02644,C008,2024-10-24 19:20:41
T06170,U00971,C040,2024-10-24 20:15:02
T06171,U00446,C044,2024-10-24 21:49:24
T06172,U01328,C039,2024-10-24 21:56:18
T06173,U02756,C004,2024-10-24 23:24:47
T06174,U01233,C012,2024-10-25 08:03:16
T06175,U01736,C007,2024-10-25 08:39:46
T06176,U01732,C002,2024-10-25 09:25:24
T06177,U01723,C045,2024-10-25 09:30:30
T06178,U02704,C016,2024-10-25 11:10:33
T06179,U01632,C017,2024-10-25 11:34:47
T06180,U02479,C046,2024-10-25 12:12:20
T06181,U01536,C041,2024-10-25 13:44:59
T06182,U02719,C006,2024-10-25 14:46:55
T06183,U02522,C013,2024-10-25 17:35:45
T06184,U01632,C035,2024-10-25 22:19:52
T06185,U02380,C012,2024-10-25 23:30:36
T06186,U02814,C021,2024-10-26 08:48:28
T06187,U00870,C029,2024-10-26 11:32:49
T06188,U00312,C019,2024-10-26 20:36:58
T06189,U00243,C046,2024-10-26 20:54:58
T06190,U00589,C016,2024-10-26 23:31:32
T06191,U00503,C021,2024-10-27 15:56:18
T06192,U02063,C003,2024-10-27 18:07:39
T06193,U01922,C024,2024-10-27 19:45:34
T06194,U00862,C003,2024-10-27 20:38:51
T06195,U00500,C004,2024-10-27 23:03:56
T06196,U02922,C002,2024-10-27 23:07:29
T06197,U00373,C046,2024-10-28 08:15:56
T06198,U02032,C048,2024-10-28 09:29:46
T06199,U00652,C033,2024-10-28 11:54:46
T06200,U02202,C046,2024-10-28 12:49:12
T06201,U01773,C004,2024-10-28 16:33:57
T06202,U02373,C019,2024-10-28 17:21:40
T06203,U00147,C006,2024-10-28 20:50:51
T06204,U01056,C019,2024-10-28 21:23:09
T06205,U02436,C047,2024-10-28 23:35:08
T06206,U02836,C028,2024-10-29 09:01:07
T06207,U01487,C017,2024-10-29 12:38:46
T06208,U01008,C009,2024-10-29 15:11:04
T06209,U01014,C024,2024-10-29 16:14:30
T06210,U02921,C032,2024-10-29 16:39:32
T06211,U00136,C025,2024-10-29 18:24:58
T06212,U01173,C034,2024-10-29 19:23:09
T06213,U01274,C026,2024-10-29 19:38:40
T06214,U01311,C034,2024-10-29 22:07:01
T06215,U00267,C034,2024-10-29 22:46:00
T06216,U00026,C015,2024-10-29 23:54:44
T06217,U02854,C037,2024-10-30 09:33:54
T06218,U00588,C032,2024-10-30 09:53:04
T06219,U02858,C028,2024-10-30 15:31:32
T06220,U00603,C049,2024-10-30 18:10:39
T06221,U01918,C032,2024-10-30 18:58:19
T06222,U02592,C013,2024-10-30 21:21:56
T06223,U02354,C032,2024-10-30 22:23:27
T06224,U02514,C015,2024-10-31 10:03:50
T06225,U00075,C026,2024-10-31 10:46:46
T06226,U02225,C001,2024-10-31 17:19:16
T06227,U02188,C003,2024-10-31 17:36:11
T06228,U00392,C007,2024-10-31 20:11:38
T06229,U01452,C046,2024-10-31 20:19:02
T06230,U02750,C028,2024-10-31 22:32:02
T06231,U01131,C014,2024-10-31 22:59:09
T06232,U00475,C006,2024-11-01 08:46:37
T06233,U00278,C031,2024-11-01 10:15:10
T06234,U01078,C007,2024-11-01 12:18:29
T06235,U02787,C031,2024-11-01 12:45:59
T06236,U02932,C029,2024-11-01 15:57:05
T06237,U01997,C030,2024-11-01 17:51:55
T06238,U01306,C049,2024-11-01 20:30:42
T06239,U02535,C032,2024-11-02 08:09:21
T06240,U01232,C027,2024-11-02 09:13:18
T06241,U00543,C017,2024-11-02 21:40:58
T06242,U00927,C036,2024-11-03 09:47:11
T06243,U02335,C025,2024-11-03 10:07:07
T06244,U01331,C026,2024-11-03 15:36:32
T06245,U02668,C018,2024-11-03 16:25:43
T06246,U01678,C013,2024-11-03 17:34:44
T06247,U02881,C004,2024-11-03 18:36:00
T06248,U02522,C018,2024-11-03 18:44:18
T06249,U01443,C026,2024-11-03 19:41:51
T06250,U00010,C002,2024-11-03 22:16:14
T06251,U00675,C038,2024-11-04 08:12:07
T06252,U02178,C024,2024-11-04 18:26:04
T06253,U02255,C005,2024-11-04 19:48:24
T06254,U01583,C012,2024-11-04 20:01:00
T06255,U00477,C028,2024-11-04 22:43:55
T06256,U02217,C027,2024-11-04 23:59:24
T06257,U01992,C012,2024-11-05 09:16:46
T06258,U01009,C031,2024-11-05 11:21:58
T06259,U02383,C045,2024-11-05 11:39:28
T06260,U02162,C028,2024-11-05 12:25:41
T06261,U00493,C004,2024-11-05 12:43:54
T06262,U00908,C018,2024-11-05 14:09:58
T06263,U01411,C037,2024-11-05 14:12:44
T06264,U01031,C038,2024-11-05 18:13:18
T06265,U00304,C032,2024-11-05 18:38:15
T06266,U01458,C022,2024-11-05 18:50:03
T06267,U02610,C020,2024-11-05 21:09:40
T06268,U02302,C012,2024-11-05 22:22:01
T06269,U00415,C003,2024-11-05 22:25:37
T06270,U01424,C042,2024-11-06 08:37:19
T06271,U00067,C037,2024-11-06 09:24:56
T06272,U00869,C045,2024-11-06 10:44:46
T06273,U01088,C006,2024-11-06 11:06:04
T06274,U02704,C047,2024-11-06 13:29:26
T06275,U00887,C009,2024-11-06 14:26:19
T06276,U02220,C044,2024-11-06 15:05:59
T06277,U02366,C012,2024-11-06 16:31:19
T06278,U01448,C031,2024-11-06 19:36:24
T06279,U01575,C022,2024-11-06 22:39:41
T06280,U01185,C022,2024-11-07 09:25:19
T06281,U01723,C037,2024-11-07 11:07:14
T06282,U02206,C037,2024-11-07 12:15:37
T06283,U00106,C041,2024-11-07 12:31:00
T06284,U02150,C009,2024-11-07 13:35:30
T06285,U02558,C019,2024-11-07 15:30:32
T06286,U01959,C003,2024-11-07 16:28:09
T06287,U00251,C012,2024-11-07 20:19:14
T06288,U01263,C040,2024-11-07 22:17:00
T06289,U01641,C028,2024-11-07 23:35:38
T06290,U01511,C048,2024-11-07 23:43:05
T06291,U01935,C013,2024-11-08 08:10:05
T06292,U02576,C048,2024-11-08 08:43:23
T06293,U02957,C046,2024-11-08 11:31:07
T06294,U02406,C046,2024-11-08 11:37:57
T06295,U02960,C027,2024-11-08 12:11:23
T06296,U00853,C003,2024-11-08 15:18:42
T06297,U00757,C002,2024-11-08 19:34:10
T06298,U00789,C011,2024-11-08 21:04:06
T06299,U01623,C045,2024-11-08 21:35:05
T06300,U01700,C028,2024-11-08 23:12:50
T06301,U02352,C002,2024-11-09 08:14:44
T06302,U02463,C048,2024-11-09 09:19:20
T06303,U00258,C031,2024-11-09 12:19:00
T06304,U02410,C020,2024-11-09 15:02:58
T06305,U00531,C018,2024-11-09 19:09:23
T06306,U00195,C013,2024-11-09 19:49:45
T06307,U01418,C027,2024-11-09 20:24:49
T06308,U01740,C017,2024-11-09 20:28:58
T06309,U00779,C003,2024-11-09 21:04:58
T06310,U02159,C003,2024-11-09 22:33:29
T06311,U01007,C008,2024-11-10 08:45:27
T06312,U02009,C019,2024-11-10 12:03:00
T06313,U00162,C014,2024-11-10 13:48:32
T06314,U01174,C043,2024-11-10 14:33:13
T06315,U02157,C014,2024-11-10 15:13:58
T06316,U01365,C001,2024-11-10 16:30:09
T06317,U01216,C043,2024-11-10 16:56:04
T06318,U02317,C011,2024-11-10 17:17:26
T06319,U01865,C010,2024-11-10 19:04:17
T06320,U01850,C003,2024-11-10 20:01:32
T06321,U01940,C044,2024-11-10 20:28:13
T06322,U01526,C037,2024-11-10 20:30:39
T06323,U02502,C048,2024-11-10 20:38:11
T06324,U01871,C038,2024-11-10 23:27:53
T06325,U01311,C009,2024-11-10 23:53:02
T06326,U00957,C003,2024-11-11 17:32:44
T06327,U00888,C014,2024-11-11 18:40:44
T06328,U00832,C044,2024-11-11 19:14:37
T06329,U02846,C019,2024-11-11 20:19:34
T06330,U02782,C047,2024-11-12 08:02:50
T06331,U02088,C042,2024-11-12 09:50:56
T06332,U00285,C037,2024-11-12 12:28:18
T06333,U00113,C025,2024-11-12 17:53:44
T06334,U00920,C025,2024-11-12 20:44:19
T06335,U00651,C008,2024-11-12 22:27:07
T06336,U01744,C009,2024-11-13 08:27:51
T06337,U02648,C022,2024-11-13 09:12:07
T06338,U02064,C043,2024-11-13 11:03:19
T06339,U01450,C044,2024-11-13 11:11:58
T06340,U00911,C035,2024-11-13 13:12:48
T06341,U02333,C018,2024-11-13 14:43:37
T06342,U02087,C037,2024-11-13 16:27:03
T06343,U01073,C017,2024-11-13 18:08:11
T06344,U00729,C046,2024-11-13 19:36:18
T06345,U02461,C002,2024-11-13 20:51:39
T06346,U01543,C004,2024-11-13 23:12:06
T06347,U02247,C010,2024-11-14 09:38:44
T06348,U00765,C011,2024-11-14 10:34:01
T06349,U02421,C030,2024-11-14 12:46:38
T06350,U01099,C002,2024-11-14 14:51:43
T06351,U02216,C022,2024-11-14 17:25:10
T06352,U02745,C038,2024-11-14 18:32:55
T06353,U02065,C008,2024-11-14 20:09:17
T06354,U00705,C013,2024-11-14 21:58:26
T06355,U01539,C013,2024-11-15 09:13:14
T06356,U00273,C026,2024-11-15 09:47:59
T06357,U01445,C046,2024-11-15 11:33:42
T06358,U02582,C019,2024-11-15 13:46:48
T06359,U00291,C013,2024-11-15 16:03:23
T06360,U02259,C012,2024-11-15 17:11:40
T06361,U00436,C028,2024-11-15 17:39:03
T06362,U00150,C027,2024-11-15 20:34:35
T06363,U00495,C044,2024-11-15 22:02:06
T06364,U01572,C009,2024-11-15 22:14:29
T06365,U02582,C006,2024-11-15 23:10:00
T06366,U01962,C032,2024-11-16 14:38:45
T06367,U01979,C049,2024-11-16 14:48:01
T06368,U02227,C013,2024-11-16 17:32:02
T06369,U00735,C047,2024-11-16 18:05:51
T06370,U01644,C047,2024-11-16 21:52:25
T06371,U02505,C019,2024-11-17 12:06:52
T06372,U01671,C035,2024-11-17 12:06:58
T06373,U00057,C017,2024-11-17 13:49:05
T06374,U00410,C013,2024-11-17 14:45:48
T06375,U01606,C039,2024-11-17 16:39:20
T06376,U01282,C039,2024-11-17 17:06:07
T06377,U01011,C011,2024-11-17 18:19:22
T06378,U01392,C014,2024-11-17 23:46:25
T06379,U00032,C004,2024-11-18 08:11:12
T06380,U01060,C016,2024-11-18 08:38:06
T06381,U01523,C004,2024-11-18 09:48:08
T06382,U00809,C009,2024-11-18 11:29:56
T06383,U00802,C008,2024-11-18 12:09:30
T06384,U02999,C047,2024-11-18 12:17:56
T06385,U01961,C013,2024-11-18 13:18:35
T06386,U00354,C007,2024-11-18 13:20:04
T06387,U01780,C002,2024-11-18 14:31:18
T06388,U00296,C043,2024-11-18 15:36:40
T06389,U01803,C041,2024-11-18 16:14:12
T06390,U00302,C027,2024-11-18 18:42:10
T06391,U00390,C012,2024-11-18 19:04:09
T06392,U00828,C004,2024-11-18 20:36:10
T06393,U00848,C013,2024-11-19 08:36:50
T06394,U00738,C013,2024-11-19 10:12:39
T06395,U02759,C032,2024-11-19 11:24:11
T06396,U00926,C019,2024-11-19 13:32:07
T06397,U02154,C017,2024-11-19 19:48:18
T06398,U02872,C004,2024-11-19 19:52:49
T06399,U01073,C048,2024-11-19 20:22:20
T06400,U02499,C009,2024-11-19 22:23:21
T06401,U02377,C009,2024-11-20 09:51:37
T06402,U02109,C043,2024-11-20 11:02:16
T06403,U02130,C021,2024-11-20 15:44:40
T06404,U01998,C044,2024-11-20 15:56:15
T06405,U02561,C033,2024-11-20 16:08:57
T06406,U01538,C029,2024-11-20 16:35:17
T06407,U02595,C031,2024-11-21 13:38:05
T06408,U01065,C009,2024-11-21 15:01:14
T06409,U00535,C008,2024-11-21 15:28:22
T06410,U02658,C017,2024-11-21 15:57:35
T06411,U01500,C045,2024-11-21 16:25:02
T06412,U00056,C024,2024-11-21 18:26:36
T06413,U01341,C033,2024-11-21 18:37:38
T06414,U01893,C004,2024-11-21 20:48:34
T06415,U02838,C017,2024-11-21 20:52:58
T06416,U02983,C004,2024-11-21 21:11:09
T06417,U01929,C014,2024-11-21 23:27:24
T06418,U00232,C036,2024-11-21 23:39:21
T06419,U02498,C046,2024-11-22 08:48:57
T06420,U01500,C004,2024-11-22 10:40:31
T06421,U01759,C041,2024-11-22 12:13:19
T06422,U00552,C040,2024-11-22 12:20:29
T06423,U01931,C008,2024-11-22 16:08:50
T06424,U00454,C014,2024-11-22 16:41:37
T06425,U02841,C017,2024-11-22 21:49:11
T06426,U00528,C004,2024-11-22 22:29:19
T06427,U01073,C004,2024-11-22 23:27:30
T06428,U00398,C041,2024-11-23 09:43:54
T06429,U00387,C009,2024-11-23 09:53:33
T06430,U00150,C014,2024-11-23 10:19:13
T06431,U02390,C002,2024-11-23 10:34:59
T06432,U00916,C004,2024-11-23 13:00:07
T06433,U00815,C032,2024-11-23 16:58:06
T06434,U02479,C012,2024-11-23 17:26:55
T06435,U00113,C048,2024-11-23 18:45:47
T06436,U00997,C027,2024-11-23 19:44:36
T06437,U00270,C022,2024-11-23 23:11:12
T06438,U00468,C037,2024-11-24 08:32:45
T06439,U00409,C027,2024-11-24 09:06:24
T06440,U00275,C013,2024-11-24 09:55:42
T06441,U02127,C042,2024-11-24 15:51:08
T06442,U00235,C014,2024-11-24 15:52:06
T06443,U02853,C002,2024-11-24 18:06:25
T06444,U01985,C030,2024-11-24 18:18:23
T06445,U00870,C003,2024-11-24 18:26:28
T06446,U02533,C028,2024-11-24 18:57:49
T06447,U01572,C036,2024-11-24 19:21:12
T06448,U02973,C048,2024-11-24 21:08:13
T06449,U02566,C032,2024-11-24 22:21:48
T06450,U02590,C031,2024-11-24 22:31:22
T06451,U00720,C003,2024-11-24 23:40:27
T06452,U00372,C019,2024-11-24 23:54:31
T06453,U02036,C039,2024-11-25 10:30:53
T06454,U00053,C044,2024-11-25 14:32:07
T06455,U00306,C002,2024-11-25 18:01:49
T06456,U00934,C007,2024-11-25 18:51:06
T06457,U02405,C006,2024-11-25 21:08:16
T06458,U01907,C047,2024-11-25 22:42:34
T06459,U02578,C049,2024-11-25 22:44:30
T06460,U02742,C042,2024-11-25 23:41:40
T06461,U01365,C050,2024-11-25 23:52:11
T06462,U00406,C048,2024-11-26 11:13:34
T06463,U01252,C018,2024-11-26 11:19:25
T06464,U02649,C021,2024-11-26 13:36:46
T06465,U00379,C038,2024-11-26 14:00:07
T06466,U02338,C037,2024-11-26 17:11:06
T06467,U02083,C007,2024-11-26 18:13:28
T06468,U00666,C037,2024-11-26 18:29:43
T06469,U01663,C003,2024-11-26 19:25:08
T06470,U01371,C003,2024-11-26 20:38:22
T06471,U01426,C003,2024-11-26 23:38:40
T06472,U02388,C001,2024-11-27 08:40:51
T06473,U02068,C006,2024-11-27 11:11:36
T06474,U01809,C035,2024-11-27 12:23:36
T06475,U00907,C003,2024-11-27 12:35:46
T06476,U00630,C007,2024-11-27 12:54:38
T06477,U00959,C025,2024-11-27 14:54:46
T06478,U00757,C039,2024-11-27 15:34:27
T06479,U01550,C022,2024-11-27 16:43:35
T06480,U01570,C019,2024-11-27 18:54:23
T06481,U01482,C028,2024-11-27 19:16:27
T06482,U01426,C012,2024-11-27 22:31:11
T06483,U02961,C003,2024-11-28 08:37:17
T06484,U00239,C038,2024-11-28 09:25:06
T06485,U02212,C049,2024-11-28 10:05:42
T06486,U00744,C044,2024-11-28 10:07:06
T06487,U00853,C032,2024-11-28 10:29:03
T06488,U01226,C010,2024-11-28 13:16:58
T06489,U02741,C026,2024-11-28 13:42:51
T06490,U02118,C026,2024-11-28 14:08:18
T06491,U01897,C043,2024-11-28 21:06:00
T06492,U00709,C013,2024-11-28 22:44:22
T06493,U01245,C035,2024-11-28 23:44:21
T06494,U00090,C032,2024-11-28 23:54:31
T06495,U00362,C048,2024-11-29 09:56:15
T06496,U00916,C001,2024-11-29 10:41:45
T06497,U00482,C037,2024-11-29 11:29:39
T06498,U00552,C012,2024-11-29 12:22:10
T06499,U00305,C013,2024-11-29 16:23:28
T06500,U02919,C032,2024-11-29 16:43:17
T06501,U00612,C007,2024-11-29 17:27:42
T06502,U02866,C027,2024-11-29 20:37:59
T06503,U01557,C024,2024-11-29 20:48:26
T06504,U01252,C030,2024-11-29 23:11:52
T06505,U02905,C028,2024-11-29 23:36:11
T06506,U01113,C020,2024-11-30 09:47:50
T06507,U01352,C003,2024-11-30 09:57:34
T06508,U02840,C031,2024-11-30 12:07:20
T06509,U00998,C031,2024-11-30 12:42:08
T06510,U00402,C036,2024-11-30 14:20:12
T06511,U02065,C004,2024-11-30 18:54:26
T06512,U00539,C042,2024-11-30 19:00:18
T06513,U01148,C012,2024-11-30 21:15:35
T06514,U00124,C013,2024-11-30 21:17:35
T06515,U00062,C024,2024-12-01 09:34:12
T06516,U00366,C045,2024-12-01 10:16:20
T06517,U02774,C027,2024-12-01 13:52:39
T06518,U02615,C014,2024-12-01 13:56:23
T06519,U00615,C045,2024-12-01 15:25:15
T06520,U02587,C044,2024-12-01 16:41:13
T06521,U01693,C031,2024-12-01 17:01:51
T06522,U02652,C017,2024-12-01 22:14:44
T06523,U02360,C016,2024-12-02 09:34:00
T06524,U02875,C010,2024-12-02 10:28:47
T06525,U01220,C020,2024-12-02 11:06:19
T06526,U02804,C009,2024-12-02 11:41:02
T06527,U02506,C021,2024-12-02 12:00:54
T06528,U01356,C001,2024-12-02 12:53:29
T06529,U02367,C003,2024-12-02 14:01:01
T06530,U02458,C013,2024-12-02 14:52:34
T06531,U00919,C001,2024-12-02 16:47:13
T06532,U00567,C025,2024-12-02 19:22:10
T06533,U02505,C022,2024-12-02 19:43:18
T06534,U00363,C027,2024-12-02 20:33:48
T06535,U02559,C026,2024-12-02 23:29:24
T06536,U02150,C038,2024-12-02 23:56:59
T06537,U00768,C032,2024-12-03 08:48:17
T06538,U02577,C006,2024-12-03 10:46:37
T06539,U02112,C002,2024-12-03 10:51:16
T06540,U01677,C022,2024-12-03 12:25:13
T06541,U01335,C044,2024-12-03 15:28:50
T06542,U01814,C042,2024-12-03 15:45:37
T06543,U01554,C043,2024-12-03 16:14:59
T06544,U00440,C037,2024-12-03 16:54:16
T06545,U02850,C022,2024-12-03 19:13:06
T06546,U00985,C022,2024-12-03 19:38:34
T06547,U01822,C033,2024-12-03 20:27:44
T06548,U01421,C040,2024-12-03 21:35:28
T06549,U00617,C020,2024-12-04 09:12:10
T06550,U02323,C018,2024-12-04 09:16:48
T06551,U02296,C007,2024-12-04 15:27:28
T06552,U00637,C004,2024-12-04 16:18:47
T06553,U01721,C046,2024-12-04 16:43:45
T06554,U02871,C009,2024-12-04 17:24:17
T06555,U02566,C026,2024-12-04 22:20:54
T06556,U02154,C036,2024-12-05 09:11:25
T06557,U02443,C026,2024-12-05 10:07:08
T06558,U01175,C002,2024-12-05 10:36:57
T06559,U01215,C009,2024-12-05 12:00:42
T06560,U01379,C041,2024-12-05 18:08:38
T06561,U00879,C009,2024-12-05 19:11:13
T06562,U02771,C002,2024-12-05 19:36:46
T06563,U01210,C039,2024-12-05 21:12:18
T06564,U02295,C044,2024-12-05 23:09:31
T06565,U02790,C041,2024-12-06 08:03:14
T06566,U01429,C045,2024-12-06 09:20:06
T06567,U01141,C026,2024-12-06 09:42:18
T06568,U01125,C025,2024-12-06 10:19:55
T06569,U02726,C009,2024-12-06 12:36:55
T06570,U00491,C013,2024-12-06 15:29:49
T06571,U01173,C013,2024-12-06 18:07:00
T06572,U02822,C024,2024-12-06 20:56:00
T06573,U02140,C035,2024-12-06 22:01:02
T06574,U00157,C044,2024-12-07 10:53:17
T06575,U02748,C048,2024-12-07 17:45:16
T06576,U01085,C022,2024-12-07 20:08:47
T06577,U02448,C002,2024-12-07 20:15:52
T06578,U00740,C021,2024-12-07 22:05:51
T06579,U02644,C035,2024-12-08 09:02:01
T06580,U01263,C045,2024-12-08 13:22:32
T06581,U02655,C038,2024-12-08 13:53:54
T06582,U02945,C019,2024-12-08 17:24:33
T06583,U00359,C039,2024-12-08 19:11:54
T06584,U01999,C043,2024-12-08 19:26:47
T06585,U02985,C014,2024-12-08 19:57:21
T06586,U00905,C009,2024-12-08 23:05:23
T06587,U01595,C035,2024-12-09 11:10:48
T06588,U02918,C017,2024-12-09 14:00:16
T06589,U01559,C013,2024-12-09 16:18:53
T06590,U02882,C048,2024-12-09 22:29:36
T06591,U00493,C030,2024-12-09 23:31:11
T06592,U00715,C032,2024-12-10 08:29:21
T06593,U01412,C046,2024-12-10 09:39:29
T06594,U00483,C004,2024-12-10 11:07:31
T06595,U02309,C006,2024-12-10 13:04:29
T06596,U02253,C042,2024-12-10 13:43:40
T06597,U01252,C033,2024-12-10 15:53:54
T06598,U01602,C012,2024-12-10 17:23:39
T06599,U01261,C021,2024-12-10 20:00:37
T06600,U02367,C006,2024-12-10 21:11:22
T06601,U01332,C041,2024-12-10 21:34:46
T06602,U02543,C012,2024-12-10 22:45:12
T06603,U02616,C026,2024-12-10 23:25:01
T06604,U02837,C026,2024-12-11 09:25:30
T06605,U02225,C026,2024-12-11 09:46:10
T06606,U02349,C012,2024-12-11 10:27:27
T06607,U02550,C044,2024-12-11 11:00:17
T06608,U00465,C038,2024-12-11 11:58:28
T06609,U00484,C026,2024-12-11 12:20:53
T06610,U01275,C046,2024-12-11 14:12:16
T06611,U01408,C044,2024-12-11 14:59:21
T06612,U01618,C012,2024-12-11 18:21:57
T06613,U02537,C013,2024-12-11 18:52:58
T06614,U01450,C050,2024-12-11 19:19:10
T06615,U01008,C042,2024-12-11 19:53:08
T06616,U01342,C042,2024-12-11 21:40:28
T06617,U00700,C022,2024-12-12 09:32:06
T06618,U02751,C013,2024-12-12 09:51:40
T06619,U02129,C027,2024-12-12 10:21:33
T06620,U00375,C041,2024-12-12 10:49:19
T06621,U01180,C013,2024-12-12 11:53:51
T06622,U02942,C038,2024-12-12 13:23:05
T06623,U01261,C006,2024-12-12 17:02:41
T06624,U02950,C001,2024-12-12 21:46:08
T06625,U01134,C004,2024-12-13 08:23:52
T06626,U01194,C016,2024-12-13 11:08:20
T06627,U02752,C044,2024-12-13 12:22:06
T06628,U02587,C022,2024-12-13 12:59:47
T06629,U01440,C032,2024-12-13 13:17:08
T06630,U02394,C002,2024-12-13 17:38:25
T06631,U00622,C027,2024-12-13 20:51:47
T06632,U00093,C037,2024-12-13 23:28:20
T06633,U02178,C027,2024-12-14 10:16:59
T06634,U00996,C004,2024-12-14 11:11:33
T06635,U00432,C004,2024-12-14 15:11:27
T06636,U01283,C007,2024-12-14 17:59:53
T06637,U02702,C002,2024-12-14 19:37:29
T06638,U00242,C004,2024-12-14 23:49:47
T06639,U01306,C038,2024-12-15 11:42:04
T06640,U01189,C012,2024-12-15 11:53:23
T06641,U02156,C012,2024-12-15 13:53:17
T06642,U02030,C009,2024-12-15 14:46:11
T06643,U00317,C028,2024-12-15 15:47:41
T06644,U00773,C044,2024-12-15 16:43:35
T06645,U02635,C027,2024-12-15 17:13:45
T06646,U02162,C031,2024-12-15 18:14:02
T06647,U02266,C043,2024-12-15 20:23:23
T06648,U00656,C008,2024-12-15 23:43:06
T06649,U00546,C012,2024-12-15 23:58:44
T06650,U00085,C003,2024-12-16 09:54:10
T06651,U00288,C018,2024-12-16 10:42:34
T06652,U00954,C041,2024-12-16 11:05:21
T06653,U02389,C025,2024-12-16 11:05:28
T06654,U01164,C025,2024-12-16 12:13:55
T06655,U00915,C045,2024-12-16 12:16:38
T06656,U02956,C003,2024-12-16 13:07:01
T06657,U01021,C048,2024-12-16 17:18:31
T06658,U02557,C031,2024-12-16 19:24:04
T06659,U01459,C005,2024-12-16 22:25:10
T06660,U01111,C006,2024-12-16 23:02:23
T06661,U00651,C009,2024-12-16 23:02:28
T06662,U02134,C025,2024-12-17 08:05:20
T06663,U00806,C012,2024-12-17 09:27:22
T06664,U00928,C033,2024-12-17 11:55:40
T06665,U01194,C037,2024-12-17 12:48:37
T06666,U02421,C043,2024-12-17 13:03:54
T06667,U02265,C013,2024-12-17 15:55:44
T06668,U02388,C026,2024-12-17 16:06:54
T06669,U02327,C050,2024-12-17 16:19:15
T06670,U01879,C047,2024-12-17 18:32:58
T06671,U00962,C011,2024-12-17 19:48:25
T06672,U01767,C028,2024-12-17 19:56:21
T06673,U02919,C038,2024-12-17 22:07:33
T06674,U02282,C043,2024-12-17 23:35:03
T06675,U01159,C036,2024-12-17 23:50:01
T06676,U00269,C004,2024-12-18 09:21:05
T06677,U01985,C028,2024-12-18 09:51:33
T06678,U01020,C026,2024-12-18 11:50:01
T06679,U01040,C018,2024-12-18 11:58:27
T06680,U01761,C047,2024-12-18 12:10:26
T06681,U02590,C045,2024-12-18 12:44:56
T06682,U01708,C017,2024-12-18 14:22:34
T06683,U00483,C019,2024-12-18 15:04:51
T06684,U02677,C007,2024-12-18 16:01:36
T06685,U01205,C044,2024-12-18 20:28:55
T06686,U01393,C002,2024-12-18 23:36:06
T06687,U02231,C003,2024-12-18 23:57:52
T06688,U02005,C009,2024-12-19 08:09:34
T06689,U01727,C038,2024-12-19 10:15:27
T06690,U00208,C031,2024-12-19 10:58:05
T06691,U01232,C030,2024-12-19 11:03:31
T06692,U02485,C039,2024-12-19 11:25:39
T06693,U01550,C032,2024-12-19 17:40:28
T06694,U00941,C002,2024-12-20 11:46:24
T06695,U00708,C037,2024-12-20 12:57:36
T06696,U01391,C042,2024-12-20 16:41:36
T06697,U00382,C041,2024-12-20 18:22:35
T06698,U02832,C002,2024-12-20 19:41:13
T06699,U01529,C028,2024-12-20 20:00:42
T06700,U02489,C009,2024-12-20 20:10:24
T06701,U02923,C045,2024-12-20 21:51:35
T06702,U00643,C005,2024-12-20 23:59:21
T06703,U00282,C025,2024-12-21 08:44:24
T06704,U02376,C027,2024-12-21 10:52:45
T06705,U00652,C014,2024-12-21 12:07:22
T06706,U00331,C014,2024-12-21 13:22:39
T06707,U00257,C026,2024-12-21 13:37:38
T06708,U02975,C044,2024-12-21 16:01:32
T06709,U00326,C018,2024-12-21 17:50:25
T06710,U01743,C028,2024-12-21 19:14:09
T06711,U01852,C026,2024-12-21 19:32:57
T06712,U00318,C032,2024-12-22 08:40:49
T06713,U01857,C022,2024-12-22 16:13:32
T06714,U01821,C019,2024-12-22 16:20:31
T06715,U00904,C006,2024-12-22 17:18:36
T06716,U00529,C019,2024-12-22 17:29:10
T06717,U00512,C035,2024-12-22 18:33:02
T06718,U00594,C040,2024-12-22 19:49:18
T06719,U01373,C006,2024-12-22 22:20:42
T06720,U01942,C048,2024-12-22 23:27:50
T06721,U00940,C047,2024-12-22 23:42:54
T06722,U02216,C007,2024-12-23 09:45:28
T06723,U00093,C047,2024-12-23 11:31:47
T06724,U02960,C007,2024-12-23 12:05:41
T06725,U01802,C041,2024-12-23 13:13:06
T06726,U01512,C024,2024-12-23 14:54:58
T06727,U02699,C046,2024-12-23 15:30:12
T06728,U01193,C024,2024-12-23 20:17:44
T06729,U02914,C012,2024-12-23 21:04:02
T06730,U01954,C038,2024-12-23 21:05:27
T06731,U00571,C028,2024-12-23 23:23:44
T06732,U02393,C041,2024-12-23 23:42:05
T06733,U02124,C028,2024-12-24 08:12:25
T06734,U02654,C028,2024-12-24 09:30:25
T06735,U02570,C038,2024-12-24 10:16:29
T06736,U01976,C013,2024-12-24 11:38:57
T06737,U00489,C016,2024-12-24 14:09:40
T06738,U00775,C034,2024-12-25 09:56:46
T06739,U02950,C008,2024-12-25 10:36:23
T06740,U01893,C031,2024-12-25 11:27:44
T06741,U02098,C045,2024-12-25 13:06:46
T06742,U00092,C001,2024-12-25 15:35:41
T06743,U01820,C014,2024-12-25 15:40:00
T06744,U00374,C031,2024-12-25 17:21:58
T06745,U02041,C012,2024-12-25 21:05:21
T06746,U02248,C025,2024-12-25 21:46:38
T06747,U02946,C037,2024-12-26 09:38:21
T06748,U00602,C040,2024-12-26 11:51:31
T06749,U00326,C009,2024-12-26 12:08:21
T06750,U00396,C041,2024-12-26 12:12:21
T06751,U00086,C034,2024-12-26 12:30:58
T06752,U01545,C033,2024-12-26 16:55:34
T06753,U02424,C017,2024-12-26 17:58:24
T06754,U02335,C044,2024-12-26 20:25:06
T06755,U00774,C013,2024-12-26 21:54:26
T06756,U01983,C031,2024-12-26 23:02:59
T06757,U00550,C030,2024-12-26 23:44:52
T06758,U01229,C046,2024-12-27 08:31:59
T06759,U02318,C021,2024-12-27 08:36:21
T06760,U01873,C035,2024-12-27 09:42:04
T06761,U02932,C021,2024-12-27 09:46:41
T06762,U01708,C006,2024-12-27 09:52:52
T06763,U02409,C044,2024-12-27 14:30:46
T06764,U00433,C022,2024-12-27 16:26:59
T06765,U02558,C007,2024-12-27 16:44:43
T06766,U01482,C027,2024-12-27 18:43:18
T06767,U01558,C048,2024-12-27 19:41:51
T06768,U00532,C041,2024-12-27 20:59:31
T06769,U00955,C047,2024-12-28 08:19:03
T06770,U00738,C025,2024-12-28 09:36:33
T06771,U02122,C024,2024-12-28 13:53:38
T06772,U02371,C044,2024-12-28 14:38:25
T06773,U00963,C004,2024-12-28 14:44:54
T06774,U01110,C008,2024-12-28 16:48:56
T06775,U02544,C023,2024-12-28 19:41:01
T06776,U00101,C002,2024-12-28 19:44:06
T06777,U00342,C021,2024-12-28 20:14:24
T06778,U01885,C014,2024-12-28 22:09:53
T06779,U00480,C038,2024-12-29 09:47:09
T06780,U00091,C022,2024-12-29 10:48:31
T06781,U00176,C026,2024-12-29 11:42:14
T06782,U00662,C036,2024-12-29 11:53:23
T06783,U01686,C041,2024-12-29 20:51:26
T06784,U02854,C018,2024-12-30 09:23:19
T06785,U00879,C006,2024-12-30 09:57:43
T06786,U02778,C013,2024-12-30 10:23:47
T06787,U02644,C009,2024-12-30 12:30:54
T06788,U01138,C019,2024-12-30 13:29:27
T06789,U01280,C048,2024-12-30 14:36:52
T06790,U02988,C048,2024-12-30 14:59:29
T06791,U01882,C009,2024-12-30 18:31:07
T06792,U01574,C046,2024-12-30 18:50:34
T06793,U00671,C012,2024-12-30 22:39:51
T06794,U01769,C017,2024-12-31 11:59:50
T06795,U01832,C016,2024-12-31 12:20:01
T06796,U02801,C035,2024-12-31 13:12:57
T06797,U00356,C042,2024-12-31 14:06:08
T06798,U00806,C037,2024-12-31 14:12:40
T06799,U01539,C028,2024-12-31 15:37:48
T06800,U00489,C030,2024-12-31 16:33:28
T06801,U00205,C017,2024-12-31 17:45:38
T06802,U01713,C025,2024-12-31 20:13:57
T06803,U00056,C022,2024-12-31 22:09:20
