UserID,UserName,Age,Gender,Email
U00001,moorejack,15,Male,amitchell@gmail.com
U00002,wilsond,15,Male,ejohnson@yahoo.com
U00003,moorejustin,29,Male,ramirezcynthia@hotmail.com
U00004,richardgarcia,25,Male,alexander77@hotmail.com
U00005,harrisj,32,Female,greenjustin@hotmail.com
U00006,raymondanderson,16,Male,heatheranderson@outlook.com
U00007,olivia30,35,Female,alexander85@hotmail.com
U00008,pthomas,32,Male,dennismoore@yahoo.com
U00009,jwilliams,22,Male,jonesjonathan@hotmail.com
U00010,adamsvictoria,27,Female,erodriguez@hotmail.com
U00011,srodriguez,26,Female,carterdaniel@gmail.com
U00012,sjones,28,Male,kimberly67@hotmail.com
U00013,dennis92,32,Male,mjackson@yahoo.com
U00014,cartern,23,Male,millervictoria@hotmail.com
U00015,hernandezd,26,Male,ksmith@hotmail.com
U00016,whiteharold,18,Male,joseph72@gmail.com
U00017,wrightmaria,17,Female,deborahwalker@yahoo.com
U00018,wrightchristina,21,Female,amartin@hotmail.com
U00019,ashley18,18,Female,nguyenrobert@yahoo.com
U00020,greenalexander,17,Male,williamsthomas@gmail.com
U00021,wrightm,30,Female,mwalker@outlook.com
U00022,richard65,18,Male,nathan59@gmail.com
U00023,perezpatrick,27,Male,gonzaleztimothy@outlook.com
U00024,emilyrobinson,20,Female,peter12@gmail.com
U00025,cclark,22,Male,jsanchez@yahoo.com
U00026,srobinson,27,Male,campbellcynthia@outlook.com
U00027,browna,24,Male,joseph40@gmail.com
U00028,laurenking,31,Female,elizabeth23@gmail.com
U00029,torresj,27,Male,kwilliams@gmail.com
U00030,nelsonmargaret,23,Female,esanchez@hotmail.com
U00031,robinsonm,17,Female,matthewjones@yahoo.com
U00032,peter41,26,Male,larry56@hotmail.com
U00033,victoriarodriguez,18,Female,oliviamiller@yahoo.com
U00034,riveramargaret,34,Female,sharongreen@outlook.com
U00035,benjaminramirez,17,Male,jamesperez@yahoo.com
U00036,riveras,29,Male,john09@yahoo.com
U00037,martinezbrenda,33,Female,davidmartin@gmail.com
U00038,millerr,22,Male,clarkolivia@yahoo.com
U00039,clarkpeter,20,Male,annaperez@yahoo.com
U00040,williamstimothy,18,Male,robinsonronald@hotmail.com
U00041,raymond61,15,Male,stephenjones@hotmail.com
U00042,carol24,32,Female,brian33@gmail.com
U00043,leej,26,Female,elizabethdavis@yahoo.com
U00044,kingjames,28,Male,patrickramirez@hotmail.com
U00045,nmartin,24,Male,sanchezsamuel@hotmail.com
U00046,harrisraymond,28,Male,donna38@outlook.com
U00047,ramirezm,24,Female,mlee@outlook.com
U00048,jacobmitchell,31,Male,larry84@hotmail.com
U00049,markgonzalez,24,Male,dthomas@gmail.com
U00050,pgonzalez,35,Female,linda31@yahoo.com
U00051,lopezm,28,Male,harold71@yahoo.com
U00052,robinsonr,19,Female,nhill@outlook.com
U00053,catherine67,20,Female,pthomas@hotmail.com
U00054,jonesjeffrey,23,Male,perezjonathan@gmail.com
U00055,halltimothy,22,Male,tclark@hotmail.com
U00056,clarkm,16,Female,cjohnson@outlook.com
U00057,jcarter,26,Male,smitchell@yahoo.com
U00058,jyoung,23,Male,nelsongregory@outlook.com
U00059,hwright,19,Female,ashley84@gmail.com
U00060,virginiarobinson,19,Female,eharris@yahoo.com
U00061,mharris,25,Female,nicholas60@gmail.com
U00062,katherinejones,22,Female,pamela31@yahoo.com
U00063,thomaswalker,22,Male,bettywilson@hotmail.com
U00064,mitchellscott,34,Male,brandonmiller@gmail.com
U00065,gonzalezc,27,Female,lauragreen@gmail.com
U00066,williamst,33,Male,nathannelson@gmail.com
U00067,jyoung,28,Male,pgreen@yahoo.com
U00068,moores,31,Male,helenwalker@outlook.com
U00069,ogarcia,22,Female,garycarter@outlook.com
U00070,nlee,30,Male,jasonthompson@hotmail.com
U00071,maryking,32,Female,campbelljacob@outlook.com
U00072,carolynyoung,35,Female,jacksondaniel@outlook.com
U00073,walkerm,33,Female,frankramirez@hotmail.com
U00074,michelletaylor,23,Female,gonzalezangela@gmail.com
U00075,walkerj,21,Male,emma76@hotmail.com
U00076,mark32,24,Male,johnrivera@yahoo.com
U00077,jacksonstephen,16,Male,carol62@gmail.com
U00078,lewiskathleen,30,Female,richard61@gmail.com
U00079,barbaratorres,30,Female,joshua72@hotmail.com
U00080,carters,18,Male,kflores@outlook.com
U00081,virginia64,24,Female,floresbetty@gmail.com
U00082,garciaraymond,23,Male,brian09@yahoo.com
U00083,rachel70,29,Female,wanderson@hotmail.com
U00084,taylorh,22,Male,gonzalezdeborah@gmail.com
U00085,josemartinez,23,Male,kmartin@hotmail.com
U00086,fmartin,29,Male,jallen@outlook.com
U00087,ramirezr,34,Male,nicholas11@yahoo.com
U00088,jcarter,33,Female,adamssusan@hotmail.com
U00089,jyoung,35,Female,frank42@hotmail.com
U00090,edward73,25,Male,dsanchez@gmail.com
U00091,slee,25,Male,dallen@outlook.com
U00092,ewhite,21,Male,lewisdorothy@gmail.com
U00093,sjackson,32,Female,johnsondonald@yahoo.com
U00094,maryscott,32,Female,davisjeffrey@gmail.com
U00095,arivera,24,Female,jwalker@yahoo.com
U00096,hillmatthew,27,Male,dianejones@outlook.com
U00097,campbelld,15,Female,snelson@yahoo.com
U00098,cscott,26,Female,dlee@yahoo.com
U00099,rlee,28,Male,jnelson@yahoo.com
U00100,nicholasnguyen,19,Male,ruth12@outlook.com
U00101,henryadams,28,Male,mary43@outlook.com
U00102,dlee,32,Female,wrightruth@gmail.com
U00103,catherinegarcia,22,Female,egreen@gmail.com
U00104,zachary15,24,Male,katherinebrown@hotmail.com
U00105,kinga,19,Female,sharon21@yahoo.com
U00106,thomasd,34,Female,panderson@hotmail.com
U00107,robinsonk,15,Female,kennethjones@hotmail.com
U00108,cmartin,23,Female,hwalker@yahoo.com
U00109,donnahall,33,Female,janet50@hotmail.com
U00110,youngjack,34,Male,emilythompson@yahoo.com
U00111,richardgreen,35,Male,lewisbrandon@hotmail.com
U00112,mitchellkenneth,24,Male,ronaldrodriguez@hotmail.com
U00113,douglas47,23,Male,davischristine@gmail.com
U00114,nathanscott,27,Male,katherine01@hotmail.com
U00115,debra96,26,Female,sandra81@hotmail.com
U00116,john81,30,Male,kflores@gmail.com
U00117,rebeccadavis,35,Female,william63@gmail.com
U00118,thomas68,32,Male,mitchellstephanie@outlook.com
U00119,syoung,35,Female,williamsstephen@hotmail.com
U00120,ashley22,29,Female,kadams@gmail.com
U00121,robinsonjessica,21,Female,amanda76@gmail.com
U00122,sarahtorres,22,Female,carterjanet@yahoo.com
U00123,jerrymartinez,25,Male,martinezstephen@hotmail.com
U00124,smiththomas,15,Male,ashleylee@yahoo.com
U00125,jackclark,19,Male,brendajones@outlook.com
U00126,nicholasanderson,29,Male,snelson@hotmail.com
U00127,jacobsanchez,16,Male,jennifer56@gmail.com
U00128,karen26,34,Female,mgreen@hotmail.com
U00129,angelahill,29,Female,khall@yahoo.com
U00130,rperez,22,Female,acampbell@hotmail.com
U00131,mmartinez,23,Female,tgarcia@gmail.com
U00132,aaronrodriguez,26,Male,ashley71@hotmail.com
U00133,virginianelson,26,Female,larry39@hotmail.com
U00134,raymondwalker,19,Male,frankscott@gmail.com
U00135,scottn,28,Male,rebeccaadams@gmail.com
U00136,andrew49,20,Male,fsmith@yahoo.com
U00137,jackgreen,19,Male,bking@outlook.com
U00138,lisa49,25,Female,helen76@gmail.com
U00139,dennisflores,20,Male,jlewis@outlook.com
U00140,emilywilson,28,Female,framirez@hotmail.com
U00141,sandrasanchez,16,Female,wilsonjames@yahoo.com
U00142,ddavis,24,Female,bramirez@yahoo.com
U00143,stephennelson,31,Male,tyler05@outlook.com
U00144,vlee,17,Female,margaretsanchez@outlook.com
U00145,leej,27,Male,dhall@gmail.com
U00146,nguyenj,22,Male,sanchezcharles@hotmail.com
U00147,barbaraallen,20,Female,jessicaallen@hotmail.com
U00148,martinezrichard,22,Male,hillbrian@gmail.com
U00149,mtorres,29,Female,sharontorres@hotmail.com
U00150,william66,29,Male,katherinemoore@gmail.com
U00151,ryanlewis,24,Male,jjackson@gmail.com
U00152,bmitchell,33,Female,victoriatorres@yahoo.com
U00153,karenbrown,31,Female,perezdebra@gmail.com
U00154,lewisa,22,Male,susanflores@hotmail.com
U00155,robertsr,27,Female,richard82@hotmail.com
U00156,brenda59,18,Female,nicholascampbell@yahoo.com
U00157,raymond54,33,Male,hallmelissa@outlook.com
U00158,stephen92,24,Male,rrodriguez@gmail.com
U00159,martinmelissa,15,Female,robertsgregory@yahoo.com
U00160,jacksonw,19,Male,nicolewright@gmail.com
U00161,martineztimothy,34,Male,jhall@yahoo.com
U00162,gbaker,28,Male,jacksondonna@outlook.com
U00163,aaron34,24,Male,rebeccatorres@outlook.com
U00164,clarkshirley,31,Female,christine17@hotmail.com
U00165,brendamiller,26,Female,larrygarcia@yahoo.com
U00166,ramirezkaren,31,Female,rlewis@gmail.com
U00167,nwhite,27,Male,charleswhite@gmail.com
U00168,kevinmartinez,35,Male,lwalker@yahoo.com
U00169,mary12,34,Female,jason70@outlook.com
U00170,davismichelle,22,Female,adam79@outlook.com
U00171,wrights,30,Male,margaretthomas@yahoo.com
U00172,thompsonh,15,Female,adamlopez@gmail.com
U00173,allenj,31,Male,rharris@gmail.com
U00174,catherinejohnson,23,Female,frankthomas@gmail.com
U00175,wrightbrian,16,Male,jroberts@outlook.com
U00176,williamrivera,19,Male,justin05@yahoo.com
U00177,asanchez,24,Female,nicholaswilliams@yahoo.com
U00178,virginia52,16,Female,dwhite@outlook.com
U00179,nyoung,25,Female,jking@gmail.com
U00180,scott79,28,Male,samuelmiller@hotmail.com
U00181,riveranicole,29,Female,laura44@outlook.com
U00182,sharonmoore,34,Female,christophernelson@outlook.com
U00183,chill,15,Male,williamrodriguez@yahoo.com
U00184,williamspamela,27,Female,rlewis@hotmail.com
U00185,tking,33,Male,benjamin35@yahoo.com
U00186,kingg,20,Male,dtaylor@hotmail.com
U00187,hallpaul,34,Male,rodriguezdonald@outlook.com
U00188,ruth50,17,Female,kathleenjones@hotmail.com
U00189,whitedaniel,35,Male,dgonzalez@yahoo.com
U00190,storres,26,Male,christine16@gmail.com
U00191,campbellc,27,Female,robertsjose@gmail.com
U00192,lewisb,35,Female,rodriguezfrank@yahoo.com
U00193,brownl,31,Female,joshuamartin@yahoo.com
U00194,eric20,26,Male,greenronald@hotmail.com
U00195,garciaanna,34,Female,ashleynguyen@yahoo.com
U00196,williamsd,15,Male,eric26@outlook.com
U00197,anna92,35,Female,patriciathomas@outlook.com
U00198,rbrown,17,Female,adamwalker@yahoo.com
U00199,henry50,25,Male,aaron97@hotmail.com
U00200,cdavis,22,Female,garymartinez@gmail.com
U00201,rebecca30,34,Female,torreschristina@hotmail.com
U00202,nicholas73,30,Male,ljohnson@outlook.com
U00203,justinthompson,21,Male,larryyoung@outlook.com
U00204,jason43,18,Male,esanchez@gmail.com
U00205,gonzalezs,33,Male,larryjones@outlook.com
U00206,richard57,19,Male,whitenancy@yahoo.com
U00207,williamsjennifer,31,Female,perezamy@outlook.com
U00208,floresharold,25,Male,tylerflores@hotmail.com
U00209,michelle12,33,Female,raymondbaker@outlook.com
U00210,taylorj,34,Male,manderson@gmail.com
U00211,bcampbell,31,Male,paul31@gmail.com
U00212,leejeffrey,15,Male,jhall@outlook.com
U00213,eric81,19,Male,deborahwalker@outlook.com
U00214,wrightd,29,Male,abaker@hotmail.com
U00215,scottandrew,22,Male,sroberts@yahoo.com
U00216,amanda45,30,Female,dtorres@outlook.com
U00217,donnawilliams,19,Female,flewis@hotmail.com
U00218,wrightj,21,Male,moorecynthia@gmail.com
U00219,kingraymond,16,Male,rmiller@hotmail.com
U00220,jscott,19,Male,melissawalker@yahoo.com
U00221,brownk,24,Female,wrightryan@gmail.com
U00222,cwilliams,20,Female,george37@gmail.com
U00223,nicole52,33,Female,adamsdouglas@outlook.com
U00224,davisbetty,23,Female,robinsonshirley@hotmail.com
U00225,jacksontyler,25,Male,bflores@outlook.com
U00226,nelsonstephanie,17,Female,andrew41@yahoo.com
U00227,ashley44,27,Female,scottnguyen@gmail.com
U00228,lnelson,22,Female,brandon51@hotmail.com
U00229,andersonhelen,26,Female,pmartinez@hotmail.com
U00230,nelsonruth,32,Female,scarter@gmail.com
U00231,laurentorres,17,Female,scottjanet@yahoo.com
U00232,nathanking,25,Male,sharon91@outlook.com
U00233,crodriguez,16,Female,douglastorres@outlook.com
U00234,smiths,27,Male,christopher54@hotmail.com
U00235,harold14,17,Male,jlopez@yahoo.com
U00236,lauraharris,27,Female,sharonnelson@yahoo.com
U00237,sanchezjonathan,20,Male,shirleyanderson@gmail.com
U00238,wrightsharon,32,Female,garyrobinson@yahoo.com
U00239,nelsonr,18,Male,nicole30@yahoo.com
U00240,robertlewis,34,Male,gmitchell@outlook.com
U00241,carteranthony,32,Male,barbarajackson@hotmail.com
U00242,martinezp,24,Male,jeffrey38@hotmail.com
U00243,gramirez,35,Male,richardthompson@outlook.com
U00244,martinkaren,28,Female,wrightpamela@yahoo.com
U00245,robinsonr,19,Female,jclark@yahoo.com
U00246,anthonyperez,23,Male,lewislauren@gmail.com
U00247,bakert,23,Male,djones@yahoo.com
U00248,smithjoshua,25,Male,davisanna@outlook.com
U00249,douglas80,27,Male,helenjackson@outlook.com
U00250,mallen,23,Female,campbellmatthew@hotmail.com
U00251,williamsrebecca,25,Female,amartinez@hotmail.com
U00252,bperez,19,Female,bettythomas@hotmail.com
U00253,youngcatherine,35,Female,sthompson@yahoo.com
U00254,samuelbrown,32,Male,catherine85@gmail.com
U00255,oliviagreen,19,Female,kmartinez@yahoo.com
U00256,greenh,16,Female,victoria84@outlook.com
U00257,stephenclark,32,Male,jessica35@hotmail.com
U00258,millersusan,20,Female,jacobgonzalez@hotmail.com
U00259,ewhite,27,Female,bettythomas@yahoo.com
U00260,nathanadams,35,Male,aaron48@outlook.com
U00261,david65,20,Male,millerbetty@gmail.com
U00262,jacobmoore,33,Male,mooresharon@gmail.com
U00263,mnguyen,15,Female,joneslauren@yahoo.com
U00264,carolharris,32,Female,barbara44@gmail.com
U00265,joneso,22,Female,nicoleflores@outlook.com
U00266,lewisandrew,35,Male,scottalexander@outlook.com
U00267,floresheather,17,Female,jonesamy@hotmail.com
U00268,karen59,35,Female,patrickmiller@gmail.com
U00269,mooremaria,26,Female,dlopez@outlook.com
U00270,davidthompson,15,Male,kimberly41@outlook.com
U00271,robertsd,28,Female,vthomas@yahoo.com
U00272,amartin,19,Male,pauljones@outlook.com
U00273,kathleen56,24,Female,campbellgary@outlook.com
U00274,smartin,18,Female,rflores@hotmail.com
U00275,adamsjulie,28,Female,slee@yahoo.com
U00276,slee,20,Female,margaretthomas@outlook.com
U00277,torresj,26,Female,klopez@gmail.com
U00278,aaronjackson,29,Male,clarkrachel@outlook.com
U00279,knelson,22,Female,kharris@outlook.com
U00280,halla,32,Female,william89@gmail.com
U00281,charlesadams,26,Male,bettyadams@outlook.com
U00282,millermary,18,Female,emitchell@yahoo.com
U00283,robertsc,27,Female,laura19@hotmail.com
U00284,donnaclark,18,Female,janetcampbell@hotmail.com
U00285,dwilson,29,Female,fwalker@outlook.com
U00286,michellewilliams,17,Female,perezmaria@gmail.com
U00287,daniel30,31,Male,nramirez@yahoo.com
U00288,bnelson,20,Male,mmitchell@yahoo.com
U00289,riveramary,27,Female,stephen90@gmail.com
U00290,kennethgonzalez,26,Male,enelson@hotmail.com
U00291,jthompson,33,Female,michelle86@hotmail.com
U00292,josephthomas,25,Male,gwhite@yahoo.com
U00293,storres,34,Female,younggeorge@yahoo.com
U00294,slopez,24,Female,mbrown@gmail.com
U00295,harrisj,21,Male,myoung@outlook.com
U00296,lisagarcia,30,Female,katherine28@hotmail.com
U00297,ajackson,22,Female,betty98@outlook.com
U00298,wrightj,23,Male,cartercarolyn@outlook.com
U00299,catherine41,18,Female,ruthwilliams@hotmail.com
U00300,davishenry,29,Male,dmitchell@hotmail.com
U00301,thomaswilson,34,Male,thompsonbetty@hotmail.com
U00302,torresd,24,Female,vbaker@yahoo.com
U00303,adamshenry,23,Male,martinezgary@hotmail.com
U00304,karen90,30,Female,dorothy48@outlook.com
U00305,nicholas45,27,Male,douglas41@gmail.com
U00306,christinehall,35,Female,kwright@yahoo.com
U00307,andrew46,30,Male,lisatorres@outlook.com
U00308,richardgreen,16,Male,donald56@outlook.com
U00309,rachel93,21,Female,kennethmoore@hotmail.com
U00310,raymondadams,26,Male,tgreen@yahoo.com
U00311,jameswilson,18,Male,steven28@outlook.com
U00312,davisjose,25,Male,patricia29@outlook.com
U00313,whitekenneth,18,Male,robertsdennis@yahoo.com
U00314,smithlarry,31,Male,thompsonpeter@yahoo.com
U00315,debralewis,34,Female,jmiller@gmail.com
U00316,dorothy41,28,Female,amanda31@hotmail.com
U00317,hillshirley,21,Female,sanchezbrenda@gmail.com
U00318,thomasj,27,Female,christopherking@hotmail.com
U00319,henry63,27,Male,karen22@outlook.com
U00320,smithwilliam,33,Male,dbrown@hotmail.com
U00321,greene,27,Female,donnamartinez@gmail.com
U00322,wilsond,31,Male,samuelsanchez@gmail.com
U00323,lthomas,22,Female,markrobinson@gmail.com
U00324,jamesrivera,18,Male,youngkenneth@hotmail.com
U00325,catherineroberts,19,Female,nicolejohnson@outlook.com
U00326,alexandertorres,23,Male,linda65@hotmail.com
U00327,lisa30,33,Female,millernicole@gmail.com
U00328,nathansmith,16,Male,whitemary@yahoo.com
U00329,arivera,32,Male,jeffreylee@outlook.com
U00330,whitep,17,Female,rebecca22@yahoo.com
U00331,victoria46,17,Female,samuel70@outlook.com
U00332,torresd,21,Female,robinsongary@outlook.com
U00333,clarkjames,19,Male,karenthompson@gmail.com
U00334,nathanmitchell,27,Male,eking@outlook.com
U00335,alexandermoore,19,Male,kellyanderson@outlook.com
U00336,milleremma,17,Female,csanchez@gmail.com
U00337,ptaylor,22,Male,cmitchell@hotmail.com
U00338,gonzalezb,22,Female,amartinez@yahoo.com
U00339,rebecca78,25,Female,nwilson@hotmail.com
U00340,elizabeth97,18,Female,riveracarolyn@gmail.com
U00341,elizabeth41,19,Female,tylerallen@hotmail.com
U00342,lewisr,15,Male,millergary@gmail.com
U00343,robertsmichael,15,Male,ronaldsanchez@gmail.com
U00344,wgonzalez,15,Male,debra11@hotmail.com
U00345,mhernandez,29,Male,carolyn50@outlook.com
U00346,thompsonnancy,28,Female,stephen57@yahoo.com
U00347,youngp,35,Male,pbrown@hotmail.com
U00348,adamsmatthew,28,Male,dorothywright@outlook.com
U00349,youngd,32,Female,leebarbara@hotmail.com
U00350,scott13,25,Male,walkerjoseph@hotmail.com
U00351,donald40,18,Male,smitchell@yahoo.com
U00352,nancy85,20,Female,debra89@hotmail.com
U00353,martinezpamela,33,Female,youngcatherine@hotmail.com
U00354,browne,16,Female,jeffrey67@outlook.com
U00355,rodriguezbetty,34,Female,leekelly@gmail.com
U00356,nathanking,18,Male,jack84@outlook.com
U00357,drodriguez,24,Female,greenkatherine@hotmail.com
U00358,cnguyen,22,Female,campbellbrandon@hotmail.com
U00359,torresf,15,Male,lopezwilliam@hotmail.com
U00360,perezchristopher,30,Male,franklee@gmail.com
U00361,kimberlywilson,15,Female,frank13@gmail.com
U00362,jclark,29,Female,linda44@outlook.com
U00363,carterkatherine,33,Female,kennethlewis@gmail.com
U00364,steven19,25,Male,kevin20@gmail.com
U00365,hwalker,34,Female,hernandezmelissa@outlook.com
U00366,kwilson,18,Male,cynthiascott@hotmail.com
U00367,browns,22,Female,lisayoung@gmail.com
U00368,jacksond,28,Male,gonzalezpatricia@gmail.com
U00369,paulgarcia,35,Male,brandonsanchez@outlook.com
U00370,jonathan33,35,Male,oharris@yahoo.com
U00371,robinsonjeffrey,23,Male,moorecatherine@gmail.com
U00372,rthompson,17,Male,pnguyen@gmail.com
U00373,walkerdebra,32,Female,mary10@outlook.com
U00374,lewisdennis,18,Male,jgonzalez@gmail.com
U00375,greenm,28,Male,eric93@gmail.com
U00376,stephanie51,32,Female,susan01@outlook.com
U00377,torresk,19,Female,emmamiller@gmail.com
U00378,kharris,28,Female,hillmargaret@gmail.com
U00379,kflores,27,Female,william42@yahoo.com
U00380,kelly12,23,Female,rmartin@hotmail.com
U00381,thomas66,22,Male,campbelljonathan@gmail.com
U00382,clarkl,21,Female,ruth07@yahoo.com
U00383,rodriguezs,31,Female,michael24@yahoo.com
U00384,brownryan,16,Male,stephen59@outlook.com
U00385,gyoung,22,Male,brianwalker@hotmail.com
U00386,jack21,23,Male,harrismichael@yahoo.com
U00387,mark36,35,Male,melissa65@gmail.com
U00388,katherinelopez,19,Female,jeffreytaylor@hotmail.com
U00389,joyce68,27,Female,jason38@outlook.com
U00390,whiter,31,Male,ejackson@gmail.com
U00391,andrew51,25,Male,adamseric@hotmail.com
U00392,thomasd,31,Male,aaron40@yahoo.com
U00393,kclark,24,Female,annawilliams@yahoo.com
U00394,benjamin95,32,Male,barbaramartin@yahoo.com
U00395,mitchellt,30,Male,emma87@hotmail.com
U00396,mmitchell,26,Male,samanthaperez@hotmail.com
U00397,brownk,18,Female,floressandra@outlook.com
U00398,ericmartin,27,Male,ruthmartinez@yahoo.com
U00399,kelly28,33,Female,drivera@gmail.com
U00400,nancylee,35,Female,lewisjames@yahoo.com
U00401,cartertyler,30,Male,dramirez@outlook.com
U00402,smithd,30,Female,ronaldcampbell@gmail.com
U00403,smithgregory,15,Male,halljeffrey@hotmail.com
U00404,nguyennicholas,27,Male,twilliams@hotmail.com
U00405,victoria27,28,Female,youngvirginia@yahoo.com
U00406,andersonsandra,15,Female,shirley75@yahoo.com
U00407,diane58,35,Female,nicole79@gmail.com
U00408,adamjohnson,35,Male,adamlewis@gmail.com
U00409,margarethall,19,Female,scottclark@gmail.com
U00410,millera,28,Male,djackson@gmail.com
U00411,robertsm,34,Male,ronaldthompson@outlook.com
U00412,syoung,16,Male,raymond00@gmail.com
U00413,raymondyoung,33,Male,helenallen@gmail.com
U00414,paultaylor,29,Male,matthewlopez@hotmail.com
U00415,catherinedavis,28,Female,johnrodriguez@yahoo.com
U00416,helen21,29,Female,rperez@gmail.com
U00417,eharris,29,Female,christine83@yahoo.com
U00418,nhernandez,16,Male,nguyenvictoria@outlook.com
U00419,johnsonhelen,26,Female,pyoung@outlook.com
U00420,stevenadams,17,Male,kathleenbaker@yahoo.com
U00421,rcampbell,28,Male,nelsonfrank@outlook.com
U00422,shernandez,15,Male,hyoung@gmail.com
U00423,moorec,22,Female,jscott@outlook.com
U00424,rlewis,17,Male,daniel57@hotmail.com
U00425,pmiller,35,Female,william70@gmail.com
U00426,bwilson,31,Female,gwhite@yahoo.com
U00427,hflores,32,Female,amy46@outlook.com
U00428,james55,22,Male,lisa47@gmail.com
U00429,thomasrivera,30,Male,nicholas25@yahoo.com
U00430,cynthiagonzalez,21,Female,pclark@gmail.com
U00431,angelarodriguez,33,Female,jmitchell@outlook.com
U00432,danielcampbell,33,Male,jnelson@hotmail.com
U00433,lauren41,34,Female,pereztyler@outlook.com
U00434,scott75,28,Male,hallcatherine@hotmail.com
U00435,brandon47,21,Male,kellybaker@yahoo.com
U00436,walkers,26,Male,srivera@hotmail.com
U00437,johnsonrichard,31,Male,richardnelson@yahoo.com
U00438,gregorytaylor,24,Male,laurajackson@gmail.com
U00439,bakerhelen,18,Female,adamsbrenda@outlook.com
U00440,charris,16,Female,samantha40@gmail.com
U00441,robertshelen,21,Female,greenvictoria@hotmail.com
U00442,jeffreylopez,24,Male,glopez@gmail.com
U00443,scottandrew,28,Male,kennethnguyen@gmail.com
U00444,martinezj,19,Female,rroberts@hotmail.com
U00445,riverad,17,Female,lopezjeffrey@gmail.com
U00446,anna21,32,Female,jeffreywilson@hotmail.com
U00447,carterm,24,Female,mary96@gmail.com
U00448,adamsa,29,Female,gwilliams@hotmail.com
U00449,stevenwright,27,Male,vking@hotmail.com
U00450,donna34,16,Female,elizabeth12@yahoo.com
U00451,rgreen,21,Male,janet26@outlook.com
U00452,ryanrivera,15,Male,danieljones@yahoo.com
U00453,janderson,33,Male,jlewis@outlook.com
U00454,bakerd,15,Female,james92@gmail.com
U00455,harold23,26,Male,samanthabaker@gmail.com
U00456,snelson,27,Female,kwright@yahoo.com
U00457,karen96,35,Female,john71@yahoo.com
U00458,hilll,15,Male,lisagarcia@yahoo.com
U00459,adamszachary,28,Male,lopezkenneth@hotmail.com
U00460,torresr,20,Male,haroldadams@gmail.com
U00461,rgonzalez,23,Male,raymond16@yahoo.com
U00462,bgonzalez,34,Female,perezzachary@hotmail.com
U00463,sharon10,25,Female,garyanderson@outlook.com
U00464,dcampbell,19,Female,hlewis@hotmail.com
U00465,samuel20,20,Male,heatherrodriguez@yahoo.com
U00466,zacharyjohnson,17,Male,nguyenrachel@outlook.com
U00467,swright,32,Male,mroberts@hotmail.com
U00468,pjackson,33,Male,barbaraallen@outlook.com
U00469,floresnathan,22,Male,allenpamela@outlook.com
U00470,lnelson,33,Male,williamsalexander@outlook.com
U00471,andersongeorge,23,Male,swhite@outlook.com
U00472,lees,16,Male,moorecarol@hotmail.com
U00473,deborahwhite,35,Female,staylor@yahoo.com
U00474,amywalker,26,Female,rodriguezbarbara@yahoo.com
U00475,mooresamuel,31,Male,hernandezgeorge@gmail.com
U00476,jdavis,25,Female,pwilson@yahoo.com
U00477,rodriguezr,22,Male,rodriguezkenneth@gmail.com
U00478,slopez,20,Male,kimberlytorres@gmail.com
U00479,jhill,21,Male,andersonkevin@yahoo.com
U00480,jbaker,20,Female,knguyen@yahoo.com
U00481,johnsons,19,Female,allendiane@outlook.com
U00482,jacobflores,20,Male,julie64@gmail.com
U00483,kellyhill,19,Female,jroberts@outlook.com
U00484,kingrachel,16,Female,christinewalker@outlook.com
U00485,taylorthomas,28,Male,victoriagarcia@outlook.com
U00486,mitchella,15,Male,sdavis@gmail.com
U00487,whiteedward,25,Male,nathanadams@hotmail.com
U00488,mflores,33,Female,wilsonpamela@outlook.com
U00489,brenda42,32,Female,thompsonmargaret@outlook.com
U00490,jeffreyhall,22,Male,jason51@hotmail.com
U00491,smithbenjamin,27,Male,mary55@gmail.com
U00492,melissagarcia,22,Female,angela51@hotmail.com
U00493,lewisgary,35,Male,nelsonmaria@hotmail.com
U00494,kingnicholas,34,Male,donnahernandez@gmail.com
U00495,james21,35,Male,hsanchez@outlook.com
U00496,jamesmitchell,31,Male,lisajackson@hotmail.com
U00497,ngonzalez,22,Female,msmith@yahoo.com
U00498,william47,32,Male,mallen@hotmail.com
U00499,kathleen41,33,Female,helen87@outlook.com
U00500,joneskimberly,18,Female,rhall@hotmail.com
U00501,anna99,31,Female,garyjackson@outlook.com
U00502,harold70,32,Male,wilsonalexander@hotmail.com
U00503,gonzalezjack,30,Male,taylorruth@yahoo.com
U00504,brianmartinez,34,Male,kelly86@outlook.com
U00505,gflores,30,Male,torresjoyce@outlook.com
U00506,cartersandra,27,Female,richard54@outlook.com
U00507,vbaker,27,Female,donaldhall@outlook.com
U00508,wilsong,15,Male,leematthew@hotmail.com
U00509,emily88,22,Female,lopezpatrick@outlook.com
U00510,msanchez,26,Female,george16@yahoo.com
U00511,ramirezbrenda,22,Female,paul19@outlook.com
U00512,rodriguezg,28,Male,sarahcampbell@outlook.com
U00513,jtorres,32,Female,hallmatthew@gmail.com
U00514,ogreen,30,Female,brendaperez@hotmail.com
U00515,patricia25,26,Female,bakerruth@yahoo.com
U00516,dbaker,26,Female,hmitchell@gmail.com
U00517,samantha31,29,Female,adam78@outlook.com
U00518,kevin50,20,Male,mjackson@hotmail.com
U00519,whiteh,29,Female,zachary21@yahoo.com
U00520,raymondtaylor,22,Male,edward50@gmail.com
U00521,sbrown,30,Male,jessicacarter@gmail.com
U00522,harrissamuel,17,Male,mitchellgary@outlook.com
U00523,adamhernandez,31,Male,dthompson@outlook.com
U00524,rodriguezl,32,Female,bnguyen@outlook.com
U00525,kathleenwright,26,Female,petermartin@outlook.com
U00526,smithjames,24,Male,fjackson@gmail.com
U00527,mary65,24,Female,andersonkimberly@hotmail.com
U00528,sanchezsharon,32,Female,amitchell@outlook.com
U00529,ramirezdavid,23,Male,susancarter@hotmail.com
U00530,jonesbetty,28,Female,jdavis@outlook.com
U00531,amygonzalez,34,Female,brownjoshua@gmail.com
U00532,andrewrodriguez,24,Male,rgarcia@gmail.com
U00533,edward73,25,Male,harold04@hotmail.com
U00534,andrewroberts,16,Male,karenwalker@yahoo.com
U00535,jroberts,15,Female,lewisnicole@gmail.com
U00536,snelson,18,Female,bakerjerry@hotmail.com
U00537,edavis,32,Male,carol25@hotmail.com
U00538,donald65,18,Male,jhernandez@gmail.com
U00539,rnguyen,15,Male,laura19@hotmail.com
U00540,garciag,20,Male,gregory80@gmail.com
U00541,karenhall,35,Female,stevenyoung@hotmail.com
U00542,patricia58,21,Female,arodriguez@gmail.com
U00543,dwright,32,Female,timothytorres@hotmail.com
U00544,hillvirginia,23,Female,thomasking@outlook.com
U00545,robinsonm,32,Female,denniscampbell@gmail.com
U00546,jonesp,25,Male,harrisrachel@outlook.com
U00547,rebeccaadams,25,Female,matthew84@gmail.com
U00548,henrywilliams,20,Male,jgonzalez@gmail.com
U00549,helen85,31,Female,richard28@gmail.com
U00550,garygarcia,35,Male,patrickscott@outlook.com
U00551,andrewking,34,Male,janet09@yahoo.com
U00552,harrisjonathan,22,Male,jnelson@yahoo.com
U00553,lthompson,35,Male,nelsoncynthia@gmail.com
U00554,allenronald,32,Male,sarahhill@hotmail.com
U00555,rcarter,26,Female,campbellcarolyn@yahoo.com
U00556,christina42,32,Female,zachary50@gmail.com
U00557,patricia27,34,Female,jamesmartin@yahoo.com
U00558,scottd,23,Male,margaret19@gmail.com
U00559,karen43,26,Female,olivianguyen@yahoo.com
U00560,sanchezpamela,17,Female,sjones@hotmail.com
U00561,hallj,30,Male,rachel76@hotmail.com
U00562,heather52,17,Female,ramirezjulie@gmail.com
U00563,jerrygreen,35,Male,kingbrandon@hotmail.com
U00564,rachelanderson,31,Female,rebecca50@outlook.com
U00565,sanchezpaul,28,Male,ggarcia@gmail.com
U00566,allenstephanie,17,Female,erodriguez@yahoo.com
U00567,gonzalezp,35,Female,anna31@yahoo.com
U00568,dorothybaker,28,Female,marknelson@outlook.com
U00569,dorothythompson,21,Female,nmartin@hotmail.com
U00570,robert35,29,Male,joshua93@gmail.com
U00571,brandonmartinez,22,Male,ghall@hotmail.com
U00572,wilsoncarol,15,Female,ewright@hotmail.com
U00573,nguyent,15,Male,davidtaylor@gmail.com
U00574,andrewbrown,34,Male,thomasharris@hotmail.com
U00575,adamspaul,15,Male,dennisallen@gmail.com
U00576,garciaanna,34,Female,barbara71@gmail.com
U00577,jperez,31,Male,brendahernandez@hotmail.com
U00578,michelle74,35,Female,dbrown@hotmail.com
U00579,andrew29,32,Male,joyce84@yahoo.com
U00580,floresdebra,31,Female,athomas@yahoo.com
U00581,lewiscarol,34,Female,adamsedward@yahoo.com
U00582,rodriguezlauren,31,Female,melissa20@hotmail.com
U00583,kenneth13,20,Male,jclark@hotmail.com
U00584,gonzalezheather,19,Female,johnsongeorge@hotmail.com
U00585,gregoryjohnson,22,Male,lroberts@yahoo.com
U00586,jharris,20,Female,andrew24@yahoo.com
U00587,moorechristina,15,Female,brenda25@yahoo.com
U00588,henry72,29,Male,drobinson@outlook.com
U00589,jharris,34,Male,donna73@gmail.com
U00590,williamsj,29,Female,ssanchez@gmail.com
U00591,paul60,21,Male,hjackson@yahoo.com
U00592,brownl,34,Female,virginia59@outlook.com
U00593,nguyenj,20,Male,asanchez@hotmail.com
U00594,rnguyen,20,Male,daniel41@yahoo.com
U00595,alexander91,18,Male,kingcharles@outlook.com
U00596,deborah31,32,Female,nelsonbetty@yahoo.com
U00597,emartin,16,Male,greenlarry@gmail.com
U00598,brandoncarter,15,Male,dyoung@gmail.com
U00599,jnelson,21,Male,lewisjose@gmail.com
U00600,samanthascott,34,Female,george07@hotmail.com
U00601,raymond87,16,Male,rgarcia@gmail.com
U00602,jacksong,20,Male,margaretscott@outlook.com
U00603,jerry51,17,Male,joyce08@outlook.com
U00604,sarah98,30,Female,kingraymond@yahoo.com
U00605,campbelll,18,Male,dwalker@hotmail.com
U00606,shirley89,23,Female,lrodriguez@outlook.com
U00607,victoria39,20,Female,tsmith@gmail.com
U00608,aflores,21,Male,david44@yahoo.com
U00609,steven49,24,Male,barbara41@gmail.com
U00610,campbells,25,Female,michaellopez@hotmail.com
U00611,williamsruth,30,Female,patriciamartinez@outlook.com
U00612,mitchellc,28,Female,scott92@hotmail.com
U00613,gregoryperez,33,Male,jmoore@hotmail.com
U00614,harriss,33,Male,mark39@hotmail.com
U00615,elizabeth40,28,Female,martinzachary@hotmail.com
U00616,tylerwilliams,26,Male,allenpeter@outlook.com
U00617,harold77,25,Male,leehelen@gmail.com
U00618,ryanharris,16,Male,jamesmartin@gmail.com
U00619,susan94,16,Female,torresrobert@hotmail.com
U00620,jacksonb,21,Female,benjaminroberts@gmail.com
U00621,davisa,20,Male,nancyallen@yahoo.com
U00622,riverak,23,Female,garyhernandez@hotmail.com
U00623,sarahjohnson,16,Female,aharris@gmail.com
U00624,chill,20,Female,thompsondonna@hotmail.com
U00625,lrodriguez,29,Male,mrobinson@outlook.com
U00626,christopher43,22,Male,tylerlopez@hotmail.com
U00627,patriciajones,30,Female,frankwalker@yahoo.com
U00628,pamelarodriguez,34,Female,aaron13@hotmail.com
U00629,csanchez,32,Female,jflores@yahoo.com
U00630,wilsonc,17,Female,ramirezhenry@hotmail.com
U00631,jrivera,17,Male,marknguyen@outlook.com
U00632,danielmartin,29,Male,kimberlymiller@outlook.com
U00633,brownchristine,35,Female,rodriguezrachel@gmail.com
U00634,jacksonj,29,Male,margaretlewis@yahoo.com
U00635,dbaker,33,Female,athompson@gmail.com
U00636,michaelwhite,24,Male,james71@hotmail.com
U00637,ramireza,15,Female,tgreen@outlook.com
U00638,wilsonanna,28,Female,maryrodriguez@outlook.com
U00639,nelsondonna,19,Female,jonesjohn@gmail.com
U00640,sgarcia,28,Female,robinsondiane@outlook.com
U00641,sscott,31,Female,alexander23@outlook.com
U00642,callen,22,Female,lauren73@hotmail.com
U00643,jacobrivera,33,Male,walkersandra@gmail.com
U00644,garcias,29,Female,danielthomas@gmail.com
U00645,jroberts,25,Male,dallen@hotmail.com
U00646,hernandezd,24,Female,brenda93@hotmail.com
U00647,lisa16,33,Female,debramitchell@gmail.com
U00648,sarah19,17,Female,nicholasrodriguez@hotmail.com
U00649,daviscatherine,15,Female,vnguyen@yahoo.com
U00650,khall,20,Female,george04@hotmail.com
U00651,hmartinez,34,Male,harrisnicole@outlook.com
U00652,patrick16,33,Male,pdavis@yahoo.com
U00653,walkermichelle,30,Female,dbaker@outlook.com
U00654,shirley11,19,Female,lauren48@hotmail.com
U00655,thompsonb,32,Male,kellyadams@hotmail.com
U00656,kadams,18,Female,robertsharold@yahoo.com
U00657,dorothyscott,20,Female,janet01@outlook.com
U00658,brian46,29,Male,timothy03@gmail.com
U00659,benjamindavis,34,Male,hillheather@outlook.com
U00660,stevenjackson,20,Male,carolrobinson@outlook.com
U00661,heatherjones,20,Female,dennisharris@gmail.com
U00662,joneslaura,20,Female,donna22@outlook.com
U00663,ramirezj,32,Male,amanda56@hotmail.com
U00664,wtorres,17,Male,robert19@gmail.com
U00665,khall,23,Female,msmith@outlook.com
U00666,campbellj,27,Female,jeffrey49@outlook.com
U00667,debramartin,25,Female,dorothyadams@hotmail.com
U00668,robertsdennis,29,Male,scottbrian@outlook.com
U00669,kelly90,27,Female,garciajennifer@outlook.com
U00670,johnsonmatthew,16,Male,jharris@hotmail.com
U00671,jennifer17,15,Female,samantha05@outlook.com
U00672,kingr,35,Male,joshua74@yahoo.com
U00673,gadams,19,Male,floresvictoria@yahoo.com
U00674,benjaminbrown,20,Male,douglas21@gmail.com
U00675,scottflores,30,Male,cgonzalez@hotmail.com
U00676,torresdebra,18,Female,wilsonsamuel@gmail.com
U00677,jmoore,17,Female,khall@yahoo.com
U00678,rodriguezr,33,Male,droberts@gmail.com
U00679,lopezj,15,Male,jacksonolivia@outlook.com
U00680,bmoore,19,Male,thomasjose@gmail.com
U00681,elizabeth48,34,Female,smithadam@yahoo.com
U00682,floresr,31,Male,barbaraanderson@yahoo.com
U00683,jmartinez,21,Male,linda20@gmail.com
U00684,margaret42,24,Female,donna58@gmail.com
U00685,dhernandez,32,Male,edavis@yahoo.com
U00686,betty96,28,Female,robertsryan@hotmail.com
U00687,jclark,22,Male,janderson@outlook.com
U00688,cwilson,28,Male,bharris@yahoo.com
U00689,brian35,35,Male,stevenwilliams@gmail.com
U00690,nrobinson,18,Male,kevincarter@yahoo.com
U00691,hernandezb,35,Male,handerson@outlook.com
U00692,jacobrobinson,33,Male,ramirezshirley@yahoo.com
U00693,andersonemma,28,Female,victoria00@outlook.com
U00694,patrickroberts,30,Male,nathan50@outlook.com
U00695,ashleygarcia,30,Female,campbelllaura@yahoo.com
U00696,ashleyadams,24,Female,pnelson@yahoo.com
U00697,rroberts,29,Male,george80@outlook.com
U00698,hallz,27,Male,jacksonwilliam@hotmail.com
U00699,perezp,34,Male,victoria46@gmail.com
U00700,cynthia15,26,Female,lopezpatrick@gmail.com
U00701,dwright,25,Male,carteranna@yahoo.com
U00702,kmoore,26,Female,stephenbrown@hotmail.com
U00703,aking,30,Female,kwright@hotmail.com
U00704,bettyrobinson,17,Female,tyler36@gmail.com
U00705,jhall,23,Male,joshuawilson@gmail.com
U00706,christina70,32,Female,adamlewis@gmail.com
U00707,john76,17,Male,jnguyen@hotmail.com
U00708,michelle26,29,Female,kevintaylor@outlook.com
U00709,kthompson,16,Female,floreskevin@hotmail.com
U00710,charlesthomas,19,Male,benjamintorres@outlook.com
U00711,margaret14,20,Female,martinezfrank@outlook.com
U00712,ljohnson,18,Female,martineznicole@hotmail.com
U00713,nicholas92,32,Male,mjackson@yahoo.com
U00714,walkerjanet,18,Female,rebecca14@hotmail.com
U00715,olivia67,34,Female,leedaniel@yahoo.com
U00716,pgarcia,21,Female,nelsonrebecca@outlook.com
U00717,nicolehill,25,Female,nelsonvictoria@outlook.com
U00718,deborah11,26,Female,frank39@outlook.com
U00719,jack66,29,Male,campbellkenneth@outlook.com
U00720,martina,19,Male,raymond75@outlook.com
U00721,moorebenjamin,28,Male,robinsonnancy@yahoo.com
U00722,paulscott,27,Male,cmartin@hotmail.com
U00723,patricia29,22,Female,scott81@outlook.com
U00724,youngnancy,28,Female,mdavis@hotmail.com
U00725,jwhite,34,Male,betty33@outlook.com
U00726,janet12,31,Female,kennethnguyen@yahoo.com
U00727,amanda16,19,Female,patrick81@hotmail.com
U00728,greens,24,Female,timothy80@yahoo.com
U00729,kenneth97,32,Male,jonathan89@hotmail.com
U00730,mary76,19,Female,jackroberts@outlook.com
U00731,martinezanthony,18,Male,jgonzalez@gmail.com
U00732,jrodriguez,17,Female,martinfrank@hotmail.com
U00733,cartershirley,34,Female,martinkathleen@gmail.com
U00734,andersonfrank,19,Male,edward10@outlook.com
U00735,jerrywalker,15,Male,rmiller@gmail.com
U00736,robertjones,23,Male,millerpamela@yahoo.com
U00737,john28,26,Male,thompsonsandra@yahoo.com
U00738,nguyenj,18,Male,riverajason@hotmail.com
U00739,hwilson,18,Male,phall@yahoo.com
U00740,athompson,20,Male,jason29@outlook.com
U00741,daviscynthia,18,Female,linda46@hotmail.com
U00742,gary59,25,Male,dhill@hotmail.com
U00743,jacksonedward,32,Male,jonesheather@hotmail.com
U00744,gmiller,30,Male,susan86@gmail.com
U00745,ronaldhall,27,Male,hernandezanna@hotmail.com
U00746,sancheznicole,21,Female,catherineramirez@outlook.com
U00747,thompsons,35,Female,youngaaron@hotmail.com
U00748,jtaylor,18,Female,ryan17@gmail.com
U00749,bakergary,17,Male,hilldennis@hotmail.com
U00750,millerh,34,Female,nicoleyoung@yahoo.com
U00751,angela79,30,Female,debra69@gmail.com
U00752,dlewis,18,Female,robinsonpeter@gmail.com
U00753,amy27,20,Female,aharris@gmail.com
U00754,brendahernandez,30,Female,tylertaylor@outlook.com
U00755,lindajohnson,25,Female,stevenwhite@gmail.com
U00756,sthompson,18,Female,brownfrank@yahoo.com
U00757,joshuanguyen,35,Male,martinruth@hotmail.com
U00758,kwilliams,32,Male,betty53@hotmail.com
U00759,leep,33,Female,jlee@gmail.com
U00760,kevin74,21,Male,kflores@hotmail.com
U00761,jonesbenjamin,30,Male,ltaylor@hotmail.com
U00762,jackgarcia,34,Male,aperez@gmail.com
U00763,amanda93,21,Female,martinbarbara@hotmail.com
U00764,kflores,27,Female,stephanie70@yahoo.com
U00765,gwilson,33,Male,jonathan68@outlook.com
U00766,martinezryan,26,Male,bbaker@hotmail.com
U00767,jonesvirginia,25,Female,clarkmaria@hotmail.com
U00768,ashleysanchez,34,Female,joshuagonzalez@yahoo.com
U00769,brendaramirez,30,Female,ronald34@yahoo.com
U00770,christinescott,23,Female,angela02@gmail.com
U00771,michelle62,34,Female,nelsonstephanie@outlook.com
U00772,larrymitchell,18,Male,snelson@hotmail.com
U00773,scott50,22,Male,nguyenjanet@outlook.com
U00774,millerkaren,21,Female,stephen52@hotmail.com
U00775,melissa24,32,Female,karenramirez@yahoo.com
U00776,jacob57,26,Male,robert77@gmail.com
U00777,stephen49,23,Male,vbaker@yahoo.com
U00778,lauren42,15,Female,carterdaniel@hotmail.com
U00779,blee,29,Male,kwilliams@gmail.com
U00780,christinaperez,28,Female,carolyn89@hotmail.com
U00781,nicole80,28,Female,halldouglas@gmail.com
U00782,smithsarah,35,Female,dorothy40@gmail.com
U00783,riveraeric,22,Male,mariahill@outlook.com
U00784,virginia27,30,Female,brianbaker@hotmail.com
U00785,ewhite,17,Male,julie73@yahoo.com
U00786,floressamuel,32,Male,victoriagarcia@yahoo.com
U00787,floresr,16,Male,martinezeric@hotmail.com
U00788,aking,15,Male,bakercarolyn@gmail.com
U00789,hmoore,21,Male,rodriguezdennis@yahoo.com
U00790,lopezrebecca,21,Female,mjackson@yahoo.com
U00791,jbaker,26,Male,charlessmith@yahoo.com
U00792,harrisc,21,Female,nicholas12@gmail.com
U00793,thompsonk,22,Female,kathleenmitchell@gmail.com
U00794,nelsonstephanie,24,Female,joycescott@yahoo.com
U00795,perezgary,31,Male,leedaniel@outlook.com
U00796,dwilliams,18,Female,rmoore@hotmail.com
U00797,carterh,23,Female,bramirez@hotmail.com
U00798,nnelson,32,Male,gonzalezrichard@gmail.com
U00799,jtaylor,16,Male,hdavis@gmail.com
U00800,amyrobinson,32,Female,mariacampbell@gmail.com
U00801,jacksonhenry,21,Male,brenda34@yahoo.com
U00802,djones,28,Male,rebeccamiller@gmail.com
U00803,george23,27,Male,jjohnson@outlook.com
U00804,emilyhill,35,Female,raymondwilliams@outlook.com
U00805,henry92,21,Male,sbrown@gmail.com
U00806,slopez,27,Male,djohnson@yahoo.com
U00807,carterkatherine,24,Female,donaldmartin@outlook.com
U00808,millerr,26,Male,ryoung@outlook.com
U00809,nramirez,33,Female,dwhite@yahoo.com
U00810,jallen,17,Female,randerson@yahoo.com
U00811,rramirez,24,Male,martinezscott@hotmail.com
U00812,pamelabrown,24,Female,kwilliams@gmail.com
U00813,cynthia82,18,Female,alexander74@gmail.com
U00814,daniellopez,29,Male,charlesclark@hotmail.com
U00815,taylorhelen,29,Female,jason10@hotmail.com
U00816,patriciasmith,32,Female,jhernandez@outlook.com
U00817,youngj,34,Female,rachelflores@outlook.com
U00818,thomassmith,19,Male,rachel89@yahoo.com
U00819,martinezsamuel,30,Male,henry68@yahoo.com
U00820,karenwalker,29,Female,mhernandez@outlook.com
U00821,lewisvirginia,15,Female,ronald72@outlook.com
U00822,sgreen,15,Female,maria94@hotmail.com
U00823,allena,27,Female,christina62@yahoo.com
U00824,larrylee,28,Male,jonathan53@outlook.com
U00825,kthompson,34,Female,rhernandez@yahoo.com
U00826,allens,29,Female,bakervictoria@outlook.com
U00827,rebecca93,27,Female,katherinewalker@yahoo.com
U00828,lopezthomas,30,Male,eyoung@outlook.com
U00829,margaretscott,22,Female,tayloralexander@yahoo.com
U00830,ramirezk,17,Male,rdavis@yahoo.com
U00831,thompsond,25,Female,jonathan88@gmail.com
U00832,oliviacarter,29,Female,samantha78@gmail.com
U00833,benjamin36,20,Male,kcampbell@outlook.com
U00834,whitesamuel,19,Male,donald56@outlook.com
U00835,jacksonkevin,30,Male,charlesmoore@outlook.com
U00836,dcarter,19,Male,sanderson@outlook.com
U00837,joyce97,29,Female,michael18@gmail.com
U00838,ksanchez,25,Male,sanchezjoseph@gmail.com
U00839,alexander76,35,Male,adamsanchez@hotmail.com
U00840,moorej,15,Female,kmartinez@outlook.com
U00841,bflores,32,Male,thompsoncynthia@outlook.com
U00842,jwright,17,Female,angelacampbell@yahoo.com
U00843,scottn,17,Male,gregory81@yahoo.com
U00844,justin40,32,Male,angela64@gmail.com
U00845,samanthaallen,23,Female,rcarter@gmail.com
U00846,catherine68,33,Female,jacobmitchell@yahoo.com
U00847,riverachristine,24,Female,amy66@yahoo.com
U00848,egonzalez,31,Female,mmartinez@outlook.com
U00849,mramirez,17,Male,jlewis@hotmail.com
U00850,eyoung,23,Female,hallpeter@outlook.com
U00851,youngthomas,31,Male,allenkathleen@gmail.com
U00852,mitchellj,30,Female,jack77@outlook.com
U00853,jacksonl,26,Male,joshuadavis@hotmail.com
U00854,johnsonamy,24,Female,samanthanguyen@gmail.com
U00855,nancymitchell,21,Female,donald44@gmail.com
U00856,pmartin,30,Female,perezvirginia@outlook.com
U00857,brobinson,31,Male,jcampbell@gmail.com
U00858,sanchezk,22,Female,david56@hotmail.com
U00859,greenl,15,Male,davisamanda@gmail.com
U00860,gonzaleze,33,Male,joyce15@yahoo.com
U00861,arivera,21,Female,cwright@hotmail.com
U00862,hjohnson,30,Male,gclark@hotmail.com
U00863,millerjessica,17,Female,larry23@hotmail.com
U00864,edwardbaker,24,Male,donna23@gmail.com
U00865,slee,27,Female,joyce33@outlook.com
U00866,carterd,21,Male,jacob65@outlook.com
U00867,drobinson,16,Female,walkerthomas@outlook.com
U00868,stephennguyen,23,Male,garycarter@yahoo.com
U00869,greenelizabeth,29,Female,martinezsamantha@yahoo.com
U00870,lwilliams,32,Female,janet37@yahoo.com
U00871,ahill,30,Male,frank27@hotmail.com
U00872,larryjones,32,Male,tylerhall@yahoo.com
U00873,helen50,21,Female,caroltaylor@outlook.com
U00874,wilsonk,25,Male,raymond88@yahoo.com
U00875,smithkelly,15,Female,jscott@outlook.com
U00876,samueljones,35,Male,joycenelson@gmail.com
U00877,amandaharris,34,Female,drobinson@yahoo.com
U00878,jack45,22,Male,garciatimothy@hotmail.com
U00879,gwilliams,30,Male,virginia90@yahoo.com
U00880,davisr,35,Male,youngbarbara@yahoo.com
U00881,mitchellthomas,33,Male,torreseric@hotmail.com
U00882,taylorb,32,Male,olivia00@outlook.com
U00883,joyceclark,28,Female,sharonking@outlook.com
U00884,moorem,22,Male,leezachary@outlook.com
U00885,torresvictoria,17,Female,ramirezlaura@yahoo.com
U00886,joshuajones,25,Male,michaelwalker@gmail.com
U00887,susan40,22,Female,janet42@yahoo.com
U00888,samanthalewis,18,Female,charlesbrown@outlook.com
U00889,michael17,19,Male,donna55@gmail.com
U00890,mjackson,32,Male,floresmatthew@outlook.com
U00891,robinsont,29,Male,mmiller@gmail.com
U00892,bettymiller,33,Female,riverakimberly@yahoo.com
U00893,rwalker,26,Female,george17@gmail.com
U00894,justin75,24,Male,nguyenbrandon@yahoo.com
U00895,nicole47,24,Female,john75@yahoo.com
U00896,jscott,31,Male,frank25@yahoo.com
U00897,cwalker,21,Female,kimberlyhall@hotmail.com
U00898,lisamiller,25,Female,andersonlinda@yahoo.com
U00899,margaret71,34,Female,dmitchell@yahoo.com
U00900,george19,15,Male,michaelscott@yahoo.com
U00901,samanthanguyen,21,Female,gonzalezmichael@hotmail.com
U00902,lopezp,23,Male,lopezgary@gmail.com
U00903,pbaker,18,Female,melissadavis@yahoo.com
U00904,whitemelissa,22,Female,jessica55@gmail.com
U00905,gonzalezt,19,Male,dhall@hotmail.com
U00906,floresdennis,16,Male,heatherwright@yahoo.com
U00907,mooreb,16,Male,syoung@gmail.com
U00908,harrisn,20,Male,youngjack@outlook.com
U00909,shall,26,Female,mary74@outlook.com
U00910,gonzalezzachary,22,Male,twilson@outlook.com
U00911,scottsteven,26,Male,pamelagarcia@outlook.com
U00912,robinsonr,33,Male,gramirez@outlook.com
U00913,ruth50,26,Female,johnsondennis@outlook.com
U00914,barbara20,35,Female,catherineallen@gmail.com
U00915,josephjones,18,Male,karengonzalez@yahoo.com
U00916,catherine97,24,Female,timothyrivera@yahoo.com
U00917,pthompson,24,Male,cnguyen@gmail.com
U00918,manderson,27,Male,rking@outlook.com
U00919,dgonzalez,17,Female,edwardlewis@gmail.com
U00920,henryrodriguez,33,Male,nelsonlinda@hotmail.com
U00921,carterd,28,Female,scott75@gmail.com
U00922,torresk,19,Male,vhill@outlook.com
U00923,wrightwilliam,27,Male,marymiller@outlook.com
U00924,bakerrichard,20,Male,william77@outlook.com
U00925,harriswilliam,21,Male,rjackson@gmail.com
U00926,eric31,26,Male,diane50@yahoo.com
U00927,ewalker,32,Male,virginiawilson@yahoo.com
U00928,lisa83,30,Female,ashleygonzalez@outlook.com
U00929,clewis,15,Male,ethomas@hotmail.com
U00930,pamela21,29,Female,arobinson@hotmail.com
U00931,dlopez,28,Male,douglas84@yahoo.com
U00932,hernandeza,16,Female,jnelson@yahoo.com
U00933,jessicawhite,32,Female,broberts@hotmail.com
U00934,kimberlywilson,20,Female,hjohnson@outlook.com
U00935,joycegonzalez,27,Female,johntaylor@yahoo.com
U00936,jonesc,30,Female,thomasdeborah@outlook.com
U00937,oliviahernandez,23,Female,emily22@hotmail.com
U00938,barbara11,20,Female,lewisjoshua@yahoo.com
U00939,anthonylewis,32,Male,cgreen@gmail.com
U00940,lindahill,29,Female,harrisnicole@yahoo.com
U00941,bgarcia,22,Female,michael43@yahoo.com
U00942,nelsonaaron,18,Male,davidclark@gmail.com
U00943,gonzalezsamantha,32,Female,christina50@outlook.com
U00944,thompsonrichard,21,Male,john83@hotmail.com
U00945,cynthia18,21,Female,melissa47@gmail.com
U00946,jroberts,28,Male,anthonyrivera@yahoo.com
U00947,kgreen,34,Male,rebeccaroberts@yahoo.com
U00948,dhall,35,Male,tperez@outlook.com
U00949,riverajustin,31,Male,robertflores@gmail.com
U00950,dennisthomas,28,Male,josephrodriguez@outlook.com
U00951,timothywilson,19,Male,jacobcampbell@outlook.com
U00952,adamsk,23,Male,katherine82@hotmail.com
U00953,thomask,25,Male,rnelson@yahoo.com
U00954,lauragreen,20,Female,ruth08@yahoo.com
U00955,garciat,21,Male,lwilson@gmail.com
U00956,campbelllisa,24,Female,nathanlopez@yahoo.com
U00957,laura35,33,Female,dwalker@hotmail.com
U00958,lewisk,20,Female,dmitchell@yahoo.com
U00959,garciaj,27,Male,sarahmartinez@yahoo.com
U00960,mrobinson,29,Female,nancyhill@gmail.com
U00961,matthewmartinez,30,Male,jallen@hotmail.com
U00962,smitchell,28,Female,jmartin@gmail.com
U00963,torrestimothy,18,Male,eramirez@hotmail.com
U00964,harriskatherine,16,Female,gary04@hotmail.com
U00965,robinsonscott,23,Male,nicholas77@yahoo.com
U00966,srivera,17,Male,knguyen@yahoo.com
U00967,halls,28,Male,snelson@hotmail.com
U00968,torresbenjamin,18,Male,jonathanmitchell@outlook.com
U00969,joseyoung,20,Male,troberts@outlook.com
U00970,lopezlisa,28,Female,rodriguezkathleen@outlook.com
U00971,wilsonlarry,29,Male,josephmitchell@yahoo.com
U00972,floressamantha,29,Female,charles10@outlook.com
U00973,johnsoncarol,17,Female,patricia86@gmail.com
U00974,smithd,23,Male,katherine12@yahoo.com
U00975,scarter,34,Female,marycarter@outlook.com
U00976,dthomas,25,Female,dennisflores@hotmail.com
U00977,hallryan,15,Male,hillmichael@hotmail.com
U00978,hbaker,29,Female,elizabeth84@yahoo.com
U00979,samantha15,15,Female,rlewis@outlook.com
U00980,jasonwalker,26,Male,harrisshirley@yahoo.com
U00981,garciag,19,Male,ruth21@outlook.com
U00982,thomasashley,32,Female,pamela89@gmail.com
U00983,lisa59,15,Female,jeffrey32@outlook.com
U00984,benjamincampbell,32,Male,katherine42@yahoo.com
U00985,riveral,27,Female,heatherramirez@yahoo.com
U00986,david21,24,Male,annanguyen@gmail.com
U00987,timothy10,25,Male,jnguyen@yahoo.com
U00988,whiteheather,25,Female,susan77@yahoo.com
U00989,robinsonanna,15,Female,rjackson@outlook.com
U00990,paulmartinez,34,Male,kimberlylee@gmail.com
U00991,olivia73,35,Female,harriskathleen@hotmail.com
U00992,mitchellfrank,22,Male,heatheryoung@outlook.com
U00993,ssanchez,15,Male,rwalker@outlook.com
U00994,jacksonpatrick,31,Male,scottcynthia@gmail.com
U00995,vbrown,33,Female,mhernandez@yahoo.com
U00996,martinezkelly,24,Female,christinemitchell@gmail.com
U00997,ramireztimothy,19,Male,lbrown@hotmail.com
U00998,joseph93,16,Male,ramirezashley@outlook.com
U00999,donald72,18,Male,laura22@outlook.com
U01000,dmoore,35,Female,jack15@gmail.com
U01001,nelsonsamuel,30,Male,robertnguyen@outlook.com
U01002,dharris,33,Male,scotttorres@gmail.com
U01003,danielsanchez,32,Male,tyler68@outlook.com
U01004,davisr,21,Male,lauralopez@outlook.com
U01005,torresthomas,16,Male,daniel32@gmail.com
U01006,whitejoshua,31,Male,nathannelson@yahoo.com
U01007,jacksonz,31,Male,peterrodriguez@outlook.com
U01008,annaallen,34,Female,williamsdeborah@gmail.com
U01009,wilsonn,24,Male,lisawilson@hotmail.com
U01010,jason80,34,Male,eharris@yahoo.com
U01011,bakerkimberly,17,Female,wilsonsarah@hotmail.com
U01012,adamsc,33,Female,kclark@hotmail.com
U01013,nicole19,15,Female,donald14@outlook.com
U01014,elizabeth52,35,Female,paul35@gmail.com
U01015,millerdeborah,22,Female,jessica39@outlook.com
U01016,virginia80,33,Female,emilymiller@yahoo.com
U01017,mitchella,20,Female,hilllisa@outlook.com
U01018,allendebra,15,Female,paul72@hotmail.com
U01019,dhill,22,Female,georgelewis@outlook.com
U01020,shirley39,28,Female,carolgarcia@outlook.com
U01021,davidjones,35,Male,kevintorres@gmail.com
U01022,bakersharon,15,Female,pyoung@gmail.com
U01023,mmitchell,34,Male,wrightcynthia@hotmail.com
U01024,hernandezj,34,Male,virginiaanderson@gmail.com
U01025,bbrown,31,Male,dennishernandez@gmail.com
U01026,nathan25,32,Male,walkerscott@hotmail.com
U01027,larry37,35,Male,ladams@gmail.com
U01028,asmith,16,Female,raymond45@gmail.com
U01029,stephaniethompson,20,Female,younghenry@gmail.com
U01030,younglauren,18,Female,nnelson@yahoo.com
U01031,whitemichelle,26,Female,smoore@outlook.com
U01032,brianmitchell,19,Male,riveraalexander@gmail.com
U01033,sarah63,16,Female,vwilliams@yahoo.com
U01034,ryoung,18,Female,christinebaker@yahoo.com
U01035,mitchelljanet,31,Female,millermark@yahoo.com
U01036,robertsmary,31,Female,richard43@outlook.com
U01037,donnajackson,30,Female,ramirezemma@yahoo.com
U01038,davisjerry,23,Male,stephanie25@outlook.com
U01039,nguyennathan,21,Male,ryan16@outlook.com
U01040,christinamartinez,21,Female,dgonzalez@gmail.com
U01041,hallmichelle,31,Female,jeffrey54@outlook.com
U01042,linda24,35,Female,moorepatrick@outlook.com
U01043,nancywilliams,16,Female,deborahmitchell@yahoo.com
U01044,lhill,23,Female,georgetaylor@hotmail.com
U01045,nelsons,18,Female,nicolerodriguez@hotmail.com
U01046,moorek,22,Female,jerry13@yahoo.com
U01047,adamsdouglas,33,Male,kathleenlewis@gmail.com
U01048,gonzalezmaria,30,Female,davidrodriguez@outlook.com
U01049,lgreen,26,Female,walkerthomas@gmail.com
U01050,donnawilliams,19,Female,khall@outlook.com
U01051,jcarter,20,Male,nancyroberts@outlook.com
U01052,hernandezjames,20,Male,ashleyhall@outlook.com
U01053,riverad,22,Female,hernandezdonald@gmail.com
U01054,martinezsamantha,16,Female,brownjonathan@yahoo.com
U01055,thompsons,15,Male,leejack@hotmail.com
U01056,donnalee,34,Female,thompsoncarolyn@hotmail.com
U01057,annanelson,15,Female,angelamitchell@outlook.com
U01058,leemark,29,Male,greensandra@outlook.com
U01059,janet65,22,Female,walkerpaul@outlook.com
U01060,lopezj,20,Female,jennifer23@hotmail.com
U01061,lopezv,20,Female,tjones@gmail.com
U01062,douglasadams,29,Male,angela17@gmail.com
U01063,patriciadavis,27,Female,steventhomas@gmail.com
U01064,scottsmith,35,Male,mitchellkaren@gmail.com
U01065,torresdennis,30,Male,perezbrandon@yahoo.com
U01066,mooref,32,Male,donaldjohnson@gmail.com
U01067,peterclark,31,Male,vanderson@yahoo.com
U01068,adamsamanda,19,Female,kbaker@gmail.com
U01069,mark46,18,Male,christopherflores@gmail.com
U01070,smartinez,16,Male,jperez@yahoo.com
U01071,brandonjackson,24,Male,jonathanyoung@hotmail.com
U01072,martinezhenry,15,Male,bmartinez@outlook.com
U01073,ramirezlarry,18,Male,dlee@yahoo.com
U01074,aramirez,25,Female,greenemily@yahoo.com
U01075,youngb,28,Female,lwright@yahoo.com
U01076,clarka,33,Male,helen95@yahoo.com
U01077,james12,26,Male,nancy17@gmail.com
U01078,joyce27,26,Female,martinezdouglas@outlook.com
U01079,michaelmitchell,22,Male,cynthia18@outlook.com
U01080,halll,26,Female,christopher76@yahoo.com
U01081,christophergarcia,26,Male,torresjohn@yahoo.com
U01082,catherine99,19,Female,mclark@hotmail.com
U01083,josephmartinez,24,Male,emily22@yahoo.com
U01084,debra80,28,Female,torreskelly@hotmail.com
U01085,egarcia,20,Female,steven27@outlook.com
U01086,mitchelld,27,Male,cjones@outlook.com
U01087,sanchezkatherine,35,Female,whiterichard@outlook.com
U01088,joness,18,Female,helenperez@yahoo.com
U01089,jonesr,32,Male,carterjohn@yahoo.com
U01090,garciaa,22,Male,david61@gmail.com
U01091,michelle55,17,Female,tallen@hotmail.com
U01092,rachel22,19,Female,mitchelljose@gmail.com
U01093,harrist,33,Male,williamsruth@yahoo.com
U01094,greenvictoria,17,Female,wilsonolivia@yahoo.com
U01095,diane53,29,Female,pflores@gmail.com
U01096,hillbrandon,21,Male,betty63@gmail.com
U01097,stephengarcia,24,Male,leedouglas@hotmail.com
U01098,larrywhite,23,Male,christopherlopez@outlook.com
U01099,lewismaria,23,Female,donaldtorres@gmail.com
U01100,floresrebecca,27,Female,peterwhite@hotmail.com
U01101,nicholaslewis,28,Male,michelle07@yahoo.com
U01102,harrisp,18,Male,ajones@outlook.com
U01103,robinsonr,26,Male,robinsonvirginia@gmail.com
U01104,jramirez,27,Male,rjones@hotmail.com
U01105,josephmoore,30,Male,martinezkaren@yahoo.com
U01106,jenniferhill,33,Female,whitechristina@outlook.com
U01107,hjohnson,21,Male,jonathan81@yahoo.com
U01108,andrew20,17,Male,riveraruth@outlook.com
U01109,obrown,20,Female,cartergregory@yahoo.com
U01110,walkerkathleen,28,Female,cynthia45@outlook.com
U01111,nelsonp,17,Male,paul85@hotmail.com
U01112,harold73,29,Male,mark52@hotmail.com
U01113,lewiss,19,Female,mwilliams@yahoo.com
U01114,wilsontimothy,34,Male,timothybaker@gmail.com
U01115,michellemartin,15,Female,cyoung@outlook.com
U01116,wrighta,26,Female,eperez@yahoo.com
U01117,scottnancy,26,Female,kramirez@hotmail.com
U01118,christinamiller,34,Female,daniel02@outlook.com
U01119,cwright,34,Female,bnguyen@hotmail.com
U01120,jrobinson,22,Male,markgonzalez@gmail.com
U01121,laurenadams,28,Female,jackanderson@hotmail.com
U01122,clarkolivia,24,Female,james04@gmail.com
U01123,adam86,26,Male,hernandezraymond@outlook.com
U01124,helenadams,21,Female,ctorres@yahoo.com
U01125,leezachary,27,Male,henry12@yahoo.com
U01126,taylorlauren,35,Female,samuel11@gmail.com
U01127,robertssamantha,15,Female,mflores@gmail.com
U01128,ryan90,19,Male,georgethomas@yahoo.com
U01129,adam58,32,Male,browndeborah@gmail.com
U01130,jmiller,35,Male,hilllauren@gmail.com
U01131,kellylopez,23,Female,linda26@outlook.com
U01132,rebeccajones,15,Female,edwardbaker@outlook.com
U01133,martinnancy,20,Female,deborah80@gmail.com
U01134,floresk,26,Female,james66@hotmail.com
U01135,wrightj,34,Male,elizabethcarter@yahoo.com
U01136,leejohn,21,Male,charlescampbell@yahoo.com
U01137,garciab,30,Female,mjackson@outlook.com
U01138,kimberly35,21,Female,millertyler@hotmail.com
U01139,lewisj,30,Male,bmoore@gmail.com
U01140,pamelathompson,21,Female,zhernandez@hotmail.com
U01141,julie77,34,Female,tylerjohnson@yahoo.com
U01142,thomasamanda,20,Female,deborahwhite@yahoo.com
U01143,kenneth11,15,Male,robinsonjason@hotmail.com
U01144,hillp,27,Male,jason71@hotmail.com
U01145,leedorothy,28,Female,richardyoung@gmail.com
U01146,lewisj,18,Female,samuel49@yahoo.com
U01147,ktorres,15,Female,larry51@gmail.com
U01148,patriciajones,35,Female,janetclark@hotmail.com
U01149,stephanie81,26,Female,lindaflores@outlook.com
U01150,joyce25,30,Female,michelle03@yahoo.com
U01151,rlee,19,Male,jeffreyhernandez@yahoo.com
U01152,stevenwilliams,16,Male,sjones@hotmail.com
U01153,crodriguez,20,Female,drodriguez@yahoo.com
U01154,kings,18,Female,patricianelson@hotmail.com
U01155,elizabethtaylor,22,Female,alexander31@yahoo.com
U01156,wilsonmichael,30,Male,harold24@outlook.com
U01157,nguyenj,21,Female,hlee@hotmail.com
U01158,richard38,31,Male,jlewis@yahoo.com
U01159,andrew31,17,Male,torresruth@gmail.com
U01160,catherinedavis,18,Female,joyce23@hotmail.com
U01161,laurathompson,31,Female,lscott@hotmail.com
U01162,allenr,19,Male,raymondbrown@hotmail.com
U01163,harrissamuel,16,Male,justingonzalez@yahoo.com
U01164,sharonmiller,31,Female,amanda14@yahoo.com
U01165,larrymoore,16,Male,smiller@yahoo.com
U01166,susan98,27,Female,lindawilson@yahoo.com
U01167,donnacampbell,34,Female,georgeallen@outlook.com
U01168,bakerkenneth,20,Male,george58@yahoo.com
U01169,carol32,28,Female,juliejones@gmail.com
U01170,myoung,33,Female,williamsmark@hotmail.com
U01171,jerry22,19,Male,cmitchell@outlook.com
U01172,kimberly72,32,Female,patrickrobinson@hotmail.com
U01173,hnelson,31,Female,mooremark@gmail.com
U01174,cmartinez,22,Female,michaelthomas@outlook.com
U01175,matthewharris,17,Male,greenstephen@outlook.com
U01176,perezv,26,Female,adam39@yahoo.com
U01177,ramirezj,34,Female,katherine36@gmail.com
U01178,bakerc,19,Female,justinflores@yahoo.com
U01179,bjackson,24,Female,david36@gmail.com
U01180,maryramirez,24,Female,richardtaylor@hotmail.com
U01181,moorealexander,17,Male,nguyenhenry@hotmail.com
U01182,hthompson,30,Male,nathansanchez@hotmail.com
U01183,pamela96,20,Female,christinenguyen@yahoo.com
U01184,stephen48,28,Male,martincharles@outlook.com
U01185,srodriguez,28,Female,llee@hotmail.com
U01186,cclark,28,Female,michael03@outlook.com
U01187,martind,34,Male,elizabeth16@hotmail.com
U01188,snelson,19,Female,debra66@outlook.com
U01189,andrew23,16,Male,kimberlymiller@outlook.com
U01190,nguyenj,18,Male,riveraanna@yahoo.com
U01191,bakersandra,19,Female,sgreen@gmail.com
U01192,smithw,18,Male,davisjulie@gmail.com
U01193,jjohnson,18,Male,tbrown@hotmail.com
U01194,julie79,20,Female,carolyn87@outlook.com
U01195,johnsonsamantha,19,Female,mitchellrachel@yahoo.com
U01196,jacobjackson,30,Male,ayoung@hotmail.com
U01197,clarkcynthia,18,Female,mjackson@gmail.com
U01198,williamsj,33,Male,pwilliams@yahoo.com
U01199,hernandezm,23,Female,hallen@hotmail.com
U01200,martinezs,20,Male,gregoryrobinson@yahoo.com
U01201,badams,27,Female,maryhill@yahoo.com
U01202,nguyenj,25,Male,michelle08@gmail.com
U01203,rnelson,22,Male,bakerchristina@hotmail.com
U01204,zlopez,18,Male,lauren07@hotmail.com
U01205,carterj,17,Male,dorothy22@hotmail.com
U01206,greens,27,Female,rgonzalez@outlook.com
U01207,bmitchell,22,Female,rachel24@gmail.com
U01208,robert10,21,Male,helenclark@gmail.com
U01209,youngeric,35,Male,margaretwalker@hotmail.com
U01210,jramirez,17,Male,jonesruth@gmail.com
U01211,jessicayoung,18,Female,wrightkimberly@gmail.com
U01212,deborahrivera,23,Female,hernandezruth@gmail.com
U01213,helenbrown,27,Female,sandra33@gmail.com
U01214,kimberlygonzalez,28,Female,andrew70@hotmail.com
U01215,williamtorres,30,Male,fjones@gmail.com
U01216,patrickwilliams,23,Male,lallen@hotmail.com
U01217,dianeanderson,24,Female,michael25@outlook.com
U01218,robertsdeborah,16,Female,henry54@yahoo.com
U01219,kelly57,18,Female,pereztimothy@gmail.com
U01220,jsmith,17,Male,brenda68@gmail.com
U01221,wbrown,16,Male,georgejackson@hotmail.com
U01222,thill,24,Male,deborah84@gmail.com
U01223,youngmargaret,32,Female,peterrivera@hotmail.com
U01224,moorez,31,Male,bmiller@hotmail.com
U01225,wilsone,23,Female,ryan94@yahoo.com
U01226,jthomas,19,Female,melissa58@gmail.com
U01227,emoore,16,Female,sgarcia@hotmail.com
U01228,vharris,15,Female,andersondavid@outlook.com
U01229,lindanelson,32,Female,karencarter@gmail.com
U01230,margaret13,33,Female,angela55@outlook.com
U01231,timothy96,32,Male,heatherwright@outlook.com
U01232,mitchellryan,27,Male,victoria35@hotmail.com
U01233,pperez,32,Male,williamflores@hotmail.com
U01234,ruthroberts,35,Female,donaldmartin@hotmail.com
U01235,ryanjohnson,29,Male,williamsharold@outlook.com
U01236,garciae,16,Female,leelisa@outlook.com
U01237,youngkimberly,23,Female,lopezdorothy@gmail.com
U01238,lopezr,35,Male,diane74@hotmail.com
U01239,alexandertaylor,16,Male,thompsonrebecca@gmail.com
U01240,barbaraallen,18,Female,elizabethjones@yahoo.com
U01241,barbara64,28,Female,pauljohnson@hotmail.com
U01242,walkerm,35,Female,michaelhernandez@gmail.com
U01243,millerjohn,33,Male,leedebra@hotmail.com
U01244,jnelson,33,Female,adamsemma@gmail.com
U01245,janetdavis,32,Female,emilywalker@outlook.com
U01246,torresolivia,21,Female,thomasraymond@hotmail.com
U01247,daviscatherine,25,Female,peter52@hotmail.com
U01248,ajones,32,Female,andersonemily@outlook.com
U01249,robertsd,32,Male,stephanierodriguez@hotmail.com
U01250,jgarcia,25,Female,martinezbarbara@outlook.com
U01251,jhernandez,29,Male,eric70@outlook.com
U01252,ramirezadam,16,Male,crodriguez@outlook.com
U01253,hallstephanie,19,Female,amyjackson@hotmail.com
U01254,wmitchell,16,Male,vclark@outlook.com
U01255,rodriguezr,30,Female,kelly10@yahoo.com
U01256,charris,35,Female,brian92@hotmail.com
U01257,perezg,24,Male,susanking@outlook.com
U01258,carterdorothy,27,Female,dmitchell@yahoo.com
U01259,victoriaflores,33,Female,frankjackson@gmail.com
U01260,laura31,30,Female,taylorkelly@gmail.com
U01261,wilsons,19,Female,hernandezpamela@gmail.com
U01262,johnsonadam,30,Male,torreslarry@outlook.com
U01263,ldavis,24,Female,olivia63@hotmail.com
U01264,patrick24,23,Male,christine95@yahoo.com
U01265,aperez,20,Female,dorothymitchell@gmail.com
U01266,richard76,28,Male,timothy84@gmail.com
U01267,harrisjustin,19,Male,walkereric@outlook.com
U01268,sarahgonzalez,24,Female,susan95@yahoo.com
U01269,scottamy,17,Female,kathleenlopez@outlook.com
U01270,emma91,35,Female,patriciaking@yahoo.com
U01271,ryoung,24,Male,kimberlythompson@outlook.com
U01272,jcarter,22,Male,zachary31@outlook.com
U01273,kenneth24,29,Male,csanchez@yahoo.com
U01274,rebeccabaker,34,Female,jmoore@yahoo.com
U01275,jerry43,32,Male,jsanchez@outlook.com
U01276,emily38,16,Female,cwilliams@outlook.com
U01277,hernandezpeter,33,Male,greenhelen@hotmail.com
U01278,aaron21,15,Male,victoria98@gmail.com
U01279,gonzalezj,26,Male,riveratyler@hotmail.com
U01280,wilsonrebecca,25,Female,jwilliams@gmail.com
U01281,lisajackson,16,Female,ryan98@yahoo.com
U01282,jharris,18,Female,steven34@gmail.com
U01283,patrickrivera,31,Male,john69@yahoo.com
U01284,olivia49,21,Female,nathanallen@gmail.com
U01285,millerb,29,Female,mary37@outlook.com
U01286,stephen71,28,Male,vhall@yahoo.com
U01287,sanchezp,30,Male,amy57@yahoo.com
U01288,whitel,22,Female,adamsanthony@hotmail.com
U01289,shernandez,18,Male,athomas@yahoo.com
U01290,janettorres,31,Female,nicoleyoung@outlook.com
U01291,leej,19,Female,clarkkimberly@hotmail.com
U01292,leeamy,32,Female,samuel90@outlook.com
U01293,jonesfrank,28,Male,smithpamela@gmail.com
U01294,hdavis,29,Male,hernandezlinda@outlook.com
U01295,mjackson,27,Female,justincampbell@hotmail.com
U01296,katherine28,33,Female,susanbaker@hotmail.com
U01297,perezmargaret,29,Female,jessicarivera@gmail.com
U01298,karenwalker,20,Female,brandon24@yahoo.com
U01299,sbrown,25,Female,hernandezkimberly@hotmail.com
U01300,mary45,35,Female,carolynramirez@hotmail.com
U01301,wrightbrenda,23,Female,nguyenchristopher@gmail.com
U01302,torreskimberly,20,Female,christineking@outlook.com
U01303,walkerchristine,34,Female,andersonjames@gmail.com
U01304,jacobsmith,20,Male,jbrown@outlook.com
U01305,allenmichelle,25,Female,nsanchez@outlook.com
U01306,kingo,24,Female,charleshill@yahoo.com
U01307,stephen72,28,Male,sharondavis@outlook.com
U01308,henry69,15,Male,sramirez@yahoo.com
U01309,mitchellchristina,20,Female,peter67@yahoo.com
U01310,whites,25,Female,kelly77@hotmail.com
U01311,kathleen15,35,Female,sgreen@gmail.com
U01312,walkern,30,Female,debra04@hotmail.com
U01313,hrodriguez,20,Male,janet07@outlook.com
U01314,wrightjoyce,18,Female,melissaflores@gmail.com
U01315,nguyenk,20,Female,john51@outlook.com
U01316,carterjose,21,Male,smoore@yahoo.com
U01317,gonzalezs,23,Male,joselopez@gmail.com
U01318,adavis,32,Female,betty11@outlook.com
U01319,campbelldaniel,17,Male,nguyenbenjamin@gmail.com
U01320,benjaminwhite,21,Male,campbelljulie@hotmail.com
U01321,harrismichael,24,Male,srodriguez@hotmail.com
U01322,andrew32,21,Male,eric56@hotmail.com
U01323,whitee,26,Female,zachary87@yahoo.com
U01324,atorres,19,Female,adamsfrank@hotmail.com
U01325,brendamitchell,31,Female,robertselizabeth@hotmail.com
U01326,davisjennifer,23,Female,maryrodriguez@hotmail.com
U01327,kellywilliams,33,Female,dthompson@yahoo.com
U01328,adamscarol,25,Female,vthompson@yahoo.com
U01329,floresj,15,Male,mhall@outlook.com
U01330,patrick86,23,Male,patricia51@hotmail.com
U01331,richard64,31,Male,sanchezmargaret@gmail.com
U01332,hillp,24,Male,torresronald@yahoo.com
U01333,elizabeth28,16,Female,douglas21@outlook.com
U01334,peter48,21,Male,clopez@yahoo.com
U01335,christopher81,22,Male,james20@hotmail.com
U01336,sanchezdebra,32,Female,vwalker@outlook.com
U01337,rodrigueztimothy,18,Male,aroberts@hotmail.com
U01338,thompsonb,32,Female,andersonmichael@yahoo.com
U01339,allenc,26,Female,carterkimberly@gmail.com
U01340,matthew37,30,Male,garciahenry@outlook.com
U01341,dmartin,19,Female,taylorwilliam@yahoo.com
U01342,oliviamiller,31,Female,fbaker@gmail.com
U01343,rodriguezk,20,Male,jbaker@gmail.com
U01344,hbrown,28,Female,emitchell@gmail.com
U01345,carolyn78,30,Female,mark54@outlook.com
U01346,kevin85,15,Male,rallen@outlook.com
U01347,pwilliams,29,Male,douglaswhite@hotmail.com
U01348,jacksond,25,Female,jlopez@hotmail.com
U01349,kennethmartin,29,Male,kdavis@gmail.com
U01350,wrightdavid,20,Male,smartinez@outlook.com
U01351,hallcynthia,26,Female,kelly67@outlook.com
U01352,williamsg,25,Male,angela12@outlook.com
U01353,cmartin,35,Female,robert95@hotmail.com
U01354,diane83,18,Female,scott65@yahoo.com
U01355,kathleen65,33,Female,brendahall@yahoo.com
U01356,ronald96,34,Male,jonathan52@yahoo.com
U01357,mooree,19,Female,greenkatherine@gmail.com
U01358,alexanderlee,15,Male,djackson@outlook.com
U01359,deborahwalker,32,Female,gperez@hotmail.com
U01360,mitchellnathan,29,Male,sarahhall@outlook.com
U01361,ctorres,16,Female,nancythompson@yahoo.com
U01362,mlee,24,Female,michaelmartinez@yahoo.com
U01363,johnsonm,28,Female,youngbrenda@outlook.com
U01364,jdavis,34,Female,wilsonjason@hotmail.com
U01365,clarkstephen,27,Male,adamhill@hotmail.com
U01366,greend,35,Male,swright@yahoo.com
U01367,lewisdonna,29,Female,ajackson@hotmail.com
U01368,tnguyen,18,Male,clarkadam@gmail.com
U01369,allenb,34,Male,margaretcampbell@gmail.com
U01370,larrygreen,20,Male,johnsonjack@outlook.com
U01371,campbellgeorge,29,Male,riveramary@hotmail.com
U01372,johnsonk,17,Female,robinsonharold@outlook.com
U01373,adamsn,29,Male,cperez@yahoo.com
U01374,jwilliams,15,Male,diane60@outlook.com
U01375,victoriarivera,23,Female,aroberts@gmail.com
U01376,donna15,16,Female,arivera@outlook.com
U01377,christophertaylor,18,Male,angelahernandez@outlook.com
U01378,tyler36,22,Male,mperez@gmail.com
U01379,maria53,22,Female,lauralewis@outlook.com
U01380,carterjennifer,34,Female,susanjackson@yahoo.com
U01381,riveram,24,Female,carolmartin@outlook.com
U01382,chill,19,Male,greennicholas@gmail.com
U01383,emma43,19,Female,aallen@outlook.com
U01384,martinezs,26,Male,bking@outlook.com
U01385,jlopez,31,Male,nelsonjohn@hotmail.com
U01386,martinezs,21,Female,helencampbell@yahoo.com
U01387,greenp,29,Female,joyceanderson@yahoo.com
U01388,millerb,27,Male,thomas70@gmail.com
U01389,shirley41,33,Female,mitchellchristine@yahoo.com
U01390,hillj,20,Female,stephen95@yahoo.com
U01391,brownjoshua,31,Male,gnguyen@outlook.com
U01392,peterbrown,32,Male,ronald14@outlook.com
U01393,wrightsusan,21,Female,kyoung@gmail.com
U01394,adamsj,29,Male,debra78@outlook.com
U01395,moorenicole,28,Female,raymondallen@hotmail.com
U01396,pereza,32,Female,barbara80@outlook.com
U01397,jlee,30,Male,lhernandez@gmail.com
U01398,lewisc,18,Female,lopezcarolyn@gmail.com
U01399,martinn,24,Male,millermary@hotmail.com
U01400,gonzalezcharles,25,Male,heatherhernandez@yahoo.com
U01401,clarknicole,35,Female,christinataylor@hotmail.com
U01402,kevin55,24,Male,zmartin@outlook.com
U01403,clarkmichael,27,Male,robertsdouglas@gmail.com
U01404,paul13,23,Male,harrisnathan@yahoo.com
U01405,jonessusan,23,Female,samuel61@outlook.com
U01406,moorea,30,Female,dennisbrown@gmail.com
U01407,melissalewis,32,Female,maryrodriguez@gmail.com
U01408,virginia85,19,Female,mgonzalez@gmail.com
U01409,larry94,25,Male,kingnancy@gmail.com
U01410,whitenathan,25,Male,glee@yahoo.com
U01411,betty43,25,Female,emily02@yahoo.com
U01412,youngs,28,Female,jallen@gmail.com
U01413,hlee,31,Male,larry42@gmail.com
U01414,davisjerry,32,Male,allenchristine@outlook.com
U01415,jmoore,28,Male,olivia19@hotmail.com
U01416,perezl,35,Male,helen94@outlook.com
U01417,dsmith,33,Female,rsmith@hotmail.com
U01418,nathan84,23,Male,sarahrobinson@yahoo.com
U01419,jerry36,21,Male,millergeorge@gmail.com
U01420,leedorothy,17,Female,ronaldmartin@outlook.com
U01421,thompsonjerry,21,Male,julie15@outlook.com
U01422,dbrown,21,Female,aaron26@outlook.com
U01423,nicholasnguyen,20,Male,kcarter@gmail.com
U01424,rebeccagonzalez,25,Female,christineallen@outlook.com
U01425,jsmith,29,Male,aaronmiller@hotmail.com
U01426,adamsnathan,28,Male,cgarcia@outlook.com
U01427,patrickadams,23,Male,thomaspaul@gmail.com
U01428,frankwalker,19,Male,kimberlywilson@hotmail.com
U01429,lopezr,20,Female,joshuamitchell@yahoo.com
U01430,john36,20,Male,aarongreen@hotmail.com
U01431,kevinjohnson,15,Male,amartinez@gmail.com
U01432,smithrichard,20,Male,dclark@gmail.com
U01433,wrightjoyce,28,Female,heatherhill@gmail.com
U01434,kelly26,30,Female,dwright@gmail.com
U01435,rodriguezb,33,Female,steven28@gmail.com
U01436,floresvictoria,24,Female,jeffreytaylor@hotmail.com
U01437,shirley83,33,Female,emmarodriguez@outlook.com
U01438,jackwilliams,33,Male,gonzalezkatherine@gmail.com
U01439,charlessanchez,22,Male,walkermargaret@hotmail.com
U01440,margaret89,29,Female,karenlewis@hotmail.com
U01441,perezk,20,Female,douglasnelson@hotmail.com
U01442,adamsj,26,Male,steven29@outlook.com
U01443,alexander26,32,Male,lewisbrandon@gmail.com
U01444,martinezbetty,31,Female,johnsonhelen@hotmail.com
U01445,wrightg,32,Male,whitekevin@gmail.com
U01446,floresjonathan,19,Male,sbrown@hotmail.com
U01447,cynthia27,30,Female,jonesjames@hotmail.com
U01448,clarkdennis,16,Male,phernandez@yahoo.com
U01449,sanchezedward,35,Male,garythompson@yahoo.com
U01450,campbelljoseph,27,Male,edwardlewis@hotmail.com
U01451,kingj,35,Male,robertsanthony@outlook.com
U01452,davisj,24,Female,douglasmartinez@hotmail.com
U01453,ataylor,27,Male,nathannguyen@outlook.com
U01454,garciar,31,Male,dwhite@outlook.com
U01455,samantha45,16,Female,vtaylor@hotmail.com
U01456,esmith,26,Female,gnguyen@yahoo.com
U01457,riverah,18,Female,emily48@outlook.com
U01458,adamsa,33,Male,matthewdavis@yahoo.com
U01459,carolyn15,27,Female,alewis@gmail.com
U01460,margarettorres,15,Female,dperez@hotmail.com
U01461,nathan55,29,Male,alexander35@outlook.com
U01462,greenrachel,29,Female,escott@hotmail.com
U01463,joyce21,20,Female,alexanderflores@yahoo.com
U01464,lcampbell,18,Female,bflores@yahoo.com
U01465,nathan72,23,Male,lewisgregory@yahoo.com
U01466,jessica84,15,Female,allenvictoria@hotmail.com
U01467,racheljones,34,Female,danielrivera@outlook.com
U01468,thompsonjonathan,25,Male,kelly13@hotmail.com
U01469,williamsl,22,Female,jnelson@gmail.com
U01470,andersondonald,22,Male,paul37@yahoo.com
U01471,scottr,29,Female,tclark@outlook.com
U01472,ruth65,26,Female,patrick40@hotmail.com
U01473,hallh,25,Male,sandrarodriguez@outlook.com
U01474,campbellm,34,Male,carolyn59@hotmail.com
U01475,lyoung,34,Female,thomas02@outlook.com
U01476,virginiarivera,30,Female,sharonthompson@hotmail.com
U01477,gramirez,34,Male,jasonnelson@hotmail.com
U01478,allenpamela,22,Female,nicole87@hotmail.com
U01479,davisj,26,Male,kingthomas@yahoo.com
U01480,carterjerry,34,Male,michaeladams@gmail.com
U01481,rtorres,18,Male,clarkdebra@outlook.com
U01482,martinsusan,20,Female,kathleen32@outlook.com
U01483,ronald39,23,Male,agreen@hotmail.com
U01484,stevenjohnson,31,Male,nancy87@hotmail.com
U01485,eric10,15,Male,jerry03@hotmail.com
U01486,floresbenjamin,21,Male,wilsonsarah@gmail.com
U01487,lewisn,33,Female,joshua03@gmail.com
U01488,thompsonsusan,24,Female,aking@gmail.com
U01489,cflores,34,Male,lnelson@outlook.com
U01490,william41,32,Male,pthomas@yahoo.com
U01491,walkerm,26,Male,mking@hotmail.com
U01492,rodriguezkenneth,24,Male,jgreen@outlook.com
U01493,amyjohnson,17,Female,samuelscott@outlook.com
U01494,heatherbaker,24,Female,jessicawilliams@gmail.com
U01495,mitchellk,35,Male,brownmichael@outlook.com
U01496,bakerl,32,Female,jessica65@hotmail.com
U01497,ryan38,18,Male,riverachristopher@outlook.com
U01498,haroldharris,16,Male,laurenjackson@yahoo.com
U01499,janderson,27,Male,davidmartinez@yahoo.com
U01500,greencarolyn,33,Female,jadams@hotmail.com
U01501,jose58,28,Male,catherinegonzalez@outlook.com
U01502,fsanchez,35,Male,steven88@yahoo.com
U01503,youngcharles,18,Male,slee@hotmail.com
U01504,donna82,32,Female,carteranthony@outlook.com
U01505,youngnathan,32,Male,susan60@outlook.com
U01506,robertharris,22,Male,ehall@yahoo.com
U01507,martinezc,29,Female,williamsnicole@yahoo.com
U01508,pamela29,16,Female,dtaylor@hotmail.com
U01509,sanchezmichael,35,Male,allenjustin@yahoo.com
U01510,raymondcampbell,25,Male,ruthlewis@yahoo.com
U01511,stephenlee,19,Male,jonessharon@gmail.com
U01512,martinezjennifer,26,Female,jharris@gmail.com
U01513,greend,22,Male,kjones@outlook.com
U01514,dlewis,34,Female,dtaylor@outlook.com
U01515,whitejonathan,29,Male,lgreen@yahoo.com
U01516,mmitchell,20,Female,dmartin@gmail.com
U01517,andersonjoyce,32,Female,cgreen@yahoo.com
U01518,ccampbell,28,Female,jerryrobinson@hotmail.com
U01519,kingjanet,19,Female,jasonrivera@yahoo.com
U01520,virginia62,32,Female,martinamanda@outlook.com
U01521,anna67,18,Female,virginia79@outlook.com
U01522,kscott,21,Male,cking@yahoo.com
U01523,torrestimothy,21,Male,jmitchell@yahoo.com
U01524,leeedward,19,Male,ruthmitchell@outlook.com
U01525,tylerjones,18,Male,johnbrown@gmail.com
U01526,catherine37,21,Female,cjones@hotmail.com
U01527,carolyn47,25,Female,scottmatthew@yahoo.com
U01528,floresanna,18,Female,nancyscott@outlook.com
U01529,raymondmartinez,18,Male,pwilliams@outlook.com
U01530,robertsl,30,Female,lwhite@yahoo.com
U01531,raymond54,30,Male,whitecharles@yahoo.com
U01532,martinezlauren,27,Female,carollee@gmail.com
U01533,nguyenhelen,15,Female,patrick24@hotmail.com
U01534,hernandezkelly,25,Female,cmartin@outlook.com
U01535,emitchell,16,Female,garciadeborah@gmail.com
U01536,martinjohn,33,Male,virginia48@outlook.com
U01537,cwhite,27,Female,joserivera@yahoo.com
U01538,betty46,32,Female,charleslewis@gmail.com
U01539,rodriguezaaron,15,Male,lopezchristopher@gmail.com
U01540,henryjones,17,Male,perezanna@gmail.com
U01541,virginiaperez,35,Female,davisdonna@yahoo.com
U01542,davidrivera,20,Male,henry29@yahoo.com
U01543,greenkenneth,27,Male,gonzalezmary@outlook.com
U01544,janetbaker,24,Female,peter64@gmail.com
U01545,martinezs,21,Male,halltimothy@gmail.com
U01546,danderson,25,Male,carolnguyen@outlook.com
U01547,thompsons,28,Male,jamesadams@hotmail.com
U01548,michael73,17,Male,virginia07@outlook.com
U01549,catherine21,15,Female,ashleyroberts@gmail.com
U01550,amanda71,29,Female,lindamartin@outlook.com
U01551,justin15,22,Male,jrobinson@hotmail.com
U01552,lmartinez,29,Female,ajohnson@hotmail.com
U01553,smithgeorge,27,Male,joshua23@yahoo.com
U01554,jacob44,27,Male,johnsonronald@outlook.com
U01555,eanderson,32,Female,ecampbell@outlook.com
U01556,raymondbrown,30,Male,thomaslee@outlook.com
U01557,eyoung,22,Male,jennifersmith@yahoo.com
U01558,floress,34,Female,stevenking@hotmail.com
U01559,larrywalker,26,Male,whitezachary@yahoo.com
U01560,llee,22,Female,samanthamoore@hotmail.com
U01561,greenkenneth,19,Male,nguyenkathleen@yahoo.com
U01562,johnsonk,33,Female,juliemiller@yahoo.com
U01563,gary87,31,Male,thomaslewis@yahoo.com
U01564,nroberts,26,Male,garyanderson@gmail.com
U01565,kathleen28,34,Female,youngbenjamin@yahoo.com
U01566,brownp,24,Male,callen@yahoo.com
U01567,taylormichelle,15,Female,justin03@outlook.com
U01568,hmartinez,29,Female,nancyhernandez@outlook.com
U01569,moorer,23,Male,douglasjackson@yahoo.com
U01570,mlee,18,Male,jack40@outlook.com
U01571,dorothy32,35,Female,donnacarter@hotmail.com
U01572,mcampbell,31,Male,thomas17@yahoo.com
U01573,david56,22,Male,gregory52@hotmail.com
U01574,abrown,27,Female,amanda88@yahoo.com
U01575,davischarles,29,Male,jacob82@gmail.com
U01576,williamsrobert,30,Male,joshuarodriguez@hotmail.com
U01577,sanchezc,35,Female,ejackson@gmail.com
U01578,nguyenmatthew,16,Male,ryannguyen@gmail.com
U01579,whitepeter,33,Male,tylerwilson@gmail.com
U01580,allenmelissa,32,Female,janetgonzalez@hotmail.com
U01581,zacharytaylor,25,Male,mjackson@gmail.com
U01582,ndavis,21,Female,millerchristine@yahoo.com
U01583,victoria48,21,Female,haroldbrown@yahoo.com
U01584,martinjohn,31,Male,jlopez@yahoo.com
U01585,sanchezcynthia,25,Female,youngkelly@hotmail.com
U01586,smithr,34,Male,richardsmith@gmail.com
U01587,janettorres,27,Female,rwhite@yahoo.com
U01588,emilyclark,17,Female,scottroberts@gmail.com
U01589,ryanwilson,23,Male,julie22@gmail.com
U01590,nguyenr,22,Male,jonathan02@outlook.com
U01591,wsanchez,21,Male,mwilliams@outlook.com
U01592,marytorres,20,Female,nmoore@hotmail.com
U01593,nelsonjohn,23,Male,jacob57@gmail.com
U01594,rachelyoung,32,Female,lwhite@hotmail.com
U01595,lisa94,32,Female,angelascott@yahoo.com
U01596,nancy61,28,Female,thompsonharold@hotmail.com
U01597,rebeccawhite,32,Female,emilytaylor@hotmail.com
U01598,wrightmaria,29,Female,oliviawilliams@yahoo.com
U01599,twilson,33,Male,charles14@gmail.com
U01600,scottharold,23,Male,aanderson@hotmail.com
U01601,pwhite,25,Male,susannelson@yahoo.com
U01602,sgreen,18,Female,joshua96@yahoo.com
U01603,christopher98,30,Male,carterjacob@hotmail.com
U01604,john13,21,Male,donald23@gmail.com
U01605,jramirez,29,Female,johnhall@hotmail.com
U01606,martinm,26,Female,awalker@gmail.com
U01607,kenneth13,30,Male,cwalker@gmail.com
U01608,pharris,30,Female,emma60@hotmail.com
U01609,patrickrivera,22,Male,harrisdouglas@hotmail.com
U01610,dmartin,16,Female,jason52@gmail.com
U01611,bakerh,33,Male,pjones@yahoo.com
U01612,deborahwright,33,Female,nguyennicholas@outlook.com
U01613,joyce15,24,Female,perezkimberly@gmail.com
U01614,jacobyoung,21,Male,jroberts@yahoo.com
U01615,andersond,24,Male,maria29@outlook.com
U01616,rodriguezt,20,Male,mlewis@hotmail.com
U01617,hallz,31,Male,anthonyclark@gmail.com
U01618,rachelramirez,32,Female,dtaylor@hotmail.com
U01619,laurenthomas,31,Female,hernandezmichael@yahoo.com
U01620,mscott,32,Female,thomas23@outlook.com
U01621,martinezmatthew,22,Male,brendahall@gmail.com
U01622,smitht,31,Male,stephaniemoore@gmail.com
U01623,thomasdouglas,25,Male,tnelson@outlook.com
U01624,harrisd,18,Male,jonesheather@yahoo.com
U01625,jonesnicholas,30,Male,garygreen@outlook.com
U01626,edwardbrown,23,Male,ruth99@outlook.com
U01627,lewisronald,26,Male,rodriguezbrenda@outlook.com
U01628,ericjackson,34,Male,henry03@outlook.com
U01629,jerry15,19,Male,stephensanchez@outlook.com
U01630,nlee,32,Female,eyoung@yahoo.com
U01631,youngr,17,Female,susanflores@gmail.com
U01632,jacksonv,23,Female,leeryan@yahoo.com
U01633,bperez,24,Female,taylorstephen@outlook.com
U01634,matthew97,24,Male,wrightamy@hotmail.com
U01635,shirley25,33,Female,thomascarol@hotmail.com
U01636,ashley71,26,Female,torreschristina@hotmail.com
U01637,btaylor,34,Female,rachel50@gmail.com
U01638,youngh,23,Male,mooresandra@outlook.com
U01639,greens,16,Female,anthonywalker@outlook.com
U01640,danieldavis,19,Male,davidjones@gmail.com
U01641,hmitchell,18,Male,edward84@gmail.com
U01642,brandon45,25,Male,henrythomas@yahoo.com
U01643,johnsonk,22,Female,bcarter@yahoo.com
U01644,brandonjohnson,32,Male,mmitchell@hotmail.com
U01645,clarkdonald,18,Male,floresdouglas@yahoo.com
U01646,mary95,18,Female,hnguyen@outlook.com
U01647,rgarcia,22,Male,pmartinez@outlook.com
U01648,dmoore,32,Male,henry43@hotmail.com
U01649,harrish,31,Female,ewhite@gmail.com
U01650,anthony50,27,Male,mooreaaron@hotmail.com
U01651,walkerv,34,Female,gadams@gmail.com
U01652,lthompson,27,Male,ryoung@outlook.com
U01653,steven39,28,Male,taylorpatrick@yahoo.com
U01654,kings,33,Male,debragonzalez@outlook.com
U01655,davidrivera,22,Male,donnahall@gmail.com
U01656,taylorharold,31,Male,martinezjustin@hotmail.com
U01657,joshuahernandez,28,Male,garciaryan@gmail.com
U01658,ramirezkathleen,32,Female,robert77@gmail.com
U01659,joselopez,23,Male,robinsonhelen@hotmail.com
U01660,haroldlopez,32,Male,samuel98@hotmail.com
U01661,thernandez,27,Male,joshuarodriguez@hotmail.com
U01662,lopezcynthia,22,Female,kenneth77@gmail.com
U01663,jacksonm,19,Female,cyoung@outlook.com
U01664,thompsons,35,Female,amitchell@hotmail.com
U01665,nathanyoung,31,Male,edwardjones@hotmail.com
U01666,zclark,34,Male,swhite@hotmail.com
U01667,ramirezanthony,15,Male,zacharynguyen@yahoo.com
U01668,kjohnson,22,Female,nyoung@outlook.com
U01669,cynthiarodriguez,21,Female,garymartinez@gmail.com
U01670,arobinson,16,Female,chill@hotmail.com
U01671,thompsonwilliam,30,Male,brandon21@gmail.com
U01672,browna,32,Male,jason66@hotmail.com
U01673,carol68,27,Female,michelle36@hotmail.com
U01674,youngd,29,Male,nelsonwilliam@gmail.com
U01675,christine66,25,Female,paul97@yahoo.com
U01676,stephanieanderson,23,Female,ssmith@yahoo.com
U01677,martineza,28,Male,betty26@gmail.com
U01678,stevencampbell,16,Male,jeffrey21@outlook.com
U01679,aaron88,29,Male,mariawalker@hotmail.com
U01680,bakere,33,Male,hthomas@gmail.com
U01681,callen,23,Female,angelasanchez@hotmail.com
U01682,andersonstephen,19,Male,hmartinez@hotmail.com
U01683,pamelaperez,28,Female,gary79@outlook.com
U01684,sanchezsharon,16,Female,adamwalker@hotmail.com
U01685,dyoung,24,Male,wilsonashley@outlook.com
U01686,hernandezhelen,22,Female,kimberly75@outlook.com
U01687,mitchelldavid,17,Male,ramirezkaren@gmail.com
U01688,lopezjacob,15,Male,justin86@hotmail.com
U01689,zacharymartin,20,Male,william10@gmail.com
U01690,zacharysanchez,20,Male,jonathannguyen@gmail.com
U01691,hillryan,17,Male,aroberts@gmail.com
U01692,sanchezrobert,24,Male,laurawalker@hotmail.com
U01693,sanchezcarolyn,35,Female,martinkatherine@hotmail.com
U01694,christopherrivera,29,Male,browncharles@gmail.com
U01695,thomas19,29,Male,pereznicole@hotmail.com
U01696,davisr,28,Female,snguyen@yahoo.com
U01697,charles34,26,Male,tbrown@hotmail.com
U01698,ryan60,30,Male,zacharyrodriguez@outlook.com
U01699,hhernandez,15,Male,daniel42@yahoo.com
U01700,nicholas73,22,Male,vgonzalez@yahoo.com
U01701,whiteb,15,Male,jperez@gmail.com
U01702,perezc,21,Male,sking@yahoo.com
U01703,patrick80,29,Male,sarahcarter@gmail.com
U01704,rebeccanguyen,15,Female,maryclark@yahoo.com
U01705,stevenmartin,29,Male,randerson@hotmail.com
U01706,andersonshirley,15,Female,carolyn30@outlook.com
U01707,mooreb,16,Female,adam64@hotmail.com
U01708,wrightm,33,Female,lroberts@yahoo.com
U01709,annaadams,20,Female,ramirezsharon@hotmail.com
U01710,rodriguezsusan,15,Female,djackson@hotmail.com
U01711,anthony30,28,Male,matthew36@hotmail.com
U01712,davishenry,19,Male,robertsthomas@hotmail.com
U01713,davisk,29,Male,haroldallen@outlook.com
U01714,garciatyler,26,Male,jerry69@hotmail.com
U01715,martinezcharles,17,Male,shall@yahoo.com
U01716,carolharris,15,Female,allendebra@outlook.com
U01717,greenb,21,Male,bhall@yahoo.com
U01718,adamsdorothy,27,Female,williamsvirginia@outlook.com
U01719,brian95,33,Male,melissaperez@gmail.com
U01720,millers,17,Female,nroberts@yahoo.com
U01721,brendacampbell,32,Female,williamsmichelle@hotmail.com
U01722,julieramirez,32,Female,millerheather@hotmail.com
U01723,kmoore,27,Female,cking@gmail.com
U01724,rebecca13,24,Female,lopezsamuel@gmail.com
U01725,joseph43,26,Male,benjamin23@yahoo.com
U01726,martina,16,Male,victoriagarcia@hotmail.com
U01727,dwilliams,27,Male,daniel42@hotmail.com
U01728,richardnguyen,17,Male,joycewalker@outlook.com
U01729,taylors,32,Female,thomasnancy@hotmail.com
U01730,douglastorres,35,Male,johnsondorothy@yahoo.com
U01731,clarkd,31,Male,jmoore@yahoo.com
U01732,jwilson,16,Male,kingtimothy@hotmail.com
U01733,rebecca46,33,Female,garyflores@outlook.com
U01734,sanchezjessica,15,Female,taylorbrenda@yahoo.com
U01735,riverathomas,22,Male,gmitchell@gmail.com
U01736,andrewdavis,21,Male,melissa91@gmail.com
U01737,wilsoncarol,18,Female,paulcampbell@gmail.com
U01738,deborah76,28,Female,nelsonpeter@yahoo.com
U01739,nelsonbetty,26,Female,jennifer35@outlook.com
U01740,sharonrobinson,15,Female,samanthabrown@outlook.com
U01741,joseph28,28,Male,slopez@gmail.com
U01742,thompsonryan,33,Male,zgonzalez@hotmail.com
U01743,lwalker,23,Female,vrodriguez@yahoo.com
U01744,allenbrenda,22,Female,markmoore@hotmail.com
U01745,henry76,23,Male,brenda02@gmail.com
U01746,thomass,24,Male,hflores@yahoo.com
U01747,leej,19,Male,atorres@gmail.com
U01748,rcampbell,20,Male,nhall@yahoo.com
U01749,walkerdeborah,18,Female,oliviathomas@gmail.com
U01750,maria78,30,Female,linda55@gmail.com
U01751,zrodriguez,33,Male,dwilliams@outlook.com
U01752,scottgregory,18,Male,jeffreymitchell@yahoo.com
U01753,ssmith,16,Male,mooredonald@outlook.com
U01754,haroldthomas,25,Male,daniel76@yahoo.com
U01755,annahernandez,23,Female,laurenyoung@outlook.com
U01756,nguyenn,17,Male,stephensmith@hotmail.com
U01757,rachelhernandez,32,Female,torresdorothy@hotmail.com
U01758,mitchellmark,20,Male,ronaldwilson@yahoo.com
U01759,lewisc,16,Female,andrewwilliams@yahoo.com
U01760,hallkaren,28,Female,maryharris@yahoo.com
U01761,danielbaker,32,Male,charles20@yahoo.com
U01762,ramirezrichard,28,Male,jrivera@hotmail.com
U01763,nelsonjonathan,34,Male,zacharyramirez@outlook.com
U01764,wilsonnicole,23,Female,aaron48@outlook.com
U01765,brownz,19,Male,hdavis@outlook.com
U01766,lopezeric,16,Male,christine30@gmail.com
U01767,garcias,32,Male,sarahgarcia@hotmail.com
U01768,ramirezrobert,20,Male,andersonandrew@gmail.com
U01769,campbells,17,Female,cmitchell@hotmail.com
U01770,nathanperez,23,Male,emma99@gmail.com
U01771,hernandezk,17,Male,cgarcia@yahoo.com
U01772,tyler92,29,Male,greenjoseph@gmail.com
U01773,bakerd,25,Female,amandajackson@hotmail.com
U01774,martinezj,17,Male,karen36@outlook.com
U01775,carterj,20,Male,mwilliams@outlook.com
U01776,jasonrobinson,31,Male,brownkimberly@hotmail.com
U01777,samantha21,26,Female,aking@yahoo.com
U01778,thomasjessica,33,Female,christinemoore@yahoo.com
U01779,martinm,16,Female,dcampbell@gmail.com
U01780,thomasa,28,Male,heatherflores@outlook.com
U01781,greenjerry,34,Male,steven07@hotmail.com
U01782,kings,27,Male,kellyking@gmail.com
U01783,nscott,35,Female,jthomas@yahoo.com
U01784,samuel61,31,Male,martinezgary@gmail.com
U01785,jacksond,34,Female,madams@hotmail.com
U01786,thomaspatricia,20,Female,campbelljack@outlook.com
U01787,jtaylor,24,Male,rwilliams@hotmail.com
U01788,denniswhite,26,Male,georgesanchez@hotmail.com
U01789,matthewcampbell,24,Male,maryharris@outlook.com
U01790,pamelaking,31,Female,nicoleanderson@gmail.com
U01791,allenfrank,32,Male,jmoore@yahoo.com
U01792,robertjackson,25,Male,jacksonheather@yahoo.com
U01793,kingm,26,Male,riverabenjamin@outlook.com
U01794,dmiller,18,Male,jessica92@gmail.com
U01795,garciajustin,22,Male,lindawilson@outlook.com
U01796,peterclark,16,Male,charlescarter@outlook.com
U01797,allenc,18,Female,kingangela@gmail.com
U01798,aaronjohnson,15,Male,robertsraymond@gmail.com
U01799,fharris,22,Male,carolhall@hotmail.com
U01800,smithdouglas,28,Male,whitetyler@hotmail.com
U01801,joshuahill,17,Male,ruth81@hotmail.com
U01802,ssanchez,22,Female,gjohnson@yahoo.com
U01803,campbelljose,20,Male,emily64@yahoo.com
U01804,aperez,29,Male,christophergarcia@gmail.com
U01805,jonathan15,31,Male,johnsondorothy@hotmail.com
U01806,ramirezs,27,Female,lmiller@yahoo.com
U01807,brownmatthew,16,Male,patrick50@gmail.com
U01808,debra19,19,Female,wilsonbrenda@yahoo.com
U01809,browna,25,Female,llopez@gmail.com
U01810,scottmaria,28,Female,michellewilson@hotmail.com
U01811,donaldmartin,18,Male,katherineking@yahoo.com
U01812,nelsonk,22,Female,clarkandrew@yahoo.com
U01813,janetdavis,34,Female,stephanie57@gmail.com
U01814,emma18,33,Female,ltorres@gmail.com
U01815,hernandezr,33,Female,ktorres@outlook.com
U01816,khill,32,Female,danielking@yahoo.com
U01817,pamela28,35,Female,bettymiller@gmail.com
U01818,gonzalezpeter,20,Male,robertscatherine@hotmail.com
U01819,pscott,27,Female,hallmichelle@outlook.com
U01820,jessicarobinson,35,Female,amandalewis@yahoo.com
U01821,andersons,31,Male,whitevictoria@yahoo.com
U01822,jsmith,24,Male,onelson@yahoo.com
U01823,martinezb,15,Female,ethompson@yahoo.com
U01824,scottd,17,Female,thompsondennis@gmail.com
U01825,ramirezjacob,32,Male,nicolegonzalez@hotmail.com
U01826,agonzalez,23,Male,karenmartinez@hotmail.com
U01827,hernandezadam,15,Male,jsmith@outlook.com
U01828,davisl,17,Female,ronaldjones@yahoo.com
U01829,williamharris,16,Male,donnaadams@gmail.com
U01830,robinsonmichael,25,Male,dgreen@yahoo.com
U01831,brownkaren,35,Female,cmoore@gmail.com
U01832,jacksonnicole,29,Female,jrivera@yahoo.com
U01833,nicolerodriguez,19,Female,ngarcia@outlook.com
U01834,torresl,16,Female,thomas99@hotmail.com
U01835,debrawright,31,Female,gonzaleztimothy@outlook.com
U01836,leeharold,19,Male,rthompson@gmail.com
U01837,jameswilson,29,Male,chill@gmail.com
U01838,ramirezd,22,Male,slee@outlook.com
U01839,jgonzalez,27,Female,christophernelson@hotmail.com
U01840,campbelll,33,Female,samuelbrown@outlook.com
U01841,jasonmoore,18,Male,jacob26@hotmail.com
U01842,amiller,30,Female,younganna@yahoo.com
U01843,adamhernandez,15,Male,julie75@yahoo.com
U01844,clarke,23,Male,kperez@outlook.com
U01845,andersonhenry,28,Male,juliedavis@yahoo.com
U01846,canderson,15,Female,ajohnson@outlook.com
U01847,jhall,29,Male,youngdiane@outlook.com
U01848,smithd,26,Male,garciapaul@yahoo.com
U01849,leebrian,35,Male,daniel86@hotmail.com
U01850,laura97,32,Female,torresaaron@gmail.com
U01851,tlee,33,Male,douglascarter@gmail.com
U01852,brandon79,28,Male,wrightsamantha@yahoo.com
U01853,williamsaaron,25,Male,deborahwright@hotmail.com
U01854,hillp,24,Male,elizabeth80@gmail.com
U01855,greenl,26,Female,douglas04@outlook.com
U01856,awright,20,Female,jerry25@yahoo.com
U01857,robertsd,23,Female,tcampbell@outlook.com
U01858,martineza,27,Female,ramirezkelly@outlook.com
U01859,etorres,25,Male,brenda82@hotmail.com
U01860,bakernancy,35,Female,jack89@hotmail.com
U01861,deborah89,27,Female,sharon72@gmail.com
U01862,andrew32,20,Male,whiteheather@hotmail.com
U01863,sanchezemma,29,Female,floresalexander@yahoo.com
U01864,jtorres,32,Male,janetanderson@gmail.com
U01865,kimberly97,20,Female,gwright@hotmail.com
U01866,hernandeztimothy,25,Male,aaronnguyen@yahoo.com
U01867,allens,18,Female,kathleen47@hotmail.com
U01868,kimberly81,31,Female,robertflores@outlook.com
U01869,gonzalezm,22,Female,donald65@gmail.com
U01870,hernandezkathleen,34,Female,susanrivera@yahoo.com
U01871,awhite,17,Male,bgarcia@hotmail.com
U01872,joselee,25,Male,campbelljason@hotmail.com
U01873,kingjanet,30,Female,christine57@hotmail.com
U01874,andrewmartinez,34,Male,larryroberts@gmail.com
U01875,timothyflores,29,Male,cynthia67@outlook.com
U01876,moorejames,30,Male,jallen@hotmail.com
U01877,hperez,19,Male,abrown@outlook.com
U01878,mhernandez,23,Female,kathleenperez@hotmail.com
U01879,whites,33,Female,larrylopez@yahoo.com
U01880,aaron64,17,Male,michael00@gmail.com
U01881,greeng,24,Male,andersonamanda@yahoo.com
U01882,leehenry,25,Male,james43@outlook.com
U01883,ramirezbenjamin,35,Male,sharonmiller@hotmail.com
U01884,floresemma,27,Female,lhall@outlook.com
U01885,katherineclark,24,Female,stevenwhite@yahoo.com
U01886,kingbarbara,21,Female,wrightkathleen@yahoo.com
U01887,matthewhill,19,Male,dorothy79@gmail.com
U01888,garciavictoria,15,Female,tayloradam@yahoo.com
U01889,pwright,26,Female,aking@gmail.com
U01890,zthompson,20,Male,samueltaylor@hotmail.com
U01891,deborahmartinez,19,Female,smartinez@gmail.com
U01892,acampbell,32,Female,richard23@outlook.com
U01893,robinsonbarbara,20,Female,lewisronald@yahoo.com
U01894,lopezd,25,Male,floresbetty@outlook.com
U01895,leea,28,Male,greenchristopher@yahoo.com
U01896,adamskenneth,20,Male,katherinetorres@yahoo.com
U01897,rdavis,23,Female,mitchellanna@yahoo.com
U01898,ashley83,24,Female,eric73@outlook.com
U01899,scottnguyen,29,Male,george22@outlook.com
U01900,thomask,16,Male,harold67@outlook.com
U01901,leea,30,Male,kingnancy@yahoo.com
U01902,thomaswhite,18,Male,lisa22@gmail.com
U01903,ahill,32,Female,susanallen@outlook.com
U01904,allenraymond,26,Male,jacob68@outlook.com
U01905,moorejohn,21,Male,laurenharris@gmail.com
U01906,thompsonwilliam,29,Male,ruth73@gmail.com
U01907,larry85,35,Male,johnsondeborah@hotmail.com
U01908,mitchellkatherine,23,Female,jflores@gmail.com
U01909,mbaker,17,Female,dhill@yahoo.com
U01910,christophercampbell,35,Male,ehernandez@outlook.com
U01911,lindadavis,19,Female,mark48@outlook.com
U01912,robertdavis,20,Male,zrodriguez@hotmail.com
U01913,haroldflores,21,Male,jtorres@outlook.com
U01914,smithanna,21,Female,douglas85@hotmail.com
U01915,daniel21,24,Male,scottrobert@outlook.com
U01916,nelsonpamela,15,Female,hilljoshua@outlook.com
U01917,matthew56,33,Male,harrisangela@gmail.com
U01918,hhall,19,Female,johnsoncarolyn@gmail.com
U01919,kmoore,18,Female,christinathompson@hotmail.com
U01920,mariarodriguez,24,Female,eric95@yahoo.com
U01921,haroldbrown,30,Male,florespatrick@outlook.com
U01922,hernandezl,23,Female,jlewis@gmail.com
U01923,clarkpatricia,33,Female,stevenjackson@gmail.com
U01924,virginiahernandez,23,Female,jeffrey90@hotmail.com
U01925,joseph88,16,Male,victoriasanchez@outlook.com
U01926,hjones,24,Female,ashleybaker@hotmail.com
U01927,olivia41,28,Female,pmiller@hotmail.com
U01928,jessicawilliams,15,Female,nicole65@gmail.com
U01929,mitchella,15,Male,ryanmiller@outlook.com
U01930,charlesramirez,30,Male,karensmith@gmail.com
U01931,karennguyen,18,Female,gregory07@outlook.com
U01932,robertclark,31,Male,garybrown@yahoo.com
U01933,jacksonj,16,Male,syoung@yahoo.com
U01934,alexandergonzalez,18,Male,bettyramirez@hotmail.com
U01935,carolyn86,28,Female,linda26@gmail.com
U01936,robertsc,21,Female,ahernandez@hotmail.com
U01937,julie20,28,Female,jonessandra@yahoo.com
U01938,jbrown,15,Female,adamramirez@hotmail.com
U01939,tdavis,17,Male,ashley85@outlook.com
U01940,patricia93,16,Female,sandrathomas@gmail.com
U01941,donald18,25,Male,samantha05@hotmail.com
U01942,ohill,35,Female,hillsamantha@outlook.com
U01943,ryannguyen,21,Male,rachel48@hotmail.com
U01944,smartinez,27,Female,larrybrown@outlook.com
U01945,alopez,22,Male,george94@hotmail.com
U01946,riverabarbara,15,Female,olivia84@yahoo.com
U01947,allenm,29,Male,mhernandez@gmail.com
U01948,raymondnelson,20,Male,dorothy80@hotmail.com
U01949,bakerg,22,Male,allenmargaret@outlook.com
U01950,johnsonj,17,Male,dorothy37@gmail.com
U01951,wrightmichelle,23,Female,davisemma@hotmail.com
U01952,lewism,31,Female,brian03@hotmail.com
U01953,dorothywalker,30,Female,janet24@outlook.com
U01954,stephaniegarcia,34,Female,christinahernandez@outlook.com
U01955,ramirezr,34,Male,jrobinson@outlook.com
U01956,nguyenrobert,23,Male,adavis@gmail.com
U01957,williamsj,26,Male,amandathomas@outlook.com
U01958,patrickharris,25,Male,robinsonhelen@outlook.com
U01959,jennifer63,35,Female,floresjanet@outlook.com
U01960,sjohnson,34,Female,emartin@gmail.com
U01961,sperez,19,Male,phernandez@yahoo.com
U01962,rodrigueza,32,Female,mroberts@hotmail.com
U01963,robert27,34,Male,tyler19@outlook.com
U01964,helen21,15,Female,christopherwilson@yahoo.com
U01965,clarkalexander,21,Male,jason92@outlook.com
U01966,ashley42,20,Female,nancyallen@outlook.com
U01967,gmoore,20,Male,ptaylor@gmail.com
U01968,jennifer99,35,Female,sjohnson@outlook.com
U01969,dennismitchell,30,Male,nicole16@hotmail.com
U01970,ryanscott,27,Male,jgarcia@hotmail.com
U01971,leeadam,22,Male,kellysanchez@outlook.com
U01972,wrightchristine,34,Female,cynthianguyen@outlook.com
U01973,michelle21,33,Female,gregory33@hotmail.com
U01974,rodriguezbrandon,18,Male,josephbaker@outlook.com
U01975,peter15,27,Male,mjones@gmail.com
U01976,hilla,22,Male,debrasanchez@outlook.com
U01977,alexanderadams,28,Male,elizabethnguyen@hotmail.com
U01978,garysmith,27,Male,adamskimberly@hotmail.com
U01979,emmataylor,31,Female,jharris@hotmail.com
U01980,rbrown,30,Female,erichernandez@hotmail.com
U01981,amy66,26,Female,sarahjohnson@outlook.com
U01982,bettyallen,22,Female,nathanrodriguez@hotmail.com
U01983,rodriguezdiane,27,Female,nicole43@hotmail.com
U01984,perezb,27,Male,fanderson@gmail.com
U01985,joseph29,20,Male,gcarter@outlook.com
U01986,rodriguezs,24,Female,thomas03@gmail.com
U01987,alexander21,23,Male,victoria32@outlook.com
U01988,millerj,32,Male,sanchezsusan@outlook.com
U01989,daniel86,17,Male,smithpeter@outlook.com
U01990,jhernandez,23,Female,martinezchristopher@gmail.com
U01991,etaylor,21,Male,ganderson@hotmail.com
U01992,thompsonstephen,29,Male,jacktaylor@yahoo.com
U01993,scottraymond,18,Male,barbaralee@hotmail.com
U01994,gregory42,16,Male,melissawhite@outlook.com
U01995,jonesnathan,21,Male,timothymartinez@outlook.com
U01996,jgarcia,34,Female,robertsvirginia@yahoo.com
U01997,kbaker,35,Female,johnsonkevin@outlook.com
U01998,riverab,30,Male,jonesjoseph@outlook.com
U01999,riverakevin,23,Male,williamharris@yahoo.com
U02000,andersonbrandon,23,Male,julie01@gmail.com
U02001,jeffrey74,27,Male,joneselizabeth@hotmail.com
U02002,kimberly56,23,Female,ericramirez@yahoo.com
U02003,sflores,30,Male,kathleenscott@gmail.com
U02004,daviss,35,Male,dallen@hotmail.com
U02005,allens,33,Female,martinjoseph@outlook.com
U02006,lewisemily,18,Female,nicholas29@gmail.com
U02007,moorenancy,23,Female,jscott@yahoo.com
U02008,donaldthomas,31,Male,joshua82@outlook.com
U02009,torresvictoria,20,Female,allensusan@yahoo.com
U02010,davisrobert,18,Male,ryan00@gmail.com
U02011,sharonharris,29,Female,vjohnson@outlook.com
U02012,garciastephen,15,Male,jack11@hotmail.com
U02013,leepaul,32,Male,agarcia@gmail.com
U02014,carterdiane,28,Female,timothylee@outlook.com
U02015,jgonzalez,16,Male,janet51@yahoo.com
U02016,cmitchell,23,Female,peter42@gmail.com
U02017,knelson,28,Female,jgarcia@gmail.com
U02018,garciavirginia,24,Female,larry57@hotmail.com
U02019,nguyenj,34,Female,marywilliams@gmail.com
U02020,edward35,28,Male,martinezlisa@outlook.com
U02021,smithcynthia,34,Female,kramirez@gmail.com
U02022,barbara13,34,Female,christinenguyen@yahoo.com
U02023,pamelarobinson,17,Female,laura30@yahoo.com
U02024,jhall,19,Male,mgreen@yahoo.com
U02025,scottd,24,Male,jackrodriguez@outlook.com
U02026,ddavis,31,Female,jacksondouglas@gmail.com
U02027,deborahhill,24,Female,matthewwright@yahoo.com
U02028,nguyenalexander,34,Male,moorehenry@yahoo.com
U02029,anguyen,25,Female,richardrivera@hotmail.com
U02030,jose54,18,Male,jyoung@hotmail.com
U02031,torresnathan,15,Male,maria63@gmail.com
U02032,benjamin38,17,Male,moorejose@outlook.com
U02033,walkera,19,Male,kennethscott@hotmail.com
U02034,youngd,16,Male,ghernandez@hotmail.com
U02035,tclark,17,Male,christina98@hotmail.com
U02036,lindathompson,17,Female,daniel73@hotmail.com
U02037,petermiller,29,Male,benjamin54@gmail.com
U02038,lewisj,22,Female,agonzalez@gmail.com
U02039,justinlee,28,Male,jameswalker@gmail.com
U02040,adamss,24,Female,srobinson@yahoo.com
U02041,ntaylor,19,Female,davisnicole@gmail.com
U02042,ruthmartin,21,Female,jason92@gmail.com
U02043,martinezj,25,Female,floresdeborah@yahoo.com
U02044,zachary37,29,Male,petertaylor@yahoo.com
U02045,eric61,28,Male,kramirez@outlook.com
U02046,stephen42,33,Male,christinawright@yahoo.com
U02047,aaron58,25,Male,aaronrodriguez@gmail.com
U02048,lauralewis,16,Female,tylerwhite@hotmail.com
U02049,hernandezr,26,Male,georgecampbell@gmail.com
U02050,jennifer90,18,Female,johnsonshirley@gmail.com
U02051,rrobinson,17,Male,hillmatthew@gmail.com
U02052,clewis,24,Female,bakerrichard@yahoo.com
U02053,floresalexander,27,Male,moorebenjamin@gmail.com
U02054,rrodriguez,17,Male,virginia72@hotmail.com
U02055,henryclark,20,Male,leecharles@hotmail.com
U02056,adamsa,26,Male,eric81@hotmail.com
U02057,jyoung,24,Female,kathleen16@outlook.com
U02058,debrawhite,33,Female,victoria85@gmail.com
U02059,bakerpaul,27,Male,robertsscott@gmail.com
U02060,andrewthompson,15,Male,juliewilson@gmail.com
U02061,martinj,17,Male,millervictoria@hotmail.com
U02062,maria41,26,Female,sharon43@yahoo.com
U02063,bwilliams,27,Female,jennifer73@gmail.com
U02064,sharonscott,33,Female,kharris@outlook.com
U02065,hhall,16,Female,moorebarbara@yahoo.com
U02066,jacksonn,33,Male,cynthia28@gmail.com
U02067,cynthia30,30,Female,samuelsmith@yahoo.com
U02068,gary58,17,Male,nicholasrodriguez@yahoo.com
U02069,taylorj,29,Male,greenjoseph@yahoo.com
U02070,kevinmiller,24,Male,awilliams@gmail.com
U02071,smithd,26,Male,clarknancy@hotmail.com
U02072,pdavis,19,Male,tyler28@yahoo.com
U02073,robinsonc,25,Female,wrightnancy@hotmail.com
U02074,jmitchell,20,Male,hernandezbrandon@gmail.com
U02075,lopezraymond,28,Male,douglas45@yahoo.com
U02076,johnsonc,29,Female,steven56@gmail.com
U02077,sandrarivera,20,Female,george55@yahoo.com
U02078,kingb,17,Male,margaretyoung@gmail.com
U02079,robertsr,28,Male,henrywilson@hotmail.com
U02080,plee,33,Male,lwalker@gmail.com
U02081,robertsdennis,16,Male,patricia97@yahoo.com
U02082,kallen,34,Female,virginialopez@hotmail.com
U02083,millerchristine,16,Female,campbellkevin@outlook.com
U02084,scottd,16,Male,wrightjustin@yahoo.com
U02085,steven45,16,Male,moorejennifer@yahoo.com
U02086,whitee,17,Male,gonzalezkathleen@gmail.com
U02087,robertgreen,19,Male,riverastephen@yahoo.com
U02088,alexander73,19,Male,rodriguezmaria@gmail.com
U02089,robertsj,21,Female,dclark@gmail.com
U02090,bettysmith,27,Female,frivera@yahoo.com
U02091,amandasanchez,29,Female,donna28@yahoo.com
U02092,chill,35,Male,sbaker@gmail.com
U02093,hillvirginia,27,Female,sandra67@yahoo.com
U02094,donald79,23,Male,floresthomas@outlook.com
U02095,dgonzalez,33,Male,jennifersmith@gmail.com
U02096,vwhite,32,Female,carterdouglas@outlook.com
U02097,etorres,19,Female,patrickwhite@hotmail.com
U02098,kwilliams,24,Female,gonzaleztyler@hotmail.com
U02099,edward11,33,Male,ahill@yahoo.com
U02100,hernandeznathan,19,Male,davishenry@hotmail.com
U02101,clarkdiane,21,Female,kellymitchell@hotmail.com
U02102,gregoryallen,18,Male,smitchell@gmail.com
U02103,donaldcampbell,35,Male,deborahhill@outlook.com
U02104,perezstephen,21,Male,angelajackson@yahoo.com
U02105,thomasjonathan,26,Male,eric04@yahoo.com
U02106,nnelson,26,Male,aaronjohnson@hotmail.com
U02107,lauren82,27,Female,lindaperez@outlook.com
U02108,melissa65,21,Female,bwalker@outlook.com
U02109,wilsonsharon,17,Female,charleslopez@hotmail.com
U02110,frank83,32,Male,laurenflores@gmail.com
U02111,scott51,27,Male,mharris@hotmail.com
U02112,nthomas,18,Male,ruthmoore@yahoo.com
U02113,daniel25,23,Male,nelsonrichard@yahoo.com
U02114,jose48,28,Male,omartin@gmail.com
U02115,robertschristine,22,Female,anthony02@gmail.com
U02116,thompsonjulie,31,Female,cdavis@hotmail.com
U02117,leeandrew,32,Male,pnelson@yahoo.com
U02118,ebaker,23,Female,davisrichard@yahoo.com
U02119,perezedward,31,Male,lewisvirginia@outlook.com
U02120,leedebra,27,Female,timothyrobinson@gmail.com
U02121,jose90,35,Male,rachel56@gmail.com
U02122,katherineking,25,Female,johnsonwilliam@outlook.com
U02123,jlopez,17,Male,deborah15@outlook.com
U02124,hallpamela,22,Female,esanchez@gmail.com
U02125,mdavis,16,Male,mthompson@yahoo.com
U02126,adamss,15,Male,angelagreen@yahoo.com
U02127,thompsonbrandon,26,Male,thomasvictoria@yahoo.com
U02128,floresr,22,Female,emilyhill@gmail.com
U02129,rachel38,30,Female,jrodriguez@outlook.com
U02130,bwilliams,31,Male,daniel70@outlook.com
U02131,youngs,27,Male,debra25@outlook.com
U02132,gdavis,15,Male,thompsonmatthew@yahoo.com
U02133,raymond65,30,Male,staylor@outlook.com
U02134,carterjeffrey,25,Male,wilsonpaul@yahoo.com
U02135,greenj,31,Male,taylorjustin@hotmail.com
U02136,patrickthompson,20,Male,lopezdennis@hotmail.com
U02137,lharris,35,Female,diane08@gmail.com
U02138,debrayoung,27,Female,carolynthomas@outlook.com
U02139,robertsj,32,Male,martinezsamuel@gmail.com
U02140,nelsons,20,Female,jacksonsamantha@outlook.com
U02141,deborah50,26,Female,katherinewalker@hotmail.com
U02142,barbaralopez,33,Female,jack54@hotmail.com
U02143,jerry53,33,Male,nmoore@gmail.com
U02144,klewis,33,Male,alexander07@outlook.com
U02145,hernandezsteven,15,Male,stephanie09@outlook.com
U02146,martinchristopher,17,Male,mthomas@outlook.com
U02147,padams,32,Female,torreswilliam@outlook.com
U02148,youngjason,20,Male,hillcharles@yahoo.com
U02149,dbaker,35,Female,ghall@outlook.com
U02150,greeno,22,Female,hallvirginia@hotmail.com
U02151,david58,34,Male,gonzalezbrandon@hotmail.com
U02152,christopherwilliams,18,Male,ashleyjones@gmail.com
U02153,ejackson,27,Female,christine61@gmail.com
U02154,escott,19,Male,bmartin@outlook.com
U02155,plewis,24,Female,martinlauren@outlook.com
U02156,sharon14,26,Female,hperez@gmail.com
U02157,khall,26,Male,ronaldwilliams@outlook.com
U02158,nancyrobinson,34,Female,greenmark@hotmail.com
U02159,dorothy16,22,Female,robinsonashley@gmail.com
U02160,hernandezjessica,26,Female,hclark@yahoo.com
U02161,elizabeth88,22,Female,kking@hotmail.com
U02162,nelsonrebecca,24,Female,scottperez@hotmail.com
U02163,alexander19,24,Male,davisdonna@yahoo.com
U02164,lewisemma,23,Female,margaret52@hotmail.com
U02165,mark85,19,Male,clarkbarbara@outlook.com
U02166,ashleyhernandez,18,Female,carterjoyce@outlook.com
U02167,jwalker,20,Male,martinsamuel@hotmail.com
U02168,carolyn57,35,Female,mary16@yahoo.com
U02169,martinr,15,Male,martinhenry@gmail.com
U02170,michael28,33,Male,rodriguezanthony@gmail.com
U02171,sanchezj,25,Female,kathleenhill@yahoo.com
U02172,walkerd,35,Female,henry73@yahoo.com
U02173,brenda34,26,Female,leecynthia@outlook.com
U02174,mark80,17,Male,wilsonrichard@yahoo.com
U02175,christinanelson,20,Female,hthomas@hotmail.com
U02176,kimberlyclark,20,Female,rmartin@outlook.com
U02177,johnsono,32,Female,katherineadams@yahoo.com
U02178,lindamartinez,33,Female,amandanelson@outlook.com
U02179,steven14,29,Male,leeedward@yahoo.com
U02180,hernandezl,16,Female,ramirezstephen@hotmail.com
U02181,carterjanet,25,Female,rodriguezronald@yahoo.com
U02182,jrodriguez,19,Male,margaret27@yahoo.com
U02183,mgonzalez,15,Male,hlewis@gmail.com
U02184,csmith,26,Female,paulroberts@hotmail.com
U02185,daniel92,16,Male,brownedward@yahoo.com
U02186,thomaslisa,30,Female,riverajonathan@gmail.com
U02187,barbaranguyen,29,Female,riveradouglas@yahoo.com
U02188,vwhite,16,Female,rcampbell@hotmail.com
U02189,sgreen,30,Male,taylorsamuel@gmail.com
U02190,whited,16,Female,rwright@yahoo.com
U02191,jonesnicholas,25,Male,bhill@hotmail.com
U02192,riverad,32,Female,amitchell@yahoo.com
U02193,matthewlewis,35,Male,katherine12@yahoo.com
U02194,kingj,16,Male,dthomas@hotmail.com
U02195,ryan72,17,Male,williamslaura@yahoo.com
U02196,emma89,18,Female,laura22@hotmail.com
U02197,nlopez,18,Female,mitchelljerry@yahoo.com
U02198,lisa56,20,Female,martinezjoshua@outlook.com
U02199,dtaylor,25,Female,gonzalezmaria@gmail.com
U02200,paulmartin,24,Male,brandonallen@outlook.com
U02201,ryanjohnson,23,Male,dianewhite@outlook.com
U02202,jlee,34,Male,ltaylor@yahoo.com
U02203,wilsonc,35,Female,annalee@yahoo.com
U02204,douglas70,29,Male,hernandezkatherine@hotmail.com
U02205,sanchezd,28,Male,charles77@yahoo.com
U02206,hernandezj,33,Female,ldavis@hotmail.com
U02207,christopher50,16,Male,nelsonpamela@outlook.com
U02208,cnelson,22,Female,floresbrian@hotmail.com
U02209,timothy52,28,Male,michelle03@hotmail.com
U02210,millerp,21,Male,williamsemma@hotmail.com
U02211,adamsjose,17,Male,maria12@yahoo.com
U02212,angela24,24,Female,smartinez@outlook.com
U02213,smithk,24,Female,mark41@hotmail.com
U02214,michellecarter,24,Female,dharris@outlook.com
U02215,olivia76,22,Female,helenmitchell@outlook.com
U02216,mitchellh,24,Female,henrycampbell@yahoo.com
U02217,martinezbrandon,18,Male,brian24@yahoo.com
U02218,jacksonj,17,Female,nicholaswright@gmail.com
U02219,laurentorres,31,Female,walkerdaniel@outlook.com
U02220,helen88,33,Female,hallmargaret@gmail.com
U02221,jackscott,18,Male,jeffrey54@outlook.com
U02222,smithmichael,15,Male,hernandezbrenda@hotmail.com
U02223,virginia10,21,Female,dorothywilliams@yahoo.com
U02224,zacharythomas,31,Male,cthompson@yahoo.com
U02225,jerryflores,33,Male,sanchezzachary@outlook.com
U02226,thomaschristina,28,Female,scottmaria@outlook.com
U02227,mitchelle,30,Male,greengregory@outlook.com
U02228,thomass,29,Female,brandon13@gmail.com
U02229,allenraymond,19,Male,virginia91@yahoo.com
U02230,lopezz,26,Male,shirleyjones@outlook.com
U02231,zwalker,27,Male,matthewadams@outlook.com
U02232,benjaminwright,15,Male,heather34@yahoo.com
U02233,scottlewis,29,Male,douglasallen@gmail.com
U02234,wrightjoyce,33,Female,khall@hotmail.com
U02235,acampbell,15,Male,dwhite@outlook.com
U02236,henrythompson,34,Male,andrewlee@yahoo.com
U02237,kenneth87,25,Male,sramirez@gmail.com
U02238,ehill,19,Female,jgreen@yahoo.com
U02239,jonesm,33,Female,michelle62@gmail.com
U02240,debra73,24,Female,nthompson@hotmail.com
U02241,gonzaleza,17,Female,mmartin@outlook.com
U02242,adam76,24,Male,esanchez@gmail.com
U02243,anna43,33,Female,bsmith@yahoo.com
U02244,davischarles,25,Male,arodriguez@gmail.com
U02245,brendahill,24,Female,catherinewright@hotmail.com
U02246,susanroberts,31,Female,nancy73@yahoo.com
U02247,nelsonm,30,Female,jacobflores@outlook.com
U02248,brianclark,32,Male,joshua47@gmail.com
U02249,rbaker,21,Male,emmabaker@gmail.com
U02250,douglas59,15,Male,mscott@yahoo.com
U02251,torresl,28,Female,emma92@gmail.com
U02252,rebeccaadams,20,Female,mgreen@yahoo.com
U02253,linda44,18,Female,staylor@gmail.com
U02254,perezc,23,Female,virginiasanchez@yahoo.com
U02255,christopherroberts,27,Male,sthompson@outlook.com
U02256,ramirezharold,25,Male,heatherlopez@gmail.com
U02257,harold92,21,Male,peterjohnson@outlook.com
U02258,michelle46,27,Female,jackhill@outlook.com
U02259,andersonnathan,18,Male,smithbenjamin@gmail.com
U02260,janetthompson,25,Female,kevin76@gmail.com
U02261,thomasnelson,27,Male,joneschristina@outlook.com
U02262,ryoung,35,Male,nicolemoore@yahoo.com
U02263,leebrenda,25,Female,sandranelson@yahoo.com
U02264,sanchezr,25,Male,syoung@gmail.com
U02265,kevinbrown,16,Male,patrickmartin@gmail.com
U02266,mooremichelle,29,Female,emmawhite@yahoo.com
U02267,jeffreyking,24,Male,janetrobinson@hotmail.com
U02268,jacksonkimberly,21,Female,william29@outlook.com
U02269,jking,21,Male,jonescharles@yahoo.com
U02270,hwilliams,28,Male,barbarawright@gmail.com
U02271,jonathanwalker,30,Male,larryscott@yahoo.com
U02272,daniel66,25,Male,joselee@yahoo.com
U02273,aaronallen,30,Male,etorres@hotmail.com
U02274,dmoore,21,Female,dmitchell@outlook.com
U02275,aaronsanchez,33,Male,andersonbrandon@outlook.com
U02276,samantha43,27,Female,richard75@gmail.com
U02277,jonathan80,16,Male,andersonpatricia@gmail.com
U02278,riveras,20,Female,kimberlyclark@hotmail.com
U02279,harrisp,35,Male,helenking@outlook.com
U02280,brenda72,20,Female,riveracarol@hotmail.com
U02281,michaellopez,33,Male,peter74@outlook.com
U02282,wrighte,24,Male,victoria10@outlook.com
U02283,shirley43,33,Female,dmiller@yahoo.com
U02284,shirleysanchez,20,Female,charles92@yahoo.com
U02285,perezn,31,Male,mroberts@yahoo.com
U02286,douglasperez,23,Male,olivia94@yahoo.com
U02287,pamela57,29,Female,scottpaul@outlook.com
U02288,david94,26,Male,ballen@gmail.com
U02289,mrodriguez,25,Male,robert95@gmail.com
U02290,smithd,33,Male,torressteven@hotmail.com
U02291,jessicathomas,26,Female,margaret88@hotmail.com
U02292,leepaul,16,Male,wilsonscott@outlook.com
U02293,perezk,17,Female,wilsonlinda@outlook.com
U02294,hallm,17,Female,hillangela@yahoo.com
U02295,ruthflores,22,Female,dperez@hotmail.com
U02296,jacksonbenjamin,26,Male,dadams@outlook.com
U02297,gary33,33,Male,frankdavis@outlook.com
U02298,floresgregory,27,Male,callen@outlook.com
U02299,hernandezj,29,Male,aroberts@outlook.com
U02300,thomasdouglas,25,Male,susangarcia@hotmail.com
U02301,williamsw,28,Male,cynthiarobinson@yahoo.com
U02302,olivia15,28,Female,williamsdonald@gmail.com
U02303,mtaylor,21,Female,adam54@yahoo.com
U02304,kbaker,35,Female,markking@yahoo.com
U02305,larryclark,15,Male,adam51@hotmail.com
U02306,wrightn,20,Male,elizabethrobinson@hotmail.com
U02307,joyce40,18,Female,smitchell@yahoo.com
U02308,agonzalez,29,Male,debra71@gmail.com
U02309,campbellheather,23,Female,bwilson@gmail.com
U02310,jacob93,32,Male,andersonelizabeth@yahoo.com
U02311,mariawalker,24,Female,janet12@yahoo.com
U02312,davisdouglas,34,Male,greenelizabeth@gmail.com
U02313,thompsonthomas,27,Male,taylordavid@yahoo.com
U02314,robert93,34,Male,zacharyrobinson@gmail.com
U02315,pbrown,17,Female,laura90@hotmail.com
U02316,whitea,20,Male,amandajones@outlook.com
U02317,harold28,35,Male,robinsonkaren@outlook.com
U02318,torresvirginia,23,Female,glopez@gmail.com
U02319,nancy11,19,Female,halljanet@yahoo.com
U02320,susanwright,18,Female,wgonzalez@outlook.com
U02321,anthonybrown,27,Male,wrightjoshua@outlook.com
U02322,williamsj,19,Male,rroberts@outlook.com
U02323,lwhite,17,Male,karennguyen@gmail.com
U02324,nicolelee,30,Female,matthewyoung@yahoo.com
U02325,robinsona,15,Male,hgarcia@gmail.com
U02326,millerd,20,Male,rharris@gmail.com
U02327,youngtimothy,35,Male,donaldjohnson@hotmail.com
U02328,davisamy,18,Female,ljones@gmail.com
U02329,clarkashley,24,Female,carolynanderson@hotmail.com
U02330,gmartinez,20,Male,martinezjohn@yahoo.com
U02331,karencampbell,17,Female,smoore@outlook.com
U02332,johnsonbrandon,27,Male,adamadams@hotmail.com
U02333,hrodriguez,22,Male,charles59@hotmail.com
U02334,hallb,23,Male,karen14@outlook.com
U02335,richardtorres,18,Male,wrightbenjamin@gmail.com
U02336,victoria99,32,Female,shirleyhill@outlook.com
U02337,sallen,32,Female,steven59@outlook.com
U02338,emoore,31,Male,ejohnson@yahoo.com
U02339,jtorres,33,Male,justin72@yahoo.com
U02340,brownj,24,Female,acampbell@yahoo.com
U02341,tyler39,21,Male,karenmoore@outlook.com
U02342,hernandezangela,16,Female,margaretking@hotmail.com
U02343,riverakaren,20,Female,hernandezthomas@outlook.com
U02344,perezzachary,26,Male,emma00@gmail.com
U02345,eric41,32,Male,riverabrenda@outlook.com
U02346,smithj,34,Male,margaret99@gmail.com
U02347,smiths,18,Female,garciaheather@yahoo.com
U02348,robinsonm,30,Male,nicole93@outlook.com
U02349,anna53,15,Female,kgarcia@outlook.com
U02350,ashleywilliams,27,Female,hillkelly@hotmail.com
U02351,jmiller,28,Male,charlesmiller@gmail.com
U02352,stephen57,34,Male,allenraymond@hotmail.com
U02353,benjamintaylor,21,Male,whitethomas@hotmail.com
U02354,rebecca67,28,Female,dennistorres@hotmail.com
U02355,sharonlewis,27,Female,matthewbrown@yahoo.com
U02356,alexanderroberts,19,Male,allenlaura@yahoo.com
U02357,christinaroberts,34,Female,joshuasanchez@gmail.com
U02358,hallsteven,30,Male,handerson@yahoo.com
U02359,canderson,20,Female,smithrobert@gmail.com
U02360,thomas99,32,Male,anthony14@outlook.com
U02361,kenneththompson,35,Male,larry50@gmail.com
U02362,scottlopez,29,Male,eric52@gmail.com
U02363,thomasstephen,19,Male,garciadouglas@gmail.com
U02364,lmitchell,19,Male,thomas11@yahoo.com
U02365,cwhite,32,Female,ramirezanna@hotmail.com
U02366,deborah15,24,Female,mlopez@outlook.com
U02367,joshuaharris,35,Male,michelle42@yahoo.com
U02368,mitchelljanet,30,Female,shirleymartin@yahoo.com
U02369,sclark,26,Male,josewright@yahoo.com
U02370,robinsonjose,19,Male,tlewis@outlook.com
U02371,hallchristina,26,Female,hrodriguez@gmail.com
U02372,allenl,32,Female,walkerjustin@gmail.com
U02373,anthonywhite,35,Male,jmiller@hotmail.com
U02374,sarah50,19,Female,debrawilson@gmail.com
U02375,martinezbrenda,27,Female,danielperez@outlook.com
U02376,tayloramanda,20,Female,robertsanchez@hotmail.com
U02377,rnelson,18,Male,gonzalezhelen@gmail.com
U02378,nelsonmary,22,Female,andersonbrandon@hotmail.com
U02379,emoore,31,Male,sarahjohnson@outlook.com
U02380,nathanmiller,26,Male,georgegarcia@hotmail.com
U02381,campbelldavid,23,Male,diane15@outlook.com
U02382,catherineking,34,Female,carolyn63@yahoo.com
U02383,lindagonzalez,16,Female,cynthia13@outlook.com
U02384,aaronmoore,17,Male,martinedward@gmail.com
U02385,jmiller,30,Male,emma71@outlook.com
U02386,dennis29,35,Male,sharonrivera@gmail.com
U02387,sjackson,33,Male,carolyn42@hotmail.com
U02388,lewisanthony,17,Male,gregory21@gmail.com
U02389,bking,20,Female,mitchellsusan@outlook.com
U02390,mbrown,34,Female,mark13@outlook.com
U02391,martinezjacob,34,Male,rebeccahill@outlook.com
U02392,davisheather,30,Female,jperez@gmail.com
U02393,millervirginia,32,Female,christinejackson@gmail.com
U02394,virginiaallen,29,Female,adamskevin@hotmail.com
U02395,sanchezpeter,21,Male,cdavis@gmail.com
U02396,arobinson,32,Female,swalker@outlook.com
U02397,sharonflores,17,Female,gary46@yahoo.com
U02398,catherine62,16,Female,carolyn49@gmail.com
U02399,margaretgonzalez,15,Female,adamsrachel@hotmail.com
U02400,rachelmitchell,21,Female,michellewright@yahoo.com
U02401,barbaraanderson,31,Female,scott94@outlook.com
U02402,andersonnathan,25,Male,mwhite@outlook.com
U02403,dhall,32,Female,thomasamy@hotmail.com
U02404,elizabeth10,32,Female,rdavis@hotmail.com
U02405,martinezh,23,Female,rachelnguyen@gmail.com
U02406,brendaperez,22,Female,awright@gmail.com
U02407,millerruth,25,Female,ashley97@outlook.com
U02408,kimberlymartinez,26,Female,nelsonemma@outlook.com
U02409,john47,27,Male,henrycarter@hotmail.com
U02410,cynthia14,29,Female,tlewis@gmail.com
U02411,joseallen,16,Male,harrispatrick@outlook.com
U02412,margaret72,16,Female,andersonbrandon@gmail.com
U02413,jonesj,24,Female,leemaria@outlook.com
U02414,lisa32,16,Female,eroberts@outlook.com
U02415,daniel76,29,Male,davidlewis@outlook.com
U02416,adamsjeffrey,15,Male,paulwalker@yahoo.com
U02417,dsanchez,32,Male,rodriguezlaura@yahoo.com
U02418,oliviawalker,31,Female,josenelson@gmail.com
U02419,debraanderson,33,Female,perezlaura@hotmail.com
U02420,johnsona,15,Female,jhill@yahoo.com
U02421,edward20,33,Male,kimberly54@hotmail.com
U02422,dadams,21,Female,zbrown@outlook.com
U02423,ataylor,25,Female,jonesmaria@gmail.com
U02424,lopezjoyce,19,Female,dsanchez@yahoo.com
U02425,riveramichael,20,Male,amanda61@gmail.com
U02426,awhite,29,Male,nathan15@outlook.com
U02427,robertslinda,20,Female,donnawright@gmail.com
U02428,torresstephanie,32,Female,wwhite@gmail.com
U02429,justinlopez,21,Male,virginia95@outlook.com
U02430,daniel60,23,Male,linda07@outlook.com
U02431,carterryan,29,Male,dgarcia@yahoo.com
U02432,gregory14,25,Male,sgonzalez@yahoo.com
U02433,moorek,20,Female,jeffreydavis@yahoo.com
U02434,scotta,28,Female,jeffreytorres@outlook.com
U02435,thompsonl,16,Female,scottrachel@gmail.com
U02436,rhall,19,Male,george11@yahoo.com
U02437,amanda16,22,Female,torresnicole@gmail.com
U02438,laura92,28,Female,carolynhernandez@yahoo.com
U02439,younge,21,Female,brenda75@hotmail.com
U02440,angela65,15,Female,rachelsmith@outlook.com
U02441,lisawilliams,15,Female,stephanie13@yahoo.com
U02442,jerry57,20,Male,juliethomas@gmail.com
U02443,williamspamela,32,Female,hernandezbrian@yahoo.com
U02444,james41,20,Male,thomaswilliams@hotmail.com
U02445,jessica38,16,Female,perezlarry@gmail.com
U02446,angela81,33,Female,wilsonlaura@yahoo.com
U02447,thomaspaul,20,Male,ashley16@gmail.com
U02448,mitchellcatherine,33,Female,donald34@hotmail.com
U02449,lewism,33,Male,tyler78@yahoo.com
U02450,youngdonald,19,Male,christopherwalker@hotmail.com
U02451,smithbarbara,20,Female,robertskimberly@gmail.com
U02452,millerhelen,25,Female,sanchezgeorge@gmail.com
U02453,andersongeorge,30,Male,moorenathan@hotmail.com
U02454,deborahmiller,23,Female,oflores@gmail.com
U02455,torresjames,15,Male,deborahmitchell@hotmail.com
U02456,michaelgonzalez,23,Male,thomasthompson@yahoo.com
U02457,millerdorothy,15,Female,angela17@gmail.com
U02458,cbrown,22,Female,jennifernguyen@yahoo.com
U02459,sarah98,34,Female,rodriguezdiane@gmail.com
U02460,bakerr,35,Female,katherine75@yahoo.com
U02461,kyoung,32,Female,greenlinda@yahoo.com
U02462,jnguyen,20,Male,milleralexander@gmail.com
U02463,carolyn95,29,Female,henrymoore@hotmail.com
U02464,croberts,32,Male,walkerkathleen@outlook.com
U02465,sanchezandrew,31,Male,deborahnguyen@yahoo.com
U02466,virginia91,21,Female,whiteanna@outlook.com
U02467,danielthompson,20,Male,lopezsarah@outlook.com
U02468,scottnancy,29,Female,ashley32@yahoo.com
U02469,tyler41,20,Male,daniel72@yahoo.com
U02470,fadams,34,Male,hallkevin@gmail.com
U02471,marytaylor,27,Female,whitesandra@yahoo.com
U02472,adamjackson,30,Male,robert29@gmail.com
U02473,thomasmark,33,Male,floressarah@yahoo.com
U02474,garciaelizabeth,29,Female,dsmith@gmail.com
U02475,christopherrobinson,31,Male,samuel35@outlook.com
U02476,kramirez,16,Female,larry90@hotmail.com
U02477,andersonkenneth,33,Male,rmoore@gmail.com
U02478,joyceanderson,19,Female,edward52@gmail.com
U02479,carolyn65,24,Female,agonzalez@gmail.com
U02480,jacksonkelly,23,Female,dlopez@outlook.com
U02481,rcarter,30,Female,heatherhall@hotmail.com
U02482,robertmoore,34,Male,mlee@gmail.com
U02483,younga,17,Male,gonzalezbetty@hotmail.com
U02484,pscott,20,Male,brandon98@hotmail.com
U02485,smoore,20,Female,helenperez@outlook.com
U02486,maria31,33,Female,jacksonruth@hotmail.com
U02487,rebeccascott,19,Female,hallstephen@yahoo.com
U02488,barbaraadams,23,Female,kimberlyperez@hotmail.com
U02489,nancy60,23,Female,jacob99@gmail.com
U02490,jjones,30,Male,richard62@outlook.com
U02491,cynthia76,22,Female,swilson@gmail.com
U02492,anna67,17,Female,jclark@outlook.com
U02493,andersond,27,Male,lauren47@hotmail.com
U02494,catherinehill,31,Female,martinezjoseph@outlook.com
U02495,jerry49,15,Male,david58@outlook.com
U02496,melissaclark,22,Female,gwilliams@yahoo.com
U02497,allenemma,28,Female,sanchezmichael@outlook.com
U02498,hallj,27,Male,crodriguez@yahoo.com
U02499,lauren92,30,Female,hgarcia@gmail.com
U02500,allenm,25,Female,williamsdebra@outlook.com
U02501,bakerm,21,Female,lflores@outlook.com
U02502,aarongreen,25,Male,nelsonmaria@hotmail.com
U02503,frank17,18,Male,ascott@gmail.com
U02504,sanchezrebecca,15,Female,cbrown@gmail.com
U02505,hbaker,33,Male,timothy74@yahoo.com
U02506,jscott,30,Male,leecynthia@yahoo.com
U02507,mitchellc,17,Female,martinnathan@hotmail.com
U02508,hernandezdonna,33,Female,amy75@yahoo.com
U02509,bakerj,25,Male,laurajohnson@hotmail.com
U02510,harrispatricia,29,Female,floresthomas@outlook.com
U02511,hillsteven,26,Male,andersonjonathan@hotmail.com
U02512,tylerhall,19,Male,hcampbell@gmail.com
U02513,vsmith,31,Female,amanda84@yahoo.com
U02514,shirleynguyen,35,Female,dennis32@yahoo.com
U02515,bettylewis,15,Female,mbrown@yahoo.com
U02516,laurabrown,16,Female,elizabeth69@gmail.com
U02517,martinezstephanie,20,Female,kimberlyclark@yahoo.com
U02518,dorothycarter,31,Female,martinezdouglas@hotmail.com
U02519,egarcia,35,Female,ksmith@gmail.com
U02520,awalker,20,Male,smithsteven@gmail.com
U02521,brandondavis,22,Male,cartercarol@outlook.com
U02522,wilsone,23,Female,dennisgreen@yahoo.com
U02523,debrayoung,31,Female,smithbrian@hotmail.com
U02524,cwhite,20,Female,johnsonkimberly@gmail.com
U02525,thomasgeorge,29,Male,lmoore@outlook.com
U02526,bharris,22,Male,rodriguezjames@hotmail.com
U02527,sarah98,25,Female,dthompson@yahoo.com
U02528,garciam,31,Female,rachel47@hotmail.com
U02529,hallj,27,Male,kmartinez@hotmail.com
U02530,swhite,22,Female,martinezjose@yahoo.com
U02531,sanchezd,16,Female,helenflores@outlook.com
U02532,nguyeng,19,Male,youngrachel@yahoo.com
U02533,dhill,23,Male,george52@yahoo.com
U02534,joness,28,Female,sandraclark@yahoo.com
U02535,hillemma,34,Female,mitchellashley@yahoo.com
U02536,walkerc,32,Female,erobinson@outlook.com
U02537,douglasroberts,26,Male,davisscott@hotmail.com
U02538,taylorhenry,31,Male,matthew25@yahoo.com
U02539,ronaldsmith,19,Male,joyce37@hotmail.com
U02540,karen18,27,Female,anna84@yahoo.com
U02541,barbarawilson,33,Female,robertwilson@outlook.com
U02542,wrightadam,35,Male,williamnguyen@outlook.com
U02543,mitchelllisa,24,Female,justin42@yahoo.com
U02544,andersonk,22,Male,christina54@outlook.com
U02545,floreskelly,32,Female,kellytorres@gmail.com
U02546,ssmith,32,Female,dwhite@gmail.com
U02547,kings,28,Female,raymond19@hotmail.com
U02548,diane72,22,Female,riveradonald@hotmail.com
U02549,jacob89,21,Male,maria12@gmail.com
U02550,gonzalezamy,30,Female,youngchristopher@gmail.com
U02551,torresmaria,17,Female,david88@hotmail.com
U02552,jgonzalez,31,Male,davidgonzalez@yahoo.com
U02553,lewisj,23,Female,esmith@hotmail.com
U02554,lmitchell,15,Female,dianerodriguez@yahoo.com
U02555,frank62,15,Male,croberts@gmail.com
U02556,nathanroberts,32,Male,patriciahall@yahoo.com
U02557,brian34,23,Male,william09@hotmail.com
U02558,annamitchell,26,Female,slewis@hotmail.com
U02559,nnelson,22,Female,richard62@outlook.com
U02560,jamesnguyen,24,Male,amy40@hotmail.com
U02561,thomasm,15,Female,lopezjoshua@gmail.com
U02562,hernandezheather,27,Female,elizabethwhite@outlook.com
U02563,wrightjonathan,29,Male,tyler20@hotmail.com
U02564,ramirezrachel,24,Female,dianewilson@yahoo.com
U02565,brownb,19,Female,harold33@gmail.com
U02566,allenj,30,Female,patricia76@yahoo.com
U02567,floresf,34,Male,campbellcatherine@hotmail.com
U02568,mbaker,17,Male,dennismiller@hotmail.com
U02569,lperez,32,Female,jacob84@gmail.com
U02570,robinsondonna,16,Female,pjohnson@yahoo.com
U02571,jacob56,30,Male,walkerjustin@gmail.com
U02572,jeffrey18,17,Male,mitchelljerry@hotmail.com
U02573,vyoung,28,Female,stevenclark@yahoo.com
U02574,andersonmelissa,15,Female,brenda09@hotmail.com
U02575,garyscott,26,Male,jason66@outlook.com
U02576,sthomas,16,Female,tylerthomas@gmail.com
U02577,patrickking,19,Male,amanda54@hotmail.com
U02578,henrywilson,15,Male,davisashley@gmail.com
U02579,rodriguezg,19,Male,eperez@yahoo.com
U02580,cynthia86,33,Female,rdavis@yahoo.com
U02581,brivera,16,Male,drodriguez@hotmail.com
U02582,moorek,25,Female,andrewwilliams@hotmail.com
U02583,sandraallen,25,Female,njohnson@gmail.com
U02584,amanda37,35,Female,ojackson@hotmail.com
U02585,virginia86,20,Female,joshua63@outlook.com
U02586,dsmith,28,Female,aclark@hotmail.com
U02587,jacksonjames,29,Male,clarkpamela@gmail.com
U02588,jonesa,26,Male,johnsonpatrick@hotmail.com
U02589,jeffreyanderson,17,Male,nyoung@hotmail.com
U02590,ericlewis,26,Male,jackrodriguez@hotmail.com
U02591,donald51,21,Male,ptorres@gmail.com
U02592,margaret97,26,Female,laurarobinson@gmail.com
U02593,mitchellp,18,Female,ctorres@outlook.com
U02594,emma64,27,Female,davisjerry@yahoo.com
U02595,taylora,34,Female,douglassanchez@gmail.com
U02596,hlopez,16,Female,mariawalker@gmail.com
U02597,adamsa,15,Male,ghernandez@hotmail.com
U02598,gonzalezm,22,Female,walkercynthia@yahoo.com
U02599,williamsk,24,Female,rodriguezkelly@yahoo.com
U02600,floresdeborah,29,Female,hernandezeric@outlook.com
U02601,wrightpatrick,22,Male,david30@yahoo.com
U02602,fsmith,23,Male,donnagonzalez@yahoo.com
U02603,margaretmartin,19,Female,emily67@yahoo.com
U02604,julie20,25,Female,moorecatherine@hotmail.com
U02605,llewis,16,Female,hallbetty@gmail.com
U02606,john60,18,Male,wilsongary@yahoo.com
U02607,robertsjanet,35,Female,lewislinda@outlook.com
U02608,edwardcampbell,17,Male,tyler38@outlook.com
U02609,margaretscott,15,Female,jacobharris@hotmail.com
U02610,nicholas27,34,Male,charlescampbell@outlook.com
U02611,zacharyyoung,19,Male,rebeccaadams@outlook.com
U02612,ryan27,28,Male,betty55@yahoo.com
U02613,sancheza,22,Male,deborahthompson@outlook.com
U02614,donna67,17,Female,benjamin62@yahoo.com
U02615,froberts,33,Male,brenda69@hotmail.com
U02616,lrivera,34,Female,williamnguyen@hotmail.com
U02617,hallscott,24,Male,paulclark@outlook.com
U02618,mitchellt,19,Male,nicholas12@yahoo.com
U02619,justinrivera,32,Male,deborahmiller@hotmail.com
U02620,johnsmith,23,Male,bakergeorge@outlook.com
U02621,jose77,21,Male,lindamartin@yahoo.com
U02622,callen,29,Female,allenthomas@yahoo.com
U02623,eadams,29,Male,joseph84@hotmail.com
U02624,lindaharris,31,Female,shirleygonzalez@hotmail.com
U02625,mitchellc,24,Female,sarahmoore@gmail.com
U02626,hmoore,29,Female,timothy69@yahoo.com
U02627,bettysanchez,19,Female,cwright@yahoo.com
U02628,ronaldrodriguez,27,Male,alee@hotmail.com
U02629,youngc,23,Female,alee@hotmail.com
U02630,ntaylor,18,Female,ssmith@gmail.com
U02631,clarkshirley,25,Female,justin07@hotmail.com
U02632,amandataylor,27,Female,joshualopez@hotmail.com
U02633,justin70,31,Male,jmartinez@yahoo.com
U02634,angela39,15,Female,cwalker@gmail.com
U02635,gonzaleze,22,Male,smoore@yahoo.com
U02636,roberthall,20,Male,karen94@yahoo.com
U02637,moorem,17,Female,john98@outlook.com
U02638,torresamy,34,Female,catherinemoore@yahoo.com
U02639,george88,21,Male,jessica38@hotmail.com
U02640,acarter,21,Female,sallen@hotmail.com
U02641,steven12,33,Male,greensandra@gmail.com
U02642,lisa88,15,Female,martinezjonathan@gmail.com
U02643,kingdouglas,26,Male,rking@gmail.com
U02644,christopherwilliams,24,Male,bmitchell@outlook.com
U02645,robinsons,32,Female,patrick84@hotmail.com
U02646,bakerlauren,23,Female,ronaldsmith@yahoo.com
U02647,moorer,31,Female,hernandezadam@yahoo.com
U02648,adamsc,15,Female,riveradennis@hotmail.com
U02649,walkero,28,Female,edward56@yahoo.com
U02650,nancynguyen,27,Female,jgarcia@gmail.com
U02651,jerry58,24,Male,cperez@hotmail.com
U02652,martinezharold,28,Male,dcampbell@yahoo.com
U02653,brandonallen,29,Male,joshua29@outlook.com
U02654,kmoore,28,Male,jnelson@hotmail.com
U02655,dorothyrivera,33,Female,dorothylewis@outlook.com
U02656,kinge,21,Female,kflores@gmail.com
U02657,jonesn,29,Male,thomaslee@gmail.com
U02658,ncarter,31,Female,kevinsanchez@yahoo.com
U02659,kingmargaret,28,Female,robert61@outlook.com
U02660,justinsanchez,22,Male,georgedavis@gmail.com
U02661,wrightpeter,32,Male,lauren82@outlook.com
U02662,syoung,15,Male,jerry97@gmail.com
U02663,jrodriguez,29,Male,hmartinez@yahoo.com
U02664,arivera,22,Male,deborah77@outlook.com
U02665,robert72,25,Male,allendouglas@outlook.com
U02666,brianhall,25,Male,christine56@yahoo.com
U02667,richard52,21,Male,dwilliams@hotmail.com
U02668,adamst,26,Male,patriciaflores@yahoo.com
U02669,martinj,23,Female,sarahwilson@gmail.com
U02670,peterwalker,24,Male,pamela29@hotmail.com
U02671,jonathan24,27,Male,dorothy50@gmail.com
U02672,helenlewis,29,Female,ruthmartinez@hotmail.com
U02673,ajackson,28,Female,torresmary@gmail.com
U02674,mjohnson,28,Female,jrodriguez@hotmail.com
U02675,nicholasnelson,30,Male,anguyen@hotmail.com
U02676,riveradouglas,34,Male,dlewis@gmail.com
U02677,thomas21,16,Male,whitenancy@hotmail.com
U02678,dmartin,22,Male,heathermitchell@gmail.com
U02679,anguyen,32,Female,michaelrobinson@hotmail.com
U02680,taylorcarolyn,30,Female,shirleydavis@hotmail.com
U02681,garymoore,35,Male,nathanjones@gmail.com
U02682,hernandezz,20,Male,stephaniemiller@gmail.com
U02683,tyler48,22,Male,stephaniewalker@gmail.com
U02684,aaronlewis,30,Male,arodriguez@yahoo.com
U02685,gonzalezashley,35,Female,ngreen@gmail.com
U02686,sgonzalez,18,Male,zrobinson@outlook.com
U02687,barbara27,28,Female,sanchezbrenda@hotmail.com
U02688,rodrigueztyler,19,Male,jonathan75@gmail.com
U02689,jscott,29,Male,jennifer79@gmail.com
U02690,joneshelen,29,Female,carol35@outlook.com
U02691,florespatricia,24,Female,groberts@gmail.com
U02692,lauren65,27,Female,aharris@gmail.com
U02693,rodriguezdennis,30,Male,ttorres@hotmail.com
U02694,carteremma,26,Female,jenniferbaker@outlook.com
U02695,williamsscott,24,Male,scottlauren@gmail.com
U02696,barbara36,25,Female,hjackson@hotmail.com
U02697,wrightnancy,19,Female,smithmargaret@outlook.com
U02698,swhite,17,Male,shirleymitchell@gmail.com
U02699,emma29,24,Female,ddavis@outlook.com
U02700,barbararodriguez,21,Female,justinsmith@hotmail.com
U02701,gadams,29,Male,matthewallen@gmail.com
U02702,campbellr,16,Male,thomaspatricia@hotmail.com
U02703,jonesdavid,25,Male,walkerhenry@outlook.com
U02704,scottg,15,Male,douglasmiller@outlook.com
U02705,sarahperez,24,Female,adamsjose@gmail.com
U02706,christinegonzalez,33,Female,jack22@yahoo.com
U02707,lindalopez,16,Female,georgeallen@hotmail.com
U02708,douglas31,25,Male,milleranna@hotmail.com
U02709,edwardwalker,27,Male,jonesbenjamin@hotmail.com
U02710,sanchezhenry,18,Male,mitchelledward@yahoo.com
U02711,andrew14,19,Male,nguyenryan@yahoo.com
U02712,timothyrodriguez,26,Male,matthew94@gmail.com
U02713,wrightsteven,21,Male,torresjeffrey@yahoo.com
U02714,danielking,26,Male,katherinewilson@yahoo.com
U02715,jacksondebra,28,Female,jasonmartin@outlook.com
U02716,ramirezlaura,34,Female,enguyen@outlook.com
U02717,mitchelld,23,Male,athomas@outlook.com
U02718,raymond80,23,Male,brianflores@yahoo.com
U02719,chall,17,Female,aaronwhite@gmail.com
U02720,whitel,27,Female,josephflores@outlook.com
U02721,whitejacob,23,Male,nguyenaaron@hotmail.com
U02722,hmoore,29,Female,angelalee@yahoo.com
U02723,jhall,32,Male,cartersteven@hotmail.com
U02724,mrivera,24,Male,lauren19@hotmail.com
U02725,ehernandez,30,Female,adamsdiane@outlook.com
U02726,andrew94,25,Male,scottjose@outlook.com
U02727,millert,28,Male,jacksonpaul@outlook.com
U02728,thompsonr,28,Male,cmiller@yahoo.com
U02729,johnsondonald,15,Male,mrodriguez@gmail.com
U02730,moorer,15,Male,walkernathan@gmail.com
U02731,wilsonpamela,23,Female,donaldjackson@yahoo.com
U02732,nancy92,27,Female,cmartinez@yahoo.com
U02733,sanchezmaria,26,Female,kimberlymiller@yahoo.com
U02734,torresr,21,Male,nelsonmaria@gmail.com
U02735,cjackson,27,Female,daniel52@outlook.com
U02736,wilsonsandra,32,Female,kdavis@gmail.com
U02737,brianroberts,20,Male,marksanchez@yahoo.com
U02738,matthew39,17,Male,jwilson@outlook.com
U02739,jonathanmiller,23,Male,carolyn69@hotmail.com
U02740,ramirezh,17,Male,jason09@hotmail.com
U02741,jacksonj,27,Male,deborah10@gmail.com
U02742,hernandezkelly,35,Female,jessica53@outlook.com
U02743,mitchellj,32,Female,williamsemily@hotmail.com
U02744,steven52,21,Male,taylorlisa@gmail.com
U02745,bramirez,21,Female,betty12@outlook.com
U02746,timothy20,32,Male,swalker@gmail.com
U02747,rodriguezp,21,Male,sharonmartin@yahoo.com
U02748,lisaking,15,Female,jgarcia@yahoo.com
U02749,sarahyoung,25,Female,nhill@outlook.com
U02750,jacksondeborah,30,Female,emily30@gmail.com
U02751,hdavis,24,Female,torresdonald@yahoo.com
U02752,brianjackson,18,Male,thomaskathleen@hotmail.com
U02753,rhill,16,Female,dlopez@gmail.com
U02754,hernandezcarol,26,Female,pamela63@hotmail.com
U02755,bwhite,19,Male,angelajones@outlook.com
U02756,hilld,28,Female,betty28@gmail.com
U02757,emma99,18,Female,lewishenry@outlook.com
U02758,allenheather,26,Female,hlopez@gmail.com
U02759,ronald93,27,Male,awhite@hotmail.com
U02760,johnnelson,30,Male,adamsjustin@gmail.com
U02761,adamsnicholas,27,Male,eric89@outlook.com
U02762,clarkb,15,Male,kimberly86@hotmail.com
U02763,amartinez,19,Female,jose24@gmail.com
U02764,andersons,20,Female,paullopez@yahoo.com
U02765,walkerandrew,32,Male,jessica45@hotmail.com
U02766,david80,23,Male,zacharyhill@yahoo.com
U02767,haroldthomas,18,Male,carolynroberts@yahoo.com
U02768,robertsl,19,Female,ashleyrodriguez@outlook.com
U02769,fnelson,35,Male,williamsnancy@outlook.com
U02770,haroldwright,19,Male,michaelmartin@hotmail.com
U02771,floreswilliam,24,Male,samanthacarter@gmail.com
U02772,brenda68,30,Female,greenshirley@gmail.com
U02773,bakern,35,Male,jeffreyjohnson@yahoo.com
U02774,riverakatherine,32,Female,scottharold@gmail.com
U02775,jnelson,22,Male,nicholas92@outlook.com
U02776,blee,25,Female,samantha75@hotmail.com
U02777,pmitchell,20,Female,emilyramirez@gmail.com
U02778,shill,19,Female,jharris@gmail.com
U02779,cthomas,28,Female,pamela47@outlook.com
U02780,kmartinez,27,Male,danielanderson@gmail.com
U02781,briananderson,19,Male,emoore@outlook.com
U02782,brandon47,35,Male,robinsonscott@outlook.com
U02783,jacksonanna,15,Female,mitchelljacob@hotmail.com
U02784,nicholas14,24,Male,charlesrobinson@yahoo.com
U02785,thomask,25,Male,anthonylee@hotmail.com
U02786,jnguyen,24,Female,brian72@outlook.com
U02787,charleswhite,23,Male,carterjacob@yahoo.com
U02788,thompsondonna,34,Female,mgarcia@yahoo.com
U02789,johnsona,16,Male,hsanchez@gmail.com
U02790,jacksong,18,Male,andrew03@hotmail.com
U02791,annaroberts,29,Female,abaker@yahoo.com
U02792,mwalker,34,Female,rodriguezjeffrey@gmail.com
U02793,justinhernandez,22,Male,scott99@hotmail.com
U02794,clarkr,19,Male,millerrichard@yahoo.com
U02795,andersonb,26,Male,jennifer77@gmail.com
U02796,john84,35,Male,millerhenry@yahoo.com
U02797,carolyn96,27,Female,cynthiayoung@hotmail.com
U02798,lewisj,15,Female,debramartinez@gmail.com
U02799,sarahmitchell,21,Female,jadams@outlook.com
U02800,kharris,24,Male,shirley31@outlook.com
U02801,carterpaul,34,Male,rebecca89@gmail.com
U02802,sharon64,30,Female,jthompson@outlook.com
U02803,torresj,19,Male,dhall@hotmail.com
U02804,raymondjones,28,Male,joshua31@gmail.com
U02805,sscott,30,Female,mharris@outlook.com
U02806,rodriguezdonald,25,Male,youngsharon@hotmail.com
U02807,timothy76,19,Male,allenamanda@outlook.com
U02808,jacksone,17,Female,brandon02@gmail.com
U02809,pereza,29,Male,wrightpamela@yahoo.com
U02810,christopher65,21,Male,knelson@outlook.com
U02811,jacob78,19,Male,ayoung@yahoo.com
U02812,jonespamela,25,Female,kelly17@gmail.com
U02813,raymond59,23,Male,kennethhall@outlook.com
U02814,jeffreyanderson,28,Male,debramartinez@yahoo.com
U02815,sandra72,26,Female,rsanchez@outlook.com
U02816,shirley75,23,Female,ashleyramirez@yahoo.com
U02817,olivia12,26,Female,jose17@hotmail.com
U02818,sarah63,33,Female,wrightjerry@gmail.com
U02819,jrodriguez,28,Male,amyyoung@yahoo.com
U02820,jeffrey37,34,Male,mooresharon@gmail.com
U02821,jasonnelson,24,Male,gmartinez@hotmail.com
U02822,joycehall,32,Female,thompsonlarry@outlook.com
U02823,virginiaking,18,Female,johnsondouglas@yahoo.com
U02824,scottjeffrey,24,Male,thomashelen@outlook.com
U02825,frank44,33,Male,trivera@outlook.com
U02826,gonzalezstephanie,15,Female,rodriguezstephanie@outlook.com
U02827,williamrodriguez,18,Male,carolynbrown@hotmail.com
U02828,taylorjose,27,Male,ecarter@outlook.com
U02829,allend,15,Female,sanchezemily@gmail.com
U02830,joyce91,15,Female,emily55@yahoo.com
U02831,emilytorres,28,Female,dianegonzalez@hotmail.com
U02832,haroldwilson,33,Male,carolyn00@gmail.com
U02833,stephanie70,24,Female,samantha91@gmail.com
U02834,patrickallen,31,Male,larry81@gmail.com
U02835,emily18,16,Female,aaron65@hotmail.com
U02836,matthewking,25,Male,sallen@yahoo.com
U02837,dorothythompson,29,Female,ronald79@gmail.com
U02838,christina58,31,Female,zacharydavis@outlook.com
U02839,hillharold,17,Male,orobinson@gmail.com
U02840,frankmiller,30,Male,awhite@outlook.com
U02841,etorres,18,Female,harriscarolyn@hotmail.com
U02842,edwardjones,20,Male,leeangela@hotmail.com
U02843,thompsonk,21,Female,thomasnguyen@outlook.com
U02844,anna41,19,Female,jacobthomas@yahoo.com
U02845,ronaldnelson,27,Male,haroldroberts@outlook.com
U02846,gregory79,17,Male,ramirezlauren@outlook.com
U02847,james75,21,Male,ehernandez@yahoo.com
U02848,scottemma,28,Female,nicholas08@hotmail.com
U02849,thomas57,25,Male,nmiller@gmail.com
U02850,torresjonathan,15,Male,campbellolivia@outlook.com
U02851,twalker,30,Male,kelly96@gmail.com
U02852,drodriguez,19,Female,melissa49@yahoo.com
U02853,jeffreygarcia,15,Male,martinezrichard@hotmail.com
U02854,jacksongregory,24,Male,obaker@hotmail.com
U02855,scarter,30,Female,christina86@outlook.com
U02856,carolyn65,26,Female,nsanchez@outlook.com
U02857,nflores,16,Female,jessicathomas@hotmail.com
U02858,riverabrandon,15,Male,kennethjackson@outlook.com
U02859,gonzalezbrandon,29,Male,stevengarcia@gmail.com
U02860,alexandersmith,34,Male,hallpatrick@outlook.com
U02861,mdavis,16,Female,samantha75@gmail.com
U02862,catherinehall,16,Female,tsanchez@yahoo.com
U02863,nwilliams,15,Male,frankscott@yahoo.com
U02864,robinsonnicole,25,Female,jeffreylee@yahoo.com
U02865,nicole23,17,Female,margaretsanchez@gmail.com
U02866,krivera,22,Female,harriscarol@yahoo.com
U02867,youngdavid,21,Male,rachelnelson@outlook.com
U02868,martinc,31,Male,rtaylor@yahoo.com
U02869,williamsjames,24,Male,robert50@gmail.com
U02870,dianejohnson,27,Female,ashleyjohnson@hotmail.com
U02871,davisgary,19,Male,brownshirley@yahoo.com
U02872,jadams,28,Female,kimberly97@yahoo.com
U02873,campbellm,16,Male,richard76@yahoo.com
U02874,jessica10,31,Female,wrightheather@yahoo.com
U02875,perezb,23,Female,lopezpamela@gmail.com
U02876,aanderson,23,Male,aramirez@yahoo.com
U02877,adamsa,20,Female,sgarcia@yahoo.com
U02878,nathan83,26,Male,hrobinson@hotmail.com
U02879,douglasrivera,26,Male,garciajanet@hotmail.com
U02880,hflores,15,Male,christinagonzalez@outlook.com
U02881,stephen25,18,Male,anelson@yahoo.com
U02882,kjohnson,26,Female,debra54@outlook.com
U02883,rodriguezs,30,Female,kwilson@yahoo.com
U02884,ecampbell,15,Female,jroberts@yahoo.com
U02885,ehernandez,20,Female,ramirezhenry@gmail.com
U02886,stephanie60,35,Female,klopez@gmail.com
U02887,thomase,33,Female,sarahmiller@hotmail.com
U02888,cynthia65,30,Female,emily48@hotmail.com
U02889,georgemitchell,32,Male,benjamin09@hotmail.com
U02890,kelly59,18,Female,patricia74@yahoo.com
U02891,henry60,33,Male,christine68@outlook.com
U02892,ericramirez,24,Male,ruth46@gmail.com
U02893,hillandrew,23,Male,susanlewis@outlook.com
U02894,samanthaanderson,16,Female,helen75@yahoo.com
U02895,patrickmartinez,18,Male,thomas64@outlook.com
U02896,ltorres,23,Female,adamsdeborah@hotmail.com
U02897,gonzalezm,20,Male,edavis@gmail.com
U02898,youngjames,16,Male,rrodriguez@yahoo.com
U02899,khall,19,Female,patrick60@hotmail.com
U02900,victoria21,30,Female,bsanchez@hotmail.com
U02901,campbelll,23,Female,virginiayoung@hotmail.com
U02902,sandrataylor,26,Female,sharris@outlook.com
U02903,nelsonb,31,Female,ronaldjackson@yahoo.com
U02904,clarklisa,35,Female,sanchezhenry@hotmail.com
U02905,hnelson,15,Male,patrickking@gmail.com
U02906,adamsj,20,Male,nancywilson@hotmail.com
U02907,halls,28,Male,williamthompson@hotmail.com
U02908,williamspatrick,26,Male,mooresarah@outlook.com
U02909,gonzalezryan,16,Male,kelly77@yahoo.com
U02910,mitchellsandra,29,Female,marianguyen@hotmail.com
U02911,sjohnson,22,Male,andrew71@hotmail.com
U02912,debrarodriguez,16,Female,scott02@yahoo.com
U02913,andersoncarol,21,Female,robinsonvictoria@hotmail.com
U02914,carterbrandon,30,Male,charles92@gmail.com
U02915,raymondthompson,22,Male,hernandezstephen@hotmail.com
U02916,kscott,23,Female,virginia85@hotmail.com
U02917,youngg,31,Male,timothyscott@hotmail.com
U02918,etaylor,25,Female,hilldavid@gmail.com
U02919,elizabeth95,18,Female,fthompson@yahoo.com
U02920,walkert,28,Male,millermaria@outlook.com
U02921,harrissteven,29,Male,mgarcia@hotmail.com
U02922,jcampbell,28,Female,nicholas22@outlook.com
U02923,jallen,31,Female,thernandez@gmail.com
U02924,scottramirez,17,Male,katherine79@hotmail.com
U02925,lindamartin,30,Female,perezamy@yahoo.com
U02926,bakersandra,29,Female,emma35@yahoo.com
U02927,amanda94,31,Female,melissamartinez@yahoo.com
U02928,whitejoshua,27,Male,lisa92@yahoo.com
U02929,thomas56,23,Male,peter59@yahoo.com
U02930,paul13,25,Male,taylordorothy@gmail.com
U02931,floressharon,22,Female,kgarcia@yahoo.com
U02932,debra23,18,Female,rclark@gmail.com
U02933,zperez,27,Male,jhernandez@gmail.com
U02934,mitchelld,34,Male,andersonjennifer@yahoo.com
U02935,thomass,33,Male,jonesvirginia@outlook.com
U02936,heatherwalker,28,Female,arodriguez@outlook.com
U02937,jacksons,29,Male,annaflores@gmail.com
U02938,stevenmoore,16,Male,jlopez@yahoo.com
U02939,garyscott,32,Male,oliviawilson@hotmail.com
U02940,slee,20,Male,carterzachary@gmail.com
U02941,james36,23,Male,josebaker@outlook.com
U02942,wrightbarbara,35,Female,samantha69@gmail.com
U02943,scottadam,22,Male,zacharylopez@gmail.com
U02944,donaldmoore,22,Male,wrightmatthew@yahoo.com
U02945,wrightd,18,Male,kevin30@yahoo.com
U02946,pcarter,17,Male,davissusan@outlook.com
U02947,ashleywright,15,Female,mhall@yahoo.com
U02948,jack85,29,Male,youngamanda@outlook.com
U02949,johnthompson,16,Male,nicholas91@gmail.com
U02950,daviscynthia,15,Female,jonathanscott@gmail.com
U02951,robinsona,20,Male,jack97@gmail.com
U02952,michelle43,35,Female,ahill@yahoo.com
U02953,davisdeborah,25,Female,ramirezdouglas@gmail.com
U02954,bakerj,29,Female,bclark@yahoo.com
U02955,sanchezbrian,33,Male,asanchez@outlook.com
U02956,whitegeorge,15,Male,douglasmiller@outlook.com
U02957,patrick37,20,Male,stephanieharris@hotmail.com
U02958,youngnancy,27,Female,shirley00@hotmail.com
U02959,edward22,29,Male,briangreen@gmail.com
U02960,andersonn,24,Male,wrighttyler@outlook.com
U02961,kjohnson,23,Female,bharris@outlook.com
U02962,scotttimothy,21,Male,jjohnson@yahoo.com
U02963,patrickanderson,27,Male,thompsonemma@yahoo.com
U02964,cwalker,35,Male,raymond28@hotmail.com
U02965,harrismichael,23,Male,millersandra@outlook.com
U02966,charlesmoore,31,Male,susan02@gmail.com
U02967,heathersanchez,33,Female,mariawalker@outlook.com
U02968,florese,24,Female,brownkimberly@yahoo.com
U02969,davisj,30,Male,heatherclark@outlook.com
U02970,brandonwright,32,Male,jsmith@gmail.com
U02971,abaker,35,Male,thomasdiane@outlook.com
U02972,scott56,20,Male,zachary95@outlook.com
U02973,hillmichelle,34,Female,jennifer64@gmail.com
U02974,halln,31,Male,nguyenolivia@outlook.com
U02975,denniswilson,18,Male,lindajones@outlook.com
U02976,harrisjoseph,20,Male,adavis@gmail.com
U02977,emma15,23,Female,lhill@yahoo.com
U02978,brian47,34,Male,susanroberts@yahoo.com
U02979,hilld,22,Female,emmadavis@outlook.com
U02980,benjamin28,34,Male,helenperez@outlook.com
U02981,frank33,34,Male,njones@hotmail.com
U02982,millerkelly,20,Female,williamsaaron@outlook.com
U02983,millerk,26,Female,nicholaslee@gmail.com
U02984,brownheather,21,Female,johnroberts@outlook.com
U02985,justin99,35,Male,nguyenpatrick@outlook.com
U02986,mitchellb,16,Female,dlopez@gmail.com
U02987,heathergonzalez,35,Female,adam65@gmail.com
U02988,bwalker,21,Male,zachary61@yahoo.com
U02989,jacksoncarolyn,22,Female,rodriguezbrandon@yahoo.com
U02990,floresrachel,18,Female,browndebra@yahoo.com
U02991,kennethmartin,28,Male,joycewright@hotmail.com
U02992,donna80,20,Female,nelsonjoshua@gmail.com
U02993,ruthcarter,22,Female,chill@outlook.com
U02994,jnelson,17,Female,deborahjones@outlook.com
U02995,aarontorres,34,Male,brandon44@yahoo.com
U02996,leerobert,29,Male,leescott@gmail.com
U02997,christineroberts,17,Female,amandagonzalez@outlook.com
U02998,torrescatherine,20,Female,wgreen@yahoo.com
U02999,snguyen,27,Female,kimberlylopez@yahoo.com
U03000,harrisj,22,Male,nicholas08@yahoo.com
